record_type,metric_table,run_section,artifact_name,metric_key,value,value_type,source_file,status,section_type,epoch,step,tag,metric_name
section_status,section,strategy_tht_run,run,status,ok,str,outputs/save_data/ryc/tht_tripgen_20260212_234749,ok,run,,,,
section_file,section,strategy_tht_run,run,file.size_bytes,4096,int,outputs/save_data/ryc/tht_tripgen_20260212_234749,ok,run,,,,
section_file,section,strategy_tht_run,run,file.sha256,,str,outputs/save_data/ryc/tht_tripgen_20260212_234749,ok,run,,,,
section_metric,metrics,strategy_tht_run,run,run_dir,outputs/save_data/ryc/tht_tripgen_20260212_234749,str,outputs/save_data/ryc/tht_tripgen_20260212_234749,ok,run,,,,
section_metric,metrics,strategy_tht_run,run,run_name,tht_tripgen_20260212_234749,str,outputs/save_data/ryc/tht_tripgen_20260212_234749,ok,run,,,,
section_metric,metrics,strategy_tht_run,run,model_type,tht_tripgen,str,outputs/save_data/ryc/tht_tripgen_20260212_234749,ok,run,,,,
section_metric,metrics,strategy_tht_run,run,config.THT_EPOCHS,30,int,outputs/save_data/ryc/tht_tripgen_20260212_234749,ok,run,,,,
section_metric,metrics,strategy_tht_run,run,config.THT_BATCH_SIZE,4096,int,outputs/save_data/ryc/tht_tripgen_20260212_234749,ok,run,,,,
section_metric,metrics,strategy_tht_run,run,config.THT_LR,0.0003,float,outputs/save_data/ryc/tht_tripgen_20260212_234749,ok,run,,,,
section_metric,metrics,strategy_tht_run,run,config.THT_WEIGHT_DECAY,0.0,float,outputs/save_data/ryc/tht_tripgen_20260212_234749,ok,run,,,,
section_metric,metrics,strategy_tht_run,run,config.THT_GRAD_CLIP_NORM,2.0,float,outputs/save_data/ryc/tht_tripgen_20260212_234749,ok,run,,,,
section_metric,metrics,strategy_tht_run,run,config.PATIENCE,8,int,outputs/save_data/ryc/tht_tripgen_20260212_234749,ok,run,,,,
section_metric,metrics,strategy_tht_run,run,config.MIN_DELTA,0.0001,float,outputs/save_data/ryc/tht_tripgen_20260212_234749,ok,run,,,,
section_metric,metrics,strategy_tht_run,run,config.THT_USE_PASSENGER_COUNT,True,bool,outputs/save_data/ryc/tht_tripgen_20260212_234749,ok,run,,,,
section_metric,metrics,strategy_tht_run,run,config.THT_USE_TOTAL_AMOUNT,True,bool,outputs/save_data/ryc/tht_tripgen_20260212_234749,ok,run,,,,
section_metric,metrics,strategy_tht_run,run,config.THT_COND_EMB_DIM,16,int,outputs/save_data/ryc/tht_tripgen_20260212_234749,ok,run,,,,
section_metric,metrics,strategy_tht_run,run,config.THT_TIME_EMB_DIM,16,int,outputs/save_data/ryc/tht_tripgen_20260212_234749,ok,run,,,,
section_metric,metrics,strategy_tht_run,run,config.THT_ORIGIN_EMB_DIM,32,int,outputs/save_data/ryc/tht_tripgen_20260212_234749,ok,run,,,,
section_metric,metrics,strategy_tht_run,run,config.THT_MODEL_HIDDEN,256,int,outputs/save_data/ryc/tht_tripgen_20260212_234749,ok,run,,,,
section_metric,metrics,strategy_tht_run,run,config.THT_MODEL_LAYERS,3,int,outputs/save_data/ryc/tht_tripgen_20260212_234749,ok,run,,,,
section_metric,metrics,strategy_tht_run,run,config.THT_MODEL_DROPOUT,0.1,float,outputs/save_data/ryc/tht_tripgen_20260212_234749,ok,run,,,,
section_status,section,strategy_tht_checkpoint,checkpoint,status,ok,str,outputs/save_data/ryc/tht_tripgen_20260212_234749/tht_tripgen.pt,ok,checkpoint,,,,
section_file,section,strategy_tht_checkpoint,checkpoint,file.size_bytes,11514481,int,outputs/save_data/ryc/tht_tripgen_20260212_234749/tht_tripgen.pt,ok,checkpoint,,,,
section_file,section,strategy_tht_checkpoint,checkpoint,file.sha256,d572ea12e8d3601e7d06639cce2109f116db97a3039b81857b2a18f8bdcc7a2b,str,outputs/save_data/ryc/tht_tripgen_20260212_234749/tht_tripgen.pt,ok,checkpoint,,,,
section_metric,metrics,strategy_tht_checkpoint,checkpoint,epoch,30,int,outputs/save_data/ryc/tht_tripgen_20260212_234749/tht_tripgen.pt,ok,checkpoint,,,,
section_metric,metrics,strategy_tht_checkpoint,checkpoint,payload_keys[0],epoch,str,outputs/save_data/ryc/tht_tripgen_20260212_234749/tht_tripgen.pt,ok,checkpoint,,,,
section_metric,metrics,strategy_tht_checkpoint,checkpoint,payload_keys[1],meta,str,outputs/save_data/ryc/tht_tripgen_20260212_234749/tht_tripgen.pt,ok,checkpoint,,,,
section_metric,metrics,strategy_tht_checkpoint,checkpoint,payload_keys[2],metrics,str,outputs/save_data/ryc/tht_tripgen_20260212_234749/tht_tripgen.pt,ok,checkpoint,,,,
section_metric,metrics,strategy_tht_checkpoint,checkpoint,payload_keys[3],model_state,str,outputs/save_data/ryc/tht_tripgen_20260212_234749/tht_tripgen.pt,ok,checkpoint,,,,
section_metric,metrics,strategy_tht_checkpoint,checkpoint,payload_keys[4],optimizer_state,str,outputs/save_data/ryc/tht_tripgen_20260212_234749/tht_tripgen.pt,ok,checkpoint,,,,
section_metric,metrics,strategy_tht_checkpoint,checkpoint,has_model_state,True,bool,outputs/save_data/ryc/tht_tripgen_20260212_234749/tht_tripgen.pt,ok,checkpoint,,,,
section_metric,metrics,strategy_tht_checkpoint,checkpoint,has_optimizer_state,True,bool,outputs/save_data/ryc/tht_tripgen_20260212_234749/tht_tripgen.pt,ok,checkpoint,,,,
section_metric,metrics,strategy_tht_checkpoint,checkpoint,meta.num_zones,262,int,outputs/save_data/ryc/tht_tripgen_20260212_234749/tht_tripgen.pt,ok,checkpoint,,,,
section_metric,metrics,strategy_tht_checkpoint,checkpoint,meta.num_time_bins,24,int,outputs/save_data/ryc/tht_tripgen_20260212_234749/tht_tripgen.pt,ok,checkpoint,,,,
section_metric,metrics,strategy_tht_checkpoint,checkpoint,meta.conditional_cardinalities.dow_idx,6,int,outputs/save_data/ryc/tht_tripgen_20260212_234749/tht_tripgen.pt,ok,checkpoint,,,,
section_metric,metrics,strategy_tht_checkpoint,checkpoint,meta.zone_embeddings_source,Ecomb,str,outputs/save_data/ryc/tht_tripgen_20260212_234749/tht_tripgen.pt,ok,checkpoint,,,,
section_metric,metrics,strategy_tht_checkpoint,checkpoint,meta.zone_embeddings_dim,128,int,outputs/save_data/ryc/tht_tripgen_20260212_234749/tht_tripgen.pt,ok,checkpoint,,,,
section_metric,metrics,strategy_tht_checkpoint,checkpoint,meta.zone_embeddings_path,outputs/topology_cache/Ecomb.pt,str,outputs/save_data/ryc/tht_tripgen_20260212_234749/tht_tripgen.pt,ok,checkpoint,,,,
section_metric,metrics,strategy_tht_checkpoint,checkpoint,meta.cond_emb_dim,16,int,outputs/save_data/ryc/tht_tripgen_20260212_234749/tht_tripgen.pt,ok,checkpoint,,,,
section_metric,metrics,strategy_tht_checkpoint,checkpoint,meta.time_emb_dim,16,int,outputs/save_data/ryc/tht_tripgen_20260212_234749/tht_tripgen.pt,ok,checkpoint,,,,
section_metric,metrics,strategy_tht_checkpoint,checkpoint,meta.origin_emb_dim,32,int,outputs/save_data/ryc/tht_tripgen_20260212_234749/tht_tripgen.pt,ok,checkpoint,,,,
section_metric,metrics,strategy_tht_checkpoint,checkpoint,meta.context_mlp_hidden,256,int,outputs/save_data/ryc/tht_tripgen_20260212_234749/tht_tripgen.pt,ok,checkpoint,,,,
section_metric,metrics,strategy_tht_checkpoint,checkpoint,meta.context_mlp_layers,3,int,outputs/save_data/ryc/tht_tripgen_20260212_234749/tht_tripgen.pt,ok,checkpoint,,,,
section_metric,metrics,strategy_tht_checkpoint,checkpoint,meta.dropout,0.1,float,outputs/save_data/ryc/tht_tripgen_20260212_234749/tht_tripgen.pt,ok,checkpoint,,,,
section_metric,metrics,strategy_tht_checkpoint,checkpoint,meta.destination_head_type,embedding_softmax,str,outputs/save_data/ryc/tht_tripgen_20260212_234749/tht_tripgen.pt,ok,checkpoint,,,,
section_metric,metrics,strategy_tht_checkpoint,checkpoint,meta.hybrid_residual_hidden,128,int,outputs/save_data/ryc/tht_tripgen_20260212_234749/tht_tripgen.pt,ok,checkpoint,,,,
section_metric,metrics,strategy_tht_checkpoint,checkpoint,meta.hybrid_residual_weight_init,1.0,float,outputs/save_data/ryc/tht_tripgen_20260212_234749/tht_tripgen.pt,ok,checkpoint,,,,
section_metric,metrics,strategy_tht_checkpoint,checkpoint,meta.use_passenger_count,True,bool,outputs/save_data/ryc/tht_tripgen_20260212_234749/tht_tripgen.pt,ok,checkpoint,,,,
section_metric,metrics,strategy_tht_checkpoint,checkpoint,meta.passenger_cardinality,10,int,outputs/save_data/ryc/tht_tripgen_20260212_234749/tht_tripgen.pt,ok,checkpoint,,,,
section_metric,metrics,strategy_tht_checkpoint,checkpoint,meta.use_total_amount,True,bool,outputs/save_data/ryc/tht_tripgen_20260212_234749/tht_tripgen.pt,ok,checkpoint,,,,
section_metric,metrics,strategy_tht_checkpoint,checkpoint,meta.total_amount_sigma_floor,0.0001,float,outputs/save_data/ryc/tht_tripgen_20260212_234749/tht_tripgen.pt,ok,checkpoint,,,,
section_metric,metrics,strategy_tht_checkpoint,checkpoint,meta.min_r_eps,1e-06,float,outputs/save_data/ryc/tht_tripgen_20260212_234749/tht_tripgen.pt,ok,checkpoint,,,,
section_metric,metrics,strategy_tht_checkpoint,checkpoint,meta.residual_num_layers,5,int,outputs/save_data/ryc/tht_tripgen_20260212_234749/tht_tripgen.pt,ok,checkpoint,,,,
section_metric,metrics,strategy_tht_checkpoint,checkpoint,meta.residual_num_bins,8,int,outputs/save_data/ryc/tht_tripgen_20260212_234749/tht_tripgen.pt,ok,checkpoint,,,,
section_metric,metrics,strategy_tht_checkpoint,checkpoint,meta.residual_context_hidden,256,int,outputs/save_data/ryc/tht_tripgen_20260212_234749/tht_tripgen.pt,ok,checkpoint,,,,
section_metric,metrics,strategy_tht_checkpoint,checkpoint,meta.residual_min_bin_width,0.001,float,outputs/save_data/ryc/tht_tripgen_20260212_234749/tht_tripgen.pt,ok,checkpoint,,,,
section_metric,metrics,strategy_tht_checkpoint,checkpoint,meta.residual_min_bin_height,0.001,float,outputs/save_data/ryc/tht_tripgen_20260212_234749/tht_tripgen.pt,ok,checkpoint,,,,
section_metric,metrics,strategy_tht_checkpoint,checkpoint,meta.residual_min_deriv,0.001,float,outputs/save_data/ryc/tht_tripgen_20260212_234749/tht_tripgen.pt,ok,checkpoint,,,,
section_metric,metrics,strategy_tht_checkpoint,checkpoint,meta.residual_eps,1e-06,float,outputs/save_data/ryc/tht_tripgen_20260212_234749/tht_tripgen.pt,ok,checkpoint,,,,
section_metric,metrics,strategy_tht_checkpoint,checkpoint,metrics.best_val,11.737275123596191,float,outputs/save_data/ryc/tht_tripgen_20260212_234749/tht_tripgen.pt,ok,checkpoint,,,,
section_metric,metrics,strategy_tht_checkpoint,checkpoint,state_keys[0],epoch,str,outputs/save_data/ryc/tht_tripgen_20260212_234749/tht_tripgen.pt,ok,checkpoint,,,,
section_metric,metrics,strategy_tht_checkpoint,checkpoint,state_keys[1],meta,str,outputs/save_data/ryc/tht_tripgen_20260212_234749/tht_tripgen.pt,ok,checkpoint,,,,
section_metric,metrics,strategy_tht_checkpoint,checkpoint,state_keys[2],metrics,str,outputs/save_data/ryc/tht_tripgen_20260212_234749/tht_tripgen.pt,ok,checkpoint,,,,
section_metric,metrics,strategy_tht_checkpoint,checkpoint,state_keys[3],model_state,str,outputs/save_data/ryc/tht_tripgen_20260212_234749/tht_tripgen.pt,ok,checkpoint,,,,
section_metric,metrics,strategy_tht_checkpoint,checkpoint,state_keys[4],optimizer_state,str,outputs/save_data/ryc/tht_tripgen_20260212_234749/tht_tripgen.pt,ok,checkpoint,,,,
section_status,section,strategy_tht_mappings,mappings,status,invalid,str,outputs/save_data/ryc/tht_tripgen_20260212_234749/mappings_tht_tripgen.json,invalid,mappings,,,,
section_file,section,strategy_tht_mappings,mappings,file.size_bytes,3064,int,outputs/save_data/ryc/tht_tripgen_20260212_234749/mappings_tht_tripgen.json,invalid,mappings,,,,
section_file,section,strategy_tht_mappings,mappings,file.sha256,4566d3501019e6bd17a242b6eec36d2d5ca96d92be1008c1312cbf164b327a3c,str,outputs/save_data/ryc/tht_tripgen_20260212_234749/mappings_tht_tripgen.json,invalid,mappings,,,,
section_metric,metrics,strategy_tht_mappings,mappings,error,'list' object has no attribute 'items',str,outputs/save_data/ryc/tht_tripgen_20260212_234749/mappings_tht_tripgen.json,invalid,mappings,,,,
section_status,section,strategy_tht_loss,loss,status,ok,str,outputs/save_data/ryc/tht_tripgen_20260212_234749/loss_tht_tripgen.csv,ok,loss,,,,
section_file,section,strategy_tht_loss,loss,file.size_bytes,8396,int,outputs/save_data/ryc/tht_tripgen_20260212_234749/loss_tht_tripgen.csv,ok,loss,,,,
section_file,section,strategy_tht_loss,loss,file.sha256,a164c6cea77ff6108b8a322d795675673e7e4bc5d6287db6dc2bd594261b6163,str,outputs/save_data/ryc/tht_tripgen_20260212_234749/loss_tht_tripgen.csv,ok,loss,,,,
section_metric,metrics,strategy_tht_loss,loss,rows,30,int,outputs/save_data/ryc/tht_tripgen_20260212_234749/loss_tht_tripgen.csv,ok,loss,,,,
section_metric,metrics,strategy_tht_loss,loss,columns[0],epoch,str,outputs/save_data/ryc/tht_tripgen_20260212_234749/loss_tht_tripgen.csv,ok,loss,,,,
section_metric,metrics,strategy_tht_loss,loss,columns[1],train_nll_total,str,outputs/save_data/ryc/tht_tripgen_20260212_234749/loss_tht_tripgen.csv,ok,loss,,,,
section_metric,metrics,strategy_tht_loss,loss,columns[2],train_nll_h,str,outputs/save_data/ryc/tht_tripgen_20260212_234749/loss_tht_tripgen.csv,ok,loss,,,,
section_metric,metrics,strategy_tht_loss,loss,columns[3],train_nll_o,str,outputs/save_data/ryc/tht_tripgen_20260212_234749/loss_tht_tripgen.csv,ok,loss,,,,
section_metric,metrics,strategy_tht_loss,loss,columns[4],train_nll_d,str,outputs/save_data/ryc/tht_tripgen_20260212_234749/loss_tht_tripgen.csv,ok,loss,,,,
section_metric,metrics,strategy_tht_loss,loss,columns[5],train_nll_r,str,outputs/save_data/ryc/tht_tripgen_20260212_234749/loss_tht_tripgen.csv,ok,loss,,,,
section_metric,metrics,strategy_tht_loss,loss,columns[6],train_nll_passenger,str,outputs/save_data/ryc/tht_tripgen_20260212_234749/loss_tht_tripgen.csv,ok,loss,,,,
section_metric,metrics,strategy_tht_loss,loss,columns[7],train_nll_total_amount,str,outputs/save_data/ryc/tht_tripgen_20260212_234749/loss_tht_tripgen.csv,ok,loss,,,,
section_metric,metrics,strategy_tht_loss,loss,columns[8],val_nll_total,str,outputs/save_data/ryc/tht_tripgen_20260212_234749/loss_tht_tripgen.csv,ok,loss,,,,
section_metric,metrics,strategy_tht_loss,loss,columns[9],val_nll_h,str,outputs/save_data/ryc/tht_tripgen_20260212_234749/loss_tht_tripgen.csv,ok,loss,,,,
section_metric,metrics,strategy_tht_loss,loss,columns[10],val_nll_o,str,outputs/save_data/ryc/tht_tripgen_20260212_234749/loss_tht_tripgen.csv,ok,loss,,,,
section_metric,metrics,strategy_tht_loss,loss,columns[11],val_nll_d,str,outputs/save_data/ryc/tht_tripgen_20260212_234749/loss_tht_tripgen.csv,ok,loss,,,,
section_metric,metrics,strategy_tht_loss,loss,columns[12],val_nll_r,str,outputs/save_data/ryc/tht_tripgen_20260212_234749/loss_tht_tripgen.csv,ok,loss,,,,
section_metric,metrics,strategy_tht_loss,loss,columns[13],val_nll_passenger,str,outputs/save_data/ryc/tht_tripgen_20260212_234749/loss_tht_tripgen.csv,ok,loss,,,,
section_metric,metrics,strategy_tht_loss,loss,columns[14],val_nll_total_amount,str,outputs/save_data/ryc/tht_tripgen_20260212_234749/loss_tht_tripgen.csv,ok,loss,,,,
section_metric,metrics,strategy_tht_loss,loss,first.epoch,1.0,float,outputs/save_data/ryc/tht_tripgen_20260212_234749/loss_tht_tripgen.csv,ok,loss,,,,
section_metric,metrics,strategy_tht_loss,loss,first.train_nll_total,13.024033546447754,float,outputs/save_data/ryc/tht_tripgen_20260212_234749/loss_tht_tripgen.csv,ok,loss,,,,
section_metric,metrics,strategy_tht_loss,loss,first.train_nll_h,3.064527750015259,float,outputs/save_data/ryc/tht_tripgen_20260212_234749/loss_tht_tripgen.csv,ok,loss,,,,
section_metric,metrics,strategy_tht_loss,loss,first.train_nll_o,3.8793299198150635,float,outputs/save_data/ryc/tht_tripgen_20260212_234749/loss_tht_tripgen.csv,ok,loss,,,,
section_metric,metrics,strategy_tht_loss,loss,first.train_nll_d,4.152364253997803,float,outputs/save_data/ryc/tht_tripgen_20260212_234749/loss_tht_tripgen.csv,ok,loss,,,,
section_metric,metrics,strategy_tht_loss,loss,first.train_nll_r,0.006088691763579845,float,outputs/save_data/ryc/tht_tripgen_20260212_234749/loss_tht_tripgen.csv,ok,loss,,,,
section_metric,metrics,strategy_tht_loss,loss,first.train_nll_passenger,0.8311333656311035,float,outputs/save_data/ryc/tht_tripgen_20260212_234749/loss_tht_tripgen.csv,ok,loss,,,,
section_metric,metrics,strategy_tht_loss,loss,first.train_nll_total_amount,1.0905920267105103,float,outputs/save_data/ryc/tht_tripgen_20260212_234749/loss_tht_tripgen.csv,ok,loss,,,,
section_metric,metrics,strategy_tht_loss,loss,first.val_nll_total,12.462056159973145,float,outputs/save_data/ryc/tht_tripgen_20260212_234749/loss_tht_tripgen.csv,ok,loss,,,,
section_metric,metrics,strategy_tht_loss,loss,first.val_nll_h,2.9895029067993164,float,outputs/save_data/ryc/tht_tripgen_20260212_234749/loss_tht_tripgen.csv,ok,loss,,,,
section_metric,metrics,strategy_tht_loss,loss,first.val_nll_o,3.786299705505371,float,outputs/save_data/ryc/tht_tripgen_20260212_234749/loss_tht_tripgen.csv,ok,loss,,,,
section_metric,metrics,strategy_tht_loss,loss,first.val_nll_d,3.9712467193603516,float,outputs/save_data/ryc/tht_tripgen_20260212_234749/loss_tht_tripgen.csv,ok,loss,,,,
section_metric,metrics,strategy_tht_loss,loss,first.val_nll_r,0.0004621068073902279,float,outputs/save_data/ryc/tht_tripgen_20260212_234749/loss_tht_tripgen.csv,ok,loss,,,,
section_metric,metrics,strategy_tht_loss,loss,first.val_nll_passenger,0.7568913102149963,float,outputs/save_data/ryc/tht_tripgen_20260212_234749/loss_tht_tripgen.csv,ok,loss,,,,
section_metric,metrics,strategy_tht_loss,loss,first.val_nll_total_amount,0.9576523900032043,float,outputs/save_data/ryc/tht_tripgen_20260212_234749/loss_tht_tripgen.csv,ok,loss,,,,
section_metric,metrics,strategy_tht_loss,loss,last.epoch,30.0,float,outputs/save_data/ryc/tht_tripgen_20260212_234749/loss_tht_tripgen.csv,ok,loss,,,,
section_metric,metrics,strategy_tht_loss,loss,last.train_nll_total,11.750235557556152,float,outputs/save_data/ryc/tht_tripgen_20260212_234749/loss_tht_tripgen.csv,ok,loss,,,,
section_metric,metrics,strategy_tht_loss,loss,last.train_nll_h,2.9746997356414795,float,outputs/save_data/ryc/tht_tripgen_20260212_234749/loss_tht_tripgen.csv,ok,loss,,,,
section_metric,metrics,strategy_tht_loss,loss,last.train_nll_o,3.789320707321167,float,outputs/save_data/ryc/tht_tripgen_20260212_234749/loss_tht_tripgen.csv,ok,loss,,,,
section_metric,metrics,strategy_tht_loss,loss,last.train_nll_d,3.8417134284973145,float,outputs/save_data/ryc/tht_tripgen_20260212_234749/loss_tht_tripgen.csv,ok,loss,,,,
section_metric,metrics,strategy_tht_loss,loss,last.train_nll_r,-0.004241333343088627,float,outputs/save_data/ryc/tht_tripgen_20260212_234749/loss_tht_tripgen.csv,ok,loss,,,,
section_metric,metrics,strategy_tht_loss,loss,last.train_nll_passenger,0.766552209854126,float,outputs/save_data/ryc/tht_tripgen_20260212_234749/loss_tht_tripgen.csv,ok,loss,,,,
section_metric,metrics,strategy_tht_loss,loss,last.train_nll_total_amount,0.38219237327575684,float,outputs/save_data/ryc/tht_tripgen_20260212_234749/loss_tht_tripgen.csv,ok,loss,,,,
section_metric,metrics,strategy_tht_loss,loss,last.val_nll_total,11.737275123596191,float,outputs/save_data/ryc/tht_tripgen_20260212_234749/loss_tht_tripgen.csv,ok,loss,,,,
section_metric,metrics,strategy_tht_loss,loss,last.val_nll_h,2.9785587787628174,float,outputs/save_data/ryc/tht_tripgen_20260212_234749/loss_tht_tripgen.csv,ok,loss,,,,
section_metric,metrics,strategy_tht_loss,loss,last.val_nll_o,3.7817916870117188,float,outputs/save_data/ryc/tht_tripgen_20260212_234749/loss_tht_tripgen.csv,ok,loss,,,,
section_metric,metrics,strategy_tht_loss,loss,last.val_nll_d,3.838168144226074,float,outputs/save_data/ryc/tht_tripgen_20260212_234749/loss_tht_tripgen.csv,ok,loss,,,,
section_metric,metrics,strategy_tht_loss,loss,last.val_nll_r,-0.003481832332909107,float,outputs/save_data/ryc/tht_tripgen_20260212_234749/loss_tht_tripgen.csv,ok,loss,,,,
section_metric,metrics,strategy_tht_loss,loss,last.val_nll_passenger,0.7473950386047363,float,outputs/save_data/ryc/tht_tripgen_20260212_234749/loss_tht_tripgen.csv,ok,loss,,,,
section_metric,metrics,strategy_tht_loss,loss,last.val_nll_total_amount,0.39484360814094543,float,outputs/save_data/ryc/tht_tripgen_20260212_234749/loss_tht_tripgen.csv,ok,loss,,,,
section_status,section,strategy_tht_scalars,scalars,status,ok,str,outputs/save_data/ryc/tht_tripgen_20260212_234749/logs/scalars.csv,ok,scalars,,,,
section_file,section,strategy_tht_scalars,scalars,file.size_bytes,40294,int,outputs/save_data/ryc/tht_tripgen_20260212_234749/logs/scalars.csv,ok,scalars,,,,
section_file,section,strategy_tht_scalars,scalars,file.sha256,8fc3fdfbb80a95d43057e6c5ea1bf7656ebb451c51ed5af266bfa505d1289641,str,outputs/save_data/ryc/tht_tripgen_20260212_234749/logs/scalars.csv,ok,scalars,,,,
section_metric,metrics,strategy_tht_scalars,scalars,rows,960,int,outputs/save_data/ryc/tht_tripgen_20260212_234749/logs/scalars.csv,ok,scalars,,,,
section_metric,metrics,strategy_tht_scalars,scalars,n_tags,56,int,outputs/save_data/ryc/tht_tripgen_20260212_234749/logs/scalars.csv,ok,scalars,,,,
section_metric,metrics,strategy_tht_scalars,scalars,first_step,1,int,outputs/save_data/ryc/tht_tripgen_20260212_234749/logs/scalars.csv,ok,scalars,,,,
section_metric,metrics,strategy_tht_scalars,scalars,last_step,30,int,outputs/save_data/ryc/tht_tripgen_20260212_234749/logs/scalars.csv,ok,scalars,,,,
section_metric,metrics,strategy_tht_scalars,scalars,tags[0],flow/layer_logdet_mean_0,str,outputs/save_data/ryc/tht_tripgen_20260212_234749/logs/scalars.csv,ok,scalars,,,,
section_metric,metrics,strategy_tht_scalars,scalars,tags[1],flow/layer_logdet_mean_1,str,outputs/save_data/ryc/tht_tripgen_20260212_234749/logs/scalars.csv,ok,scalars,,,,
section_metric,metrics,strategy_tht_scalars,scalars,tags[2],flow/layer_logdet_mean_2,str,outputs/save_data/ryc/tht_tripgen_20260212_234749/logs/scalars.csv,ok,scalars,,,,
section_metric,metrics,strategy_tht_scalars,scalars,tags[3],flow/layer_logdet_mean_3,str,outputs/save_data/ryc/tht_tripgen_20260212_234749/logs/scalars.csv,ok,scalars,,,,
section_metric,metrics,strategy_tht_scalars,scalars,tags[4],flow/layer_logdet_mean_4,str,outputs/save_data/ryc/tht_tripgen_20260212_234749/logs/scalars.csv,ok,scalars,,,,
section_metric,metrics,strategy_tht_scalars,scalars,tags[5],flow/layer_logdet_std_0,str,outputs/save_data/ryc/tht_tripgen_20260212_234749/logs/scalars.csv,ok,scalars,,,,
section_metric,metrics,strategy_tht_scalars,scalars,tags[6],flow/layer_logdet_std_1,str,outputs/save_data/ryc/tht_tripgen_20260212_234749/logs/scalars.csv,ok,scalars,,,,
section_metric,metrics,strategy_tht_scalars,scalars,tags[7],flow/layer_logdet_std_2,str,outputs/save_data/ryc/tht_tripgen_20260212_234749/logs/scalars.csv,ok,scalars,,,,
section_metric,metrics,strategy_tht_scalars,scalars,tags[8],flow/layer_logdet_std_3,str,outputs/save_data/ryc/tht_tripgen_20260212_234749/logs/scalars.csv,ok,scalars,,,,
section_metric,metrics,strategy_tht_scalars,scalars,tags[9],flow/layer_logdet_std_4,str,outputs/save_data/ryc/tht_tripgen_20260212_234749/logs/scalars.csv,ok,scalars,,,,
section_metric,metrics,strategy_tht_scalars,scalars,tags[10],metrics/day_of_week_chi2,str,outputs/save_data/ryc/tht_tripgen_20260212_234749/logs/scalars.csv,ok,scalars,,,,
section_metric,metrics,strategy_tht_scalars,scalars,tags[11],metrics/day_of_week_jsd,str,outputs/save_data/ryc/tht_tripgen_20260212_234749/logs/scalars.csv,ok,scalars,,,,
section_metric,metrics,strategy_tht_scalars,scalars,tags[12],metrics/dropoff_id_chi2,str,outputs/save_data/ryc/tht_tripgen_20260212_234749/logs/scalars.csv,ok,scalars,,,,
section_metric,metrics,strategy_tht_scalars,scalars,tags[13],metrics/dropoff_id_jsd,str,outputs/save_data/ryc/tht_tripgen_20260212_234749/logs/scalars.csv,ok,scalars,,,,
section_metric,metrics,strategy_tht_scalars,scalars,tags[14],metrics/hour_of_day_chi2,str,outputs/save_data/ryc/tht_tripgen_20260212_234749/logs/scalars.csv,ok,scalars,,,,
section_metric,metrics,strategy_tht_scalars,scalars,tags[15],metrics/hour_of_day_jsd,str,outputs/save_data/ryc/tht_tripgen_20260212_234749/logs/scalars.csv,ok,scalars,,,,
section_metric,metrics,strategy_tht_scalars,scalars,tags[16],metrics/joint_chi2,str,outputs/save_data/ryc/tht_tripgen_20260212_234749/logs/scalars.csv,ok,scalars,,,,
section_metric,metrics,strategy_tht_scalars,scalars,tags[17],metrics/joint_coverage_real,str,outputs/save_data/ryc/tht_tripgen_20260212_234749/logs/scalars.csv,ok,scalars,,,,
section_metric,metrics,strategy_tht_scalars,scalars,tags[18],metrics/joint_coverage_synth,str,outputs/save_data/ryc/tht_tripgen_20260212_234749/logs/scalars.csv,ok,scalars,,,,
section_metric,metrics,strategy_tht_scalars,scalars,tags[19],metrics/joint_invalid_ratio,str,outputs/save_data/ryc/tht_tripgen_20260212_234749/logs/scalars.csv,ok,scalars,,,,
section_metric,metrics,strategy_tht_scalars,scalars,tags[20],metrics/joint_jsd,str,outputs/save_data/ryc/tht_tripgen_20260212_234749/logs/scalars.csv,ok,scalars,,,,
section_metric,metrics,strategy_tht_scalars,scalars,tags[21],metrics/joint_mode_dropping_ratio,str,outputs/save_data/ryc/tht_tripgen_20260212_234749/logs/scalars.csv,ok,scalars,,,,
section_metric,metrics,strategy_tht_scalars,scalars,tags[22],metrics/joint_unique_real,str,outputs/save_data/ryc/tht_tripgen_20260212_234749/logs/scalars.csv,ok,scalars,,,,
section_metric,metrics,strategy_tht_scalars,scalars,tags[23],metrics/joint_unique_synth,str,outputs/save_data/ryc/tht_tripgen_20260212_234749/logs/scalars.csv,ok,scalars,,,,
section_metric,metrics,strategy_tht_scalars,scalars,tags[24],metrics/n_real,str,outputs/save_data/ryc/tht_tripgen_20260212_234749/logs/scalars.csv,ok,scalars,,,,
section_metric,metrics,strategy_tht_scalars,scalars,tags[25],metrics/n_synth,str,outputs/save_data/ryc/tht_tripgen_20260212_234749/logs/scalars.csv,ok,scalars,,,,
section_metric,metrics,strategy_tht_scalars,scalars,tags[26],metrics/od_chi2,str,outputs/save_data/ryc/tht_tripgen_20260212_234749/logs/scalars.csv,ok,scalars,,,,
section_metric,metrics,strategy_tht_scalars,scalars,tags[27],metrics/od_coverage_real,str,outputs/save_data/ryc/tht_tripgen_20260212_234749/logs/scalars.csv,ok,scalars,,,,
section_metric,metrics,strategy_tht_scalars,scalars,tags[28],metrics/od_coverage_synth,str,outputs/save_data/ryc/tht_tripgen_20260212_234749/logs/scalars.csv,ok,scalars,,,,
section_metric,metrics,strategy_tht_scalars,scalars,tags[29],metrics/od_jsd,str,outputs/save_data/ryc/tht_tripgen_20260212_234749/logs/scalars.csv,ok,scalars,,,,
section_metric,metrics,strategy_tht_scalars,scalars,tags[30],metrics/od_unique_real,str,outputs/save_data/ryc/tht_tripgen_20260212_234749/logs/scalars.csv,ok,scalars,,,,
section_metric,metrics,strategy_tht_scalars,scalars,tags[31],metrics/od_unique_synth,str,outputs/save_data/ryc/tht_tripgen_20260212_234749/logs/scalars.csv,ok,scalars,,,,
section_metric,metrics,strategy_tht_scalars,scalars,tags[32],metrics/pickup_id_chi2,str,outputs/save_data/ryc/tht_tripgen_20260212_234749/logs/scalars.csv,ok,scalars,,,,
section_metric,metrics,strategy_tht_scalars,scalars,tags[33],metrics/pickup_id_jsd,str,outputs/save_data/ryc/tht_tripgen_20260212_234749/logs/scalars.csv,ok,scalars,,,,
section_metric,metrics,strategy_tht_scalars,scalars,tags[34],metrics/time_chi2,str,outputs/save_data/ryc/tht_tripgen_20260212_234749/logs/scalars.csv,ok,scalars,,,,
section_metric,metrics,strategy_tht_scalars,scalars,tags[35],metrics/time_coverage_real,str,outputs/save_data/ryc/tht_tripgen_20260212_234749/logs/scalars.csv,ok,scalars,,,,
section_metric,metrics,strategy_tht_scalars,scalars,tags[36],metrics/time_coverage_synth,str,outputs/save_data/ryc/tht_tripgen_20260212_234749/logs/scalars.csv,ok,scalars,,,,
section_metric,metrics,strategy_tht_scalars,scalars,tags[37],metrics/time_jsd,str,outputs/save_data/ryc/tht_tripgen_20260212_234749/logs/scalars.csv,ok,scalars,,,,
section_metric,metrics,strategy_tht_scalars,scalars,tags[38],metrics/time_unique_real,str,outputs/save_data/ryc/tht_tripgen_20260212_234749/logs/scalars.csv,ok,scalars,,,,
section_metric,metrics,strategy_tht_scalars,scalars,tags[39],metrics/time_unique_synth,str,outputs/save_data/ryc/tht_tripgen_20260212_234749/logs/scalars.csv,ok,scalars,,,,
section_metric,metrics,strategy_tht_scalars,scalars,tags[40],train/grad_norm,str,outputs/save_data/ryc/tht_tripgen_20260212_234749/logs/scalars.csv,ok,scalars,,,,
section_metric,metrics,strategy_tht_scalars,scalars,tags[41],train/nll_d,str,outputs/save_data/ryc/tht_tripgen_20260212_234749/logs/scalars.csv,ok,scalars,,,,
section_metric,metrics,strategy_tht_scalars,scalars,tags[42],train/nll_h,str,outputs/save_data/ryc/tht_tripgen_20260212_234749/logs/scalars.csv,ok,scalars,,,,
section_metric,metrics,strategy_tht_scalars,scalars,tags[43],train/nll_o,str,outputs/save_data/ryc/tht_tripgen_20260212_234749/logs/scalars.csv,ok,scalars,,,,
section_metric,metrics,strategy_tht_scalars,scalars,tags[44],train/nll_passenger,str,outputs/save_data/ryc/tht_tripgen_20260212_234749/logs/scalars.csv,ok,scalars,,,,
section_metric,metrics,strategy_tht_scalars,scalars,tags[45],train/nll_r,str,outputs/save_data/ryc/tht_tripgen_20260212_234749/logs/scalars.csv,ok,scalars,,,,
section_metric,metrics,strategy_tht_scalars,scalars,tags[46],train/nll_total,str,outputs/save_data/ryc/tht_tripgen_20260212_234749/logs/scalars.csv,ok,scalars,,,,
section_metric,metrics,strategy_tht_scalars,scalars,tags[47],train/nll_total_amount,str,outputs/save_data/ryc/tht_tripgen_20260212_234749/logs/scalars.csv,ok,scalars,,,,
section_metric,metrics,strategy_tht_scalars,scalars,tags[48],train/param_norm,str,outputs/save_data/ryc/tht_tripgen_20260212_234749/logs/scalars.csv,ok,scalars,,,,
section_metric,metrics,strategy_tht_scalars,scalars,tags[49],val/nll_d,str,outputs/save_data/ryc/tht_tripgen_20260212_234749/logs/scalars.csv,ok,scalars,,,,
section_metric,metrics,strategy_tht_scalars,scalars,tags[50],val/nll_h,str,outputs/save_data/ryc/tht_tripgen_20260212_234749/logs/scalars.csv,ok,scalars,,,,
section_metric,metrics,strategy_tht_scalars,scalars,tags[51],val/nll_o,str,outputs/save_data/ryc/tht_tripgen_20260212_234749/logs/scalars.csv,ok,scalars,,,,
section_metric,metrics,strategy_tht_scalars,scalars,tags[52],val/nll_passenger,str,outputs/save_data/ryc/tht_tripgen_20260212_234749/logs/scalars.csv,ok,scalars,,,,
section_metric,metrics,strategy_tht_scalars,scalars,tags[53],val/nll_r,str,outputs/save_data/ryc/tht_tripgen_20260212_234749/logs/scalars.csv,ok,scalars,,,,
section_metric,metrics,strategy_tht_scalars,scalars,tags[54],val/nll_total,str,outputs/save_data/ryc/tht_tripgen_20260212_234749/logs/scalars.csv,ok,scalars,,,,
section_metric,metrics,strategy_tht_scalars,scalars,tags[55],val/nll_total_amount,str,outputs/save_data/ryc/tht_tripgen_20260212_234749/logs/scalars.csv,ok,scalars,,,,
section_metric,metrics,strategy_tht_scalars,scalars,tag_counts.train/nll_total,30,int,outputs/save_data/ryc/tht_tripgen_20260212_234749/logs/scalars.csv,ok,scalars,,,,
section_metric,metrics,strategy_tht_scalars,scalars,tag_counts.train/nll_h,30,int,outputs/save_data/ryc/tht_tripgen_20260212_234749/logs/scalars.csv,ok,scalars,,,,
section_metric,metrics,strategy_tht_scalars,scalars,tag_counts.train/nll_o,30,int,outputs/save_data/ryc/tht_tripgen_20260212_234749/logs/scalars.csv,ok,scalars,,,,
section_metric,metrics,strategy_tht_scalars,scalars,tag_counts.train/nll_d,30,int,outputs/save_data/ryc/tht_tripgen_20260212_234749/logs/scalars.csv,ok,scalars,,,,
section_metric,metrics,strategy_tht_scalars,scalars,tag_counts.train/nll_r,30,int,outputs/save_data/ryc/tht_tripgen_20260212_234749/logs/scalars.csv,ok,scalars,,,,
section_metric,metrics,strategy_tht_scalars,scalars,tag_counts.train/nll_passenger,30,int,outputs/save_data/ryc/tht_tripgen_20260212_234749/logs/scalars.csv,ok,scalars,,,,
section_metric,metrics,strategy_tht_scalars,scalars,tag_counts.train/nll_total_amount,30,int,outputs/save_data/ryc/tht_tripgen_20260212_234749/logs/scalars.csv,ok,scalars,,,,
section_metric,metrics,strategy_tht_scalars,scalars,tag_counts.val/nll_total,30,int,outputs/save_data/ryc/tht_tripgen_20260212_234749/logs/scalars.csv,ok,scalars,,,,
section_metric,metrics,strategy_tht_scalars,scalars,tag_counts.val/nll_h,30,int,outputs/save_data/ryc/tht_tripgen_20260212_234749/logs/scalars.csv,ok,scalars,,,,
section_metric,metrics,strategy_tht_scalars,scalars,tag_counts.val/nll_o,30,int,outputs/save_data/ryc/tht_tripgen_20260212_234749/logs/scalars.csv,ok,scalars,,,,
section_metric,metrics,strategy_tht_scalars,scalars,tag_counts.val/nll_d,30,int,outputs/save_data/ryc/tht_tripgen_20260212_234749/logs/scalars.csv,ok,scalars,,,,
section_metric,metrics,strategy_tht_scalars,scalars,tag_counts.val/nll_r,30,int,outputs/save_data/ryc/tht_tripgen_20260212_234749/logs/scalars.csv,ok,scalars,,,,
section_metric,metrics,strategy_tht_scalars,scalars,tag_counts.val/nll_passenger,30,int,outputs/save_data/ryc/tht_tripgen_20260212_234749/logs/scalars.csv,ok,scalars,,,,
section_metric,metrics,strategy_tht_scalars,scalars,tag_counts.val/nll_total_amount,30,int,outputs/save_data/ryc/tht_tripgen_20260212_234749/logs/scalars.csv,ok,scalars,,,,
section_metric,metrics,strategy_tht_scalars,scalars,tag_counts.train/grad_norm,30,int,outputs/save_data/ryc/tht_tripgen_20260212_234749/logs/scalars.csv,ok,scalars,,,,
section_metric,metrics,strategy_tht_scalars,scalars,tag_counts.train/param_norm,30,int,outputs/save_data/ryc/tht_tripgen_20260212_234749/logs/scalars.csv,ok,scalars,,,,
section_metric,metrics,strategy_tht_scalars,scalars,tag_counts.flow/layer_logdet_mean_4,30,int,outputs/save_data/ryc/tht_tripgen_20260212_234749/logs/scalars.csv,ok,scalars,,,,
section_metric,metrics,strategy_tht_scalars,scalars,tag_counts.flow/layer_logdet_std_4,30,int,outputs/save_data/ryc/tht_tripgen_20260212_234749/logs/scalars.csv,ok,scalars,,,,
section_metric,metrics,strategy_tht_scalars,scalars,tag_counts.flow/layer_logdet_mean_3,30,int,outputs/save_data/ryc/tht_tripgen_20260212_234749/logs/scalars.csv,ok,scalars,,,,
section_metric,metrics,strategy_tht_scalars,scalars,tag_counts.flow/layer_logdet_std_3,30,int,outputs/save_data/ryc/tht_tripgen_20260212_234749/logs/scalars.csv,ok,scalars,,,,
section_metric,metrics,strategy_tht_scalars,scalars,tag_counts.flow/layer_logdet_mean_2,30,int,outputs/save_data/ryc/tht_tripgen_20260212_234749/logs/scalars.csv,ok,scalars,,,,
section_metric,metrics,strategy_tht_scalars,scalars,tag_counts.flow/layer_logdet_std_2,30,int,outputs/save_data/ryc/tht_tripgen_20260212_234749/logs/scalars.csv,ok,scalars,,,,
section_metric,metrics,strategy_tht_scalars,scalars,tag_counts.flow/layer_logdet_mean_1,30,int,outputs/save_data/ryc/tht_tripgen_20260212_234749/logs/scalars.csv,ok,scalars,,,,
section_metric,metrics,strategy_tht_scalars,scalars,tag_counts.flow/layer_logdet_std_1,30,int,outputs/save_data/ryc/tht_tripgen_20260212_234749/logs/scalars.csv,ok,scalars,,,,
section_metric,metrics,strategy_tht_scalars,scalars,tag_counts.flow/layer_logdet_mean_0,30,int,outputs/save_data/ryc/tht_tripgen_20260212_234749/logs/scalars.csv,ok,scalars,,,,
section_metric,metrics,strategy_tht_scalars,scalars,tag_counts.flow/layer_logdet_std_0,30,int,outputs/save_data/ryc/tht_tripgen_20260212_234749/logs/scalars.csv,ok,scalars,,,,
section_metric,metrics,strategy_tht_scalars,scalars,tag_counts.metrics/n_real,6,int,outputs/save_data/ryc/tht_tripgen_20260212_234749/logs/scalars.csv,ok,scalars,,,,
section_metric,metrics,strategy_tht_scalars,scalars,tag_counts.metrics/n_synth,6,int,outputs/save_data/ryc/tht_tripgen_20260212_234749/logs/scalars.csv,ok,scalars,,,,
section_metric,metrics,strategy_tht_scalars,scalars,tag_counts.metrics/hour_of_day_jsd,6,int,outputs/save_data/ryc/tht_tripgen_20260212_234749/logs/scalars.csv,ok,scalars,,,,
section_metric,metrics,strategy_tht_scalars,scalars,tag_counts.metrics/hour_of_day_chi2,6,int,outputs/save_data/ryc/tht_tripgen_20260212_234749/logs/scalars.csv,ok,scalars,,,,
section_metric,metrics,strategy_tht_scalars,scalars,tag_counts.metrics/day_of_week_jsd,6,int,outputs/save_data/ryc/tht_tripgen_20260212_234749/logs/scalars.csv,ok,scalars,,,,
section_metric,metrics,strategy_tht_scalars,scalars,tag_counts.metrics/day_of_week_chi2,6,int,outputs/save_data/ryc/tht_tripgen_20260212_234749/logs/scalars.csv,ok,scalars,,,,
section_metric,metrics,strategy_tht_scalars,scalars,tag_counts.metrics/pickup_id_jsd,6,int,outputs/save_data/ryc/tht_tripgen_20260212_234749/logs/scalars.csv,ok,scalars,,,,
section_metric,metrics,strategy_tht_scalars,scalars,tag_counts.metrics/pickup_id_chi2,6,int,outputs/save_data/ryc/tht_tripgen_20260212_234749/logs/scalars.csv,ok,scalars,,,,
section_metric,metrics,strategy_tht_scalars,scalars,tag_counts.metrics/dropoff_id_jsd,6,int,outputs/save_data/ryc/tht_tripgen_20260212_234749/logs/scalars.csv,ok,scalars,,,,
section_metric,metrics,strategy_tht_scalars,scalars,tag_counts.metrics/dropoff_id_chi2,6,int,outputs/save_data/ryc/tht_tripgen_20260212_234749/logs/scalars.csv,ok,scalars,,,,
section_metric,metrics,strategy_tht_scalars,scalars,tag_counts.metrics/od_jsd,6,int,outputs/save_data/ryc/tht_tripgen_20260212_234749/logs/scalars.csv,ok,scalars,,,,
section_metric,metrics,strategy_tht_scalars,scalars,tag_counts.metrics/od_chi2,6,int,outputs/save_data/ryc/tht_tripgen_20260212_234749/logs/scalars.csv,ok,scalars,,,,
section_metric,metrics,strategy_tht_scalars,scalars,tag_counts.metrics/od_coverage_real,6,int,outputs/save_data/ryc/tht_tripgen_20260212_234749/logs/scalars.csv,ok,scalars,,,,
section_metric,metrics,strategy_tht_scalars,scalars,tag_counts.metrics/od_coverage_synth,6,int,outputs/save_data/ryc/tht_tripgen_20260212_234749/logs/scalars.csv,ok,scalars,,,,
section_metric,metrics,strategy_tht_scalars,scalars,tag_counts.metrics/od_unique_real,6,int,outputs/save_data/ryc/tht_tripgen_20260212_234749/logs/scalars.csv,ok,scalars,,,,
section_metric,metrics,strategy_tht_scalars,scalars,tag_counts.metrics/od_unique_synth,6,int,outputs/save_data/ryc/tht_tripgen_20260212_234749/logs/scalars.csv,ok,scalars,,,,
section_metric,metrics,strategy_tht_scalars,scalars,tag_counts.metrics/time_jsd,6,int,outputs/save_data/ryc/tht_tripgen_20260212_234749/logs/scalars.csv,ok,scalars,,,,
section_metric,metrics,strategy_tht_scalars,scalars,tag_counts.metrics/time_chi2,6,int,outputs/save_data/ryc/tht_tripgen_20260212_234749/logs/scalars.csv,ok,scalars,,,,
section_metric,metrics,strategy_tht_scalars,scalars,tag_counts.metrics/time_coverage_real,6,int,outputs/save_data/ryc/tht_tripgen_20260212_234749/logs/scalars.csv,ok,scalars,,,,
section_metric,metrics,strategy_tht_scalars,scalars,tag_counts.metrics/time_coverage_synth,6,int,outputs/save_data/ryc/tht_tripgen_20260212_234749/logs/scalars.csv,ok,scalars,,,,
section_metric,metrics,strategy_tht_scalars,scalars,tag_counts.metrics/time_unique_real,6,int,outputs/save_data/ryc/tht_tripgen_20260212_234749/logs/scalars.csv,ok,scalars,,,,
section_metric,metrics,strategy_tht_scalars,scalars,tag_counts.metrics/time_unique_synth,6,int,outputs/save_data/ryc/tht_tripgen_20260212_234749/logs/scalars.csv,ok,scalars,,,,
section_metric,metrics,strategy_tht_scalars,scalars,tag_counts.metrics/joint_jsd,6,int,outputs/save_data/ryc/tht_tripgen_20260212_234749/logs/scalars.csv,ok,scalars,,,,
section_metric,metrics,strategy_tht_scalars,scalars,tag_counts.metrics/joint_chi2,6,int,outputs/save_data/ryc/tht_tripgen_20260212_234749/logs/scalars.csv,ok,scalars,,,,
section_metric,metrics,strategy_tht_scalars,scalars,tag_counts.metrics/joint_coverage_real,6,int,outputs/save_data/ryc/tht_tripgen_20260212_234749/logs/scalars.csv,ok,scalars,,,,
section_metric,metrics,strategy_tht_scalars,scalars,tag_counts.metrics/joint_coverage_synth,6,int,outputs/save_data/ryc/tht_tripgen_20260212_234749/logs/scalars.csv,ok,scalars,,,,
section_metric,metrics,strategy_tht_scalars,scalars,tag_counts.metrics/joint_unique_real,6,int,outputs/save_data/ryc/tht_tripgen_20260212_234749/logs/scalars.csv,ok,scalars,,,,
section_metric,metrics,strategy_tht_scalars,scalars,tag_counts.metrics/joint_unique_synth,6,int,outputs/save_data/ryc/tht_tripgen_20260212_234749/logs/scalars.csv,ok,scalars,,,,
section_metric,metrics,strategy_tht_scalars,scalars,tag_counts.metrics/joint_mode_dropping_ratio,6,int,outputs/save_data/ryc/tht_tripgen_20260212_234749/logs/scalars.csv,ok,scalars,,,,
section_metric,metrics,strategy_tht_scalars,scalars,tag_counts.metrics/joint_invalid_ratio,6,int,outputs/save_data/ryc/tht_tripgen_20260212_234749/logs/scalars.csv,ok,scalars,,,,
section_metric,metrics,strategy_tht_scalars,scalars,first.step,1.0,float,outputs/save_data/ryc/tht_tripgen_20260212_234749/logs/scalars.csv,ok,scalars,,,,
section_metric,metrics,strategy_tht_scalars,scalars,first.tag,train/nll_total,str,outputs/save_data/ryc/tht_tripgen_20260212_234749/logs/scalars.csv,ok,scalars,,,,
section_metric,metrics,strategy_tht_scalars,scalars,first.value,13.024033546447754,float,outputs/save_data/ryc/tht_tripgen_20260212_234749/logs/scalars.csv,ok,scalars,,,,
section_metric,metrics,strategy_tht_scalars,scalars,last.step,30.0,float,outputs/save_data/ryc/tht_tripgen_20260212_234749/logs/scalars.csv,ok,scalars,,,,
section_metric,metrics,strategy_tht_scalars,scalars,last.tag,metrics/joint_invalid_ratio,str,outputs/save_data/ryc/tht_tripgen_20260212_234749/logs/scalars.csv,ok,scalars,,,,
section_metric,metrics,strategy_tht_scalars,scalars,last.value,0.9519722051910893,float,outputs/save_data/ryc/tht_tripgen_20260212_234749/logs/scalars.csv,ok,scalars,,,,
section_status,section,strategy_tht_log,log,status,ok,str,outputs/logs/tht_tripgen_20260212_234749/train_tht_tripgen.log,ok,log,,,,
section_file,section,strategy_tht_log,log,file.size_bytes,2120,int,outputs/logs/tht_tripgen_20260212_234749/train_tht_tripgen.log,ok,log,,,,
section_file,section,strategy_tht_log,log,file.sha256,51cc4681e1df9de57e53689a06f239d2b56a4d0b2a9a08a58211c1635b9d7240,str,outputs/logs/tht_tripgen_20260212_234749/train_tht_tripgen.log,ok,log,,,,
section_metric,metrics,strategy_tht_log,log,lines,38,int,outputs/logs/tht_tripgen_20260212_234749/train_tht_tripgen.log,ok,log,,,,
section_metric,metrics,strategy_tht_log,log,event_count,30,int,outputs/logs/tht_tripgen_20260212_234749/train_tht_tripgen.log,ok,log,,,,
section_metric,metrics,strategy_tht_log,log,has_early_stopping,False,bool,outputs/logs/tht_tripgen_20260212_234749/train_tht_tripgen.log,ok,log,,,,
section_metric,metrics,strategy_tht_log,log,first_checkpoint_line,[THT-TripGen] saved checkpoint=outputs/save_data/ryc/tht_tripgen_20260212_234749/tht_tripgen.pt,str,outputs/logs/tht_tripgen_20260212_234749/train_tht_tripgen.log,ok,log,,,,
section_metric,metrics,strategy_tht_log,log,last_lines[0],[THT-TripGen] run_tag=tht_tripgen_20260212_234749,str,outputs/logs/tht_tripgen_20260212_234749/train_tht_tripgen.log,ok,log,,,,
section_metric,metrics,strategy_tht_log,log,last_lines[1],[THT-TripGen] dropping 80906 rows with negative total_amount,str,outputs/logs/tht_tripgen_20260212_234749/train_tht_tripgen.log,ok,log,,,,
section_metric,metrics,strategy_tht_log,log,last_lines[2],[THT-TripGen] train_rows=3839929 val_rows=682599 hold_rows=1094596,str,outputs/logs/tht_tripgen_20260212_234749/train_tht_tripgen.log,ok,log,,,,
section_metric,metrics,strategy_tht_log,log,last_lines[3],[Epoch 001] train_nll=13.0240 val_nll=12.4621,str,outputs/logs/tht_tripgen_20260212_234749/train_tht_tripgen.log,ok,log,,,,
section_metric,metrics,strategy_tht_log,log,last_lines[4],[Epoch 002] train_nll=12.3762 val_nll=12.1925,str,outputs/logs/tht_tripgen_20260212_234749/train_tht_tripgen.log,ok,log,,,,
section_metric,metrics,strategy_tht_log,log,last_lines[5],[Epoch 003] train_nll=12.1756 val_nll=12.0320,str,outputs/logs/tht_tripgen_20260212_234749/train_tht_tripgen.log,ok,log,,,,
section_metric,metrics,strategy_tht_log,log,last_lines[6],[Epoch 004] train_nll=12.0541 val_nll=11.9516,str,outputs/logs/tht_tripgen_20260212_234749/train_tht_tripgen.log,ok,log,,,,
section_metric,metrics,strategy_tht_log,log,last_lines[7],[Epoch 005] train_nll=11.9863 val_nll=11.9082,str,outputs/logs/tht_tripgen_20260212_234749/train_tht_tripgen.log,ok,log,,,,
section_metric,metrics,strategy_tht_log,log,last_lines[8],[Epoch 006] train_nll=11.9421 val_nll=11.8692,str,outputs/logs/tht_tripgen_20260212_234749/train_tht_tripgen.log,ok,log,,,,
section_metric,metrics,strategy_tht_log,log,last_lines[9],[Epoch 007] train_nll=11.9099 val_nll=11.8568,str,outputs/logs/tht_tripgen_20260212_234749/train_tht_tripgen.log,ok,log,,,,
section_metric,metrics,strategy_tht_log,log,last_lines[10],[Epoch 008] train_nll=11.8850 val_nll=11.8299,str,outputs/logs/tht_tripgen_20260212_234749/train_tht_tripgen.log,ok,log,,,,
section_metric,metrics,strategy_tht_log,log,last_lines[11],[Epoch 009] train_nll=11.8651 val_nll=11.8157,str,outputs/logs/tht_tripgen_20260212_234749/train_tht_tripgen.log,ok,log,,,,
section_metric,metrics,strategy_tht_log,log,last_lines[12],[Epoch 010] train_nll=11.8488 val_nll=11.8046,str,outputs/logs/tht_tripgen_20260212_234749/train_tht_tripgen.log,ok,log,,,,
section_metric,metrics,strategy_tht_log,log,last_lines[13],[Epoch 011] train_nll=11.8360 val_nll=11.7863,str,outputs/logs/tht_tripgen_20260212_234749/train_tht_tripgen.log,ok,log,,,,
section_metric,metrics,strategy_tht_log,log,last_lines[14],[Epoch 012] train_nll=11.8254 val_nll=11.7876,str,outputs/logs/tht_tripgen_20260212_234749/train_tht_tripgen.log,ok,log,,,,
section_metric,metrics,strategy_tht_log,log,last_lines[15],[Epoch 013] train_nll=11.8161 val_nll=11.7805,str,outputs/logs/tht_tripgen_20260212_234749/train_tht_tripgen.log,ok,log,,,,
section_metric,metrics,strategy_tht_log,log,last_lines[16],[Epoch 014] train_nll=11.8081 val_nll=11.7706,str,outputs/logs/tht_tripgen_20260212_234749/train_tht_tripgen.log,ok,log,,,,
section_metric,metrics,strategy_tht_log,log,last_lines[17],[Epoch 015] train_nll=11.8017 val_nll=11.7699,str,outputs/logs/tht_tripgen_20260212_234749/train_tht_tripgen.log,ok,log,,,,
section_metric,metrics,strategy_tht_log,log,last_lines[18],[Epoch 016] train_nll=11.7951 val_nll=11.7666,str,outputs/logs/tht_tripgen_20260212_234749/train_tht_tripgen.log,ok,log,,,,
section_metric,metrics,strategy_tht_log,log,last_lines[19],[Epoch 017] train_nll=11.7898 val_nll=11.7627,str,outputs/logs/tht_tripgen_20260212_234749/train_tht_tripgen.log,ok,log,,,,
section_metric,metrics,strategy_tht_log,log,last_lines[20],[Epoch 018] train_nll=11.7851 val_nll=11.7545,str,outputs/logs/tht_tripgen_20260212_234749/train_tht_tripgen.log,ok,log,,,,
section_metric,metrics,strategy_tht_log,log,last_lines[21],[Epoch 019] train_nll=11.7801 val_nll=11.7567,str,outputs/logs/tht_tripgen_20260212_234749/train_tht_tripgen.log,ok,log,,,,
section_metric,metrics,strategy_tht_log,log,last_lines[22],[Epoch 020] train_nll=11.7767 val_nll=11.7540,str,outputs/logs/tht_tripgen_20260212_234749/train_tht_tripgen.log,ok,log,,,,
section_metric,metrics,strategy_tht_log,log,last_lines[23],[Epoch 021] train_nll=11.7727 val_nll=11.7514,str,outputs/logs/tht_tripgen_20260212_234749/train_tht_tripgen.log,ok,log,,,,
section_metric,metrics,strategy_tht_log,log,last_lines[24],[Epoch 022] train_nll=11.7695 val_nll=11.7516,str,outputs/logs/tht_tripgen_20260212_234749/train_tht_tripgen.log,ok,log,,,,
section_metric,metrics,strategy_tht_log,log,last_lines[25],[Epoch 023] train_nll=11.7670 val_nll=11.7475,str,outputs/logs/tht_tripgen_20260212_234749/train_tht_tripgen.log,ok,log,,,,
section_metric,metrics,strategy_tht_log,log,last_lines[26],[Epoch 024] train_nll=11.7637 val_nll=11.7473,str,outputs/logs/tht_tripgen_20260212_234749/train_tht_tripgen.log,ok,log,,,,
section_metric,metrics,strategy_tht_log,log,last_lines[27],[Epoch 025] train_nll=11.7612 val_nll=11.7432,str,outputs/logs/tht_tripgen_20260212_234749/train_tht_tripgen.log,ok,log,,,,
section_metric,metrics,strategy_tht_log,log,last_lines[28],[Epoch 026] train_nll=11.7585 val_nll=11.7424,str,outputs/logs/tht_tripgen_20260212_234749/train_tht_tripgen.log,ok,log,,,,
section_metric,metrics,strategy_tht_log,log,last_lines[29],[Epoch 027] train_nll=11.7558 val_nll=11.7409,str,outputs/logs/tht_tripgen_20260212_234749/train_tht_tripgen.log,ok,log,,,,
section_metric,metrics,strategy_tht_log,log,last_lines[30],[Epoch 028] train_nll=11.7539 val_nll=11.7432,str,outputs/logs/tht_tripgen_20260212_234749/train_tht_tripgen.log,ok,log,,,,
section_metric,metrics,strategy_tht_log,log,last_lines[31],[Epoch 029] train_nll=11.7517 val_nll=11.7394,str,outputs/logs/tht_tripgen_20260212_234749/train_tht_tripgen.log,ok,log,,,,
section_metric,metrics,strategy_tht_log,log,last_lines[32],[Epoch 030] train_nll=11.7502 val_nll=11.7373,str,outputs/logs/tht_tripgen_20260212_234749/train_tht_tripgen.log,ok,log,,,,
section_metric,metrics,strategy_tht_log,log,last_lines[33],[THT-TripGen] metrics saved: outputs/save_data/ryc/tht_tripgen_20260212_234749/metrics/metrics_tht_tripgen_val.json,str,outputs/logs/tht_tripgen_20260212_234749/train_tht_tripgen.log,ok,log,,,,
section_metric,metrics,strategy_tht_log,log,last_lines[34],[THT-TripGen] synthetic saved: outputs/save_data/ryc/tht_tripgen_20260212_234749/data/synthetic_tht_tripgen_val.csv,str,outputs/logs/tht_tripgen_20260212_234749/train_tht_tripgen.log,ok,log,,,,
section_metric,metrics,strategy_tht_log,log,last_lines[35],[THT-TripGen] metrics saved: outputs/save_data/ryc/tht_tripgen_20260212_234749/metrics/metrics_tht_tripgen_hold.json,str,outputs/logs/tht_tripgen_20260212_234749/train_tht_tripgen.log,ok,log,,,,
section_metric,metrics,strategy_tht_log,log,last_lines[36],[THT-TripGen] synthetic saved: outputs/save_data/ryc/tht_tripgen_20260212_234749/data/synthetic_tht_tripgen_hold.csv,str,outputs/logs/tht_tripgen_20260212_234749/train_tht_tripgen.log,ok,log,,,,
section_metric,metrics,strategy_tht_log,log,last_lines[37],[THT-TripGen] saved checkpoint=outputs/save_data/ryc/tht_tripgen_20260212_234749/tht_tripgen.pt,str,outputs/logs/tht_tripgen_20260212_234749/train_tht_tripgen.log,ok,log,,,,
section_status,section,strategy_tht_artifacts,artifacts,status,ok,str,,ok,artifacts,,,,
section_file,section,strategy_tht_artifacts,artifacts,file.size_bytes,0,int,,ok,artifacts,,,,
section_file,section,strategy_tht_artifacts,artifacts,file.sha256,,str,,ok,artifacts,,,,
section_metric,metrics,strategy_tht_artifacts,artifacts,run_dir,outputs/save_data/ryc/tht_tripgen_20260212_234749,str,,ok,artifacts,,,,
section_metric,metrics,strategy_tht_artifacts,artifacts,artifacts[0].exists,True,bool,,ok,artifacts,,,,
section_metric,metrics,strategy_tht_artifacts,artifacts,artifacts[0].path,outputs/save_data/ryc/tht_tripgen_20260212_234749/tht_tripgen.pt,str,,ok,artifacts,,,,
section_metric,metrics,strategy_tht_artifacts,artifacts,artifacts[0].size_bytes,11514481,int,,ok,artifacts,,,,
section_metric,metrics,strategy_tht_artifacts,artifacts,artifacts[0].mtime_iso,2026-02-13T03:16:31.307970+00:00,str,,ok,artifacts,,,,
section_metric,metrics,strategy_tht_artifacts,artifacts,artifacts[0].sha256,d572ea12e8d3601e7d06639cce2109f116db97a3039b81857b2a18f8bdcc7a2b,str,,ok,artifacts,,,,
section_metric,metrics,strategy_tht_artifacts,artifacts,artifacts[1].exists,True,bool,,ok,artifacts,,,,
section_metric,metrics,strategy_tht_artifacts,artifacts,artifacts[1].path,outputs/save_data/ryc/tht_tripgen_20260212_234749/mappings_tht_tripgen.json,str,,ok,artifacts,,,,
section_metric,metrics,strategy_tht_artifacts,artifacts,artifacts[1].size_bytes,3064,int,,ok,artifacts,,,,
section_metric,metrics,strategy_tht_artifacts,artifacts,artifacts[1].mtime_iso,2026-02-13T03:16:31.264969+00:00,str,,ok,artifacts,,,,
section_metric,metrics,strategy_tht_artifacts,artifacts,artifacts[1].sha256,4566d3501019e6bd17a242b6eec36d2d5ca96d92be1008c1312cbf164b327a3c,str,,ok,artifacts,,,,
section_metric,metrics,strategy_tht_artifacts,artifacts,artifacts[2].exists,True,bool,,ok,artifacts,,,,
section_metric,metrics,strategy_tht_artifacts,artifacts,artifacts[2].path,outputs/save_data/ryc/tht_tripgen_20260212_234749/loss_tht_tripgen.csv,str,,ok,artifacts,,,,
section_metric,metrics,strategy_tht_artifacts,artifacts,artifacts[2].size_bytes,8396,int,,ok,artifacts,,,,
section_metric,metrics,strategy_tht_artifacts,artifacts,artifacts[2].mtime_iso,2026-02-13T03:16:31.263969+00:00,str,,ok,artifacts,,,,
section_metric,metrics,strategy_tht_artifacts,artifacts,artifacts[2].sha256,a164c6cea77ff6108b8a322d795675673e7e4bc5d6287db6dc2bd594261b6163,str,,ok,artifacts,,,,
section_metric,metrics,strategy_tht_artifacts,artifacts,artifacts[3].exists,True,bool,,ok,artifacts,,,,
section_metric,metrics,strategy_tht_artifacts,artifacts,artifacts[3].path,outputs/save_data/ryc/tht_tripgen_20260212_234749/logs/scalars.csv,str,,ok,artifacts,,,,
section_metric,metrics,strategy_tht_artifacts,artifacts,artifacts[3].size_bytes,40294,int,,ok,artifacts,,,,
section_metric,metrics,strategy_tht_artifacts,artifacts,artifacts[3].mtime_iso,2026-02-13T05:18:30.142220+00:00,str,,ok,artifacts,,,,
section_metric,metrics,strategy_tht_artifacts,artifacts,artifacts[3].sha256,8fc3fdfbb80a95d43057e6c5ea1bf7656ebb451c51ed5af266bfa505d1289641,str,,ok,artifacts,,,,
section_metric,metrics,strategy_tht_artifacts,artifacts,artifacts[4].exists,True,bool,,ok,artifacts,,,,
section_metric,metrics,strategy_tht_artifacts,artifacts,artifacts[4].path,outputs/logs/tht_tripgen_20260212_234749/train_tht_tripgen.log,str,,ok,artifacts,,,,
section_metric,metrics,strategy_tht_artifacts,artifacts,artifacts[4].size_bytes,2120,int,,ok,artifacts,,,,
section_metric,metrics,strategy_tht_artifacts,artifacts,artifacts[4].mtime_iso,2026-02-13T05:18:30.142220+00:00,str,,ok,artifacts,,,,
section_metric,metrics,strategy_tht_artifacts,artifacts,artifacts[4].sha256,51cc4681e1df9de57e53689a06f239d2b56a4d0b2a9a08a58211c1635b9d7240,str,,ok,artifacts,,,,
loss_point,loss,strategy_tht_loss,loss,loss[0].train_nll_total,13.024033546447754,float,outputs/save_data/ryc/tht_tripgen_20260212_234749/loss_tht_tripgen.csv,ok,loss,1,0,,train_nll_total
loss_point,loss,strategy_tht_loss,loss,loss[0].train_nll_h,3.064527750015259,float,outputs/save_data/ryc/tht_tripgen_20260212_234749/loss_tht_tripgen.csv,ok,loss,1,0,,train_nll_h
loss_point,loss,strategy_tht_loss,loss,loss[0].train_nll_o,3.8793299198150635,float,outputs/save_data/ryc/tht_tripgen_20260212_234749/loss_tht_tripgen.csv,ok,loss,1,0,,train_nll_o
loss_point,loss,strategy_tht_loss,loss,loss[0].train_nll_d,4.152364253997803,float,outputs/save_data/ryc/tht_tripgen_20260212_234749/loss_tht_tripgen.csv,ok,loss,1,0,,train_nll_d
loss_point,loss,strategy_tht_loss,loss,loss[0].train_nll_r,0.006088691763579845,float,outputs/save_data/ryc/tht_tripgen_20260212_234749/loss_tht_tripgen.csv,ok,loss,1,0,,train_nll_r
loss_point,loss,strategy_tht_loss,loss,loss[0].train_nll_passenger,0.8311333656311035,float,outputs/save_data/ryc/tht_tripgen_20260212_234749/loss_tht_tripgen.csv,ok,loss,1,0,,train_nll_passenger
loss_point,loss,strategy_tht_loss,loss,loss[0].train_nll_total_amount,1.0905920267105103,float,outputs/save_data/ryc/tht_tripgen_20260212_234749/loss_tht_tripgen.csv,ok,loss,1,0,,train_nll_total_amount
loss_point,loss,strategy_tht_loss,loss,loss[0].val_nll_total,12.462056159973145,float,outputs/save_data/ryc/tht_tripgen_20260212_234749/loss_tht_tripgen.csv,ok,loss,1,0,,val_nll_total
loss_point,loss,strategy_tht_loss,loss,loss[0].val_nll_h,2.9895029067993164,float,outputs/save_data/ryc/tht_tripgen_20260212_234749/loss_tht_tripgen.csv,ok,loss,1,0,,val_nll_h
loss_point,loss,strategy_tht_loss,loss,loss[0].val_nll_o,3.786299705505371,float,outputs/save_data/ryc/tht_tripgen_20260212_234749/loss_tht_tripgen.csv,ok,loss,1,0,,val_nll_o
loss_point,loss,strategy_tht_loss,loss,loss[0].val_nll_d,3.9712467193603516,float,outputs/save_data/ryc/tht_tripgen_20260212_234749/loss_tht_tripgen.csv,ok,loss,1,0,,val_nll_d
loss_point,loss,strategy_tht_loss,loss,loss[0].val_nll_r,0.0004621068073902279,float,outputs/save_data/ryc/tht_tripgen_20260212_234749/loss_tht_tripgen.csv,ok,loss,1,0,,val_nll_r
loss_point,loss,strategy_tht_loss,loss,loss[0].val_nll_passenger,0.7568913102149963,float,outputs/save_data/ryc/tht_tripgen_20260212_234749/loss_tht_tripgen.csv,ok,loss,1,0,,val_nll_passenger
loss_point,loss,strategy_tht_loss,loss,loss[0].val_nll_total_amount,0.9576523900032043,float,outputs/save_data/ryc/tht_tripgen_20260212_234749/loss_tht_tripgen.csv,ok,loss,1,0,,val_nll_total_amount
loss_point,loss,strategy_tht_loss,loss,loss[1].train_nll_total,12.376243591308594,float,outputs/save_data/ryc/tht_tripgen_20260212_234749/loss_tht_tripgen.csv,ok,loss,2,1,,train_nll_total
loss_point,loss,strategy_tht_loss,loss,loss[1].train_nll_h,2.9788591861724854,float,outputs/save_data/ryc/tht_tripgen_20260212_234749/loss_tht_tripgen.csv,ok,loss,2,1,,train_nll_h
loss_point,loss,strategy_tht_loss,loss,loss[1].train_nll_o,3.79990553855896,float,outputs/save_data/ryc/tht_tripgen_20260212_234749/loss_tht_tripgen.csv,ok,loss,2,1,,train_nll_o
loss_point,loss,strategy_tht_loss,loss,loss[1].train_nll_d,3.944856643676758,float,outputs/save_data/ryc/tht_tripgen_20260212_234749/loss_tht_tripgen.csv,ok,loss,2,1,,train_nll_d
loss_point,loss,strategy_tht_loss,loss,loss[1].train_nll_r,0.00019886373775079846,float,outputs/save_data/ryc/tht_tripgen_20260212_234749/loss_tht_tripgen.csv,ok,loss,2,1,,train_nll_r
loss_point,loss,strategy_tht_loss,loss,loss[1].train_nll_passenger,0.7770802974700928,float,outputs/save_data/ryc/tht_tripgen_20260212_234749/loss_tht_tripgen.csv,ok,loss,2,1,,train_nll_passenger
loss_point,loss,strategy_tht_loss,loss,loss[1].train_nll_total_amount,0.8753536343574524,float,outputs/save_data/ryc/tht_tripgen_20260212_234749/loss_tht_tripgen.csv,ok,loss,2,1,,train_nll_total_amount
loss_point,loss,strategy_tht_loss,loss,loss[1].val_nll_total,12.192521095275879,float,outputs/save_data/ryc/tht_tripgen_20260212_234749/loss_tht_tripgen.csv,ok,loss,2,1,,val_nll_total
loss_point,loss,strategy_tht_loss,loss,loss[1].val_nll_h,2.9795281887054443,float,outputs/save_data/ryc/tht_tripgen_20260212_234749/loss_tht_tripgen.csv,ok,loss,2,1,,val_nll_h
loss_point,loss,strategy_tht_loss,loss,loss[1].val_nll_o,3.7832350730895996,float,outputs/save_data/ryc/tht_tripgen_20260212_234749/loss_tht_tripgen.csv,ok,loss,2,1,,val_nll_o
loss_point,loss,strategy_tht_loss,loss,loss[1].val_nll_d,3.906214952468872,float,outputs/save_data/ryc/tht_tripgen_20260212_234749/loss_tht_tripgen.csv,ok,loss,2,1,,val_nll_d
loss_point,loss,strategy_tht_loss,loss,loss[1].val_nll_r,-0.0010199379175901413,float,outputs/save_data/ryc/tht_tripgen_20260212_234749/loss_tht_tripgen.csv,ok,loss,2,1,,val_nll_r
loss_point,loss,strategy_tht_loss,loss,loss[1].val_nll_passenger,0.754029393196106,float,outputs/save_data/ryc/tht_tripgen_20260212_234749/loss_tht_tripgen.csv,ok,loss,2,1,,val_nll_passenger
loss_point,loss,strategy_tht_loss,loss,loss[1].val_nll_total_amount,0.7705397009849548,float,outputs/save_data/ryc/tht_tripgen_20260212_234749/loss_tht_tripgen.csv,ok,loss,2,1,,val_nll_total_amount
loss_point,loss,strategy_tht_loss,loss,loss[2].train_nll_total,12.175604820251465,float,outputs/save_data/ryc/tht_tripgen_20260212_234749/loss_tht_tripgen.csv,ok,loss,3,2,,train_nll_total
loss_point,loss,strategy_tht_loss,loss,loss[2].train_nll_h,2.9752044677734375,float,outputs/save_data/ryc/tht_tripgen_20260212_234749/loss_tht_tripgen.csv,ok,loss,3,2,,train_nll_h
loss_point,loss,strategy_tht_loss,loss,loss[2].train_nll_o,3.7960638999938965,float,outputs/save_data/ryc/tht_tripgen_20260212_234749/loss_tht_tripgen.csv,ok,loss,3,2,,train_nll_o
loss_point,loss,strategy_tht_loss,loss,loss[2].train_nll_d,3.9068500995635986,float,outputs/save_data/ryc/tht_tripgen_20260212_234749/loss_tht_tripgen.csv,ok,loss,3,2,,train_nll_d
loss_point,loss,strategy_tht_loss,loss,loss[2].train_nll_r,-0.0005783244268968701,float,outputs/save_data/ryc/tht_tripgen_20260212_234749/loss_tht_tripgen.csv,ok,loss,3,2,,train_nll_r
loss_point,loss,strategy_tht_loss,loss,loss[2].train_nll_passenger,0.7746182084083557,float,outputs/save_data/ryc/tht_tripgen_20260212_234749/loss_tht_tripgen.csv,ok,loss,3,2,,train_nll_passenger
loss_point,loss,strategy_tht_loss,loss,loss[2].train_nll_total_amount,0.7234355211257935,float,outputs/save_data/ryc/tht_tripgen_20260212_234749/loss_tht_tripgen.csv,ok,loss,3,2,,train_nll_total_amount
loss_point,loss,strategy_tht_loss,loss,loss[2].val_nll_total,12.032027244567871,float,outputs/save_data/ryc/tht_tripgen_20260212_234749/loss_tht_tripgen.csv,ok,loss,3,2,,val_nll_total
loss_point,loss,strategy_tht_loss,loss,loss[2].val_nll_h,2.9788479804992676,float,outputs/save_data/ryc/tht_tripgen_20260212_234749/loss_tht_tripgen.csv,ok,loss,3,2,,val_nll_h
loss_point,loss,strategy_tht_loss,loss,loss[2].val_nll_o,3.782822370529175,float,outputs/save_data/ryc/tht_tripgen_20260212_234749/loss_tht_tripgen.csv,ok,loss,3,2,,val_nll_o
loss_point,loss,strategy_tht_loss,loss,loss[2].val_nll_d,3.8843367099761963,float,outputs/save_data/ryc/tht_tripgen_20260212_234749/loss_tht_tripgen.csv,ok,loss,3,2,,val_nll_d
loss_point,loss,strategy_tht_loss,loss,loss[2].val_nll_r,-0.0015783478738740087,float,outputs/save_data/ryc/tht_tripgen_20260212_234749/loss_tht_tripgen.csv,ok,loss,3,2,,val_nll_r
loss_point,loss,strategy_tht_loss,loss,loss[2].val_nll_passenger,0.7529123425483704,float,outputs/save_data/ryc/tht_tripgen_20260212_234749/loss_tht_tripgen.csv,ok,loss,3,2,,val_nll_passenger
loss_point,loss,strategy_tht_loss,loss,loss[2].val_nll_total_amount,0.6346824765205383,float,outputs/save_data/ryc/tht_tripgen_20260212_234749/loss_tht_tripgen.csv,ok,loss,3,2,,val_nll_total_amount
loss_point,loss,strategy_tht_loss,loss,loss[3].train_nll_total,12.054091453552246,float,outputs/save_data/ryc/tht_tripgen_20260212_234749/loss_tht_tripgen.csv,ok,loss,4,3,,train_nll_total
loss_point,loss,strategy_tht_loss,loss,loss[3].train_nll_h,2.974837303161621,float,outputs/save_data/ryc/tht_tripgen_20260212_234749/loss_tht_tripgen.csv,ok,loss,4,3,,train_nll_h
loss_point,loss,strategy_tht_loss,loss,loss[3].train_nll_o,3.7944042682647705,float,outputs/save_data/ryc/tht_tripgen_20260212_234749/loss_tht_tripgen.csv,ok,loss,4,3,,train_nll_o
loss_point,loss,strategy_tht_loss,loss,loss[3].train_nll_d,3.8901498317718506,float,outputs/save_data/ryc/tht_tripgen_20260212_234749/loss_tht_tripgen.csv,ok,loss,4,3,,train_nll_d
loss_point,loss,strategy_tht_loss,loss,loss[3].train_nll_r,-0.0012496460694819689,float,outputs/save_data/ryc/tht_tripgen_20260212_234749/loss_tht_tripgen.csv,ok,loss,4,3,,train_nll_r
loss_point,loss,strategy_tht_loss,loss,loss[3].train_nll_passenger,0.7732648253440857,float,outputs/save_data/ryc/tht_tripgen_20260212_234749/loss_tht_tripgen.csv,ok,loss,4,3,,train_nll_passenger
loss_point,loss,strategy_tht_loss,loss,loss[3].train_nll_total_amount,0.6226785182952881,float,outputs/save_data/ryc/tht_tripgen_20260212_234749/loss_tht_tripgen.csv,ok,loss,4,3,,train_nll_total_amount
loss_point,loss,strategy_tht_loss,loss,loss[3].val_nll_total,11.951554298400879,float,outputs/save_data/ryc/tht_tripgen_20260212_234749/loss_tht_tripgen.csv,ok,loss,4,3,,val_nll_total
loss_point,loss,strategy_tht_loss,loss,loss[3].val_nll_h,2.9787182807922363,float,outputs/save_data/ryc/tht_tripgen_20260212_234749/loss_tht_tripgen.csv,ok,loss,4,3,,val_nll_h
loss_point,loss,strategy_tht_loss,loss,loss[3].val_nll_o,3.782661199569702,float,outputs/save_data/ryc/tht_tripgen_20260212_234749/loss_tht_tripgen.csv,ok,loss,4,3,,val_nll_o
loss_point,loss,strategy_tht_loss,loss,loss[3].val_nll_d,3.873507261276245,float,outputs/save_data/ryc/tht_tripgen_20260212_234749/loss_tht_tripgen.csv,ok,loss,4,3,,val_nll_d
loss_point,loss,strategy_tht_loss,loss,loss[3].val_nll_r,-0.001584453391842544,float,outputs/save_data/ryc/tht_tripgen_20260212_234749/loss_tht_tripgen.csv,ok,loss,4,3,,val_nll_r
loss_point,loss,strategy_tht_loss,loss,loss[3].val_nll_passenger,0.7521304488182068,float,outputs/save_data/ryc/tht_tripgen_20260212_234749/loss_tht_tripgen.csv,ok,loss,4,3,,val_nll_passenger
loss_point,loss,strategy_tht_loss,loss,loss[3].val_nll_total_amount,0.5661240816116333,float,outputs/save_data/ryc/tht_tripgen_20260212_234749/loss_tht_tripgen.csv,ok,loss,4,3,,val_nll_total_amount
loss_point,loss,strategy_tht_loss,loss,loss[4].train_nll_total,11.986298561096191,float,outputs/save_data/ryc/tht_tripgen_20260212_234749/loss_tht_tripgen.csv,ok,loss,5,4,,train_nll_total
loss_point,loss,strategy_tht_loss,loss,loss[4].train_nll_h,2.9747495651245117,float,outputs/save_data/ryc/tht_tripgen_20260212_234749/loss_tht_tripgen.csv,ok,loss,5,4,,train_nll_h
loss_point,loss,strategy_tht_loss,loss,loss[4].train_nll_o,3.7933804988861084,float,outputs/save_data/ryc/tht_tripgen_20260212_234749/loss_tht_tripgen.csv,ok,loss,5,4,,train_nll_o
loss_point,loss,strategy_tht_loss,loss,loss[4].train_nll_d,3.8806424140930176,float,outputs/save_data/ryc/tht_tripgen_20260212_234749/loss_tht_tripgen.csv,ok,loss,5,4,,train_nll_d
loss_point,loss,strategy_tht_loss,loss,loss[4].train_nll_r,-0.0016436740988865495,float,outputs/save_data/ryc/tht_tripgen_20260212_234749/loss_tht_tripgen.csv,ok,loss,5,4,,train_nll_r
loss_point,loss,strategy_tht_loss,loss,loss[4].train_nll_passenger,0.7724459767341614,float,outputs/save_data/ryc/tht_tripgen_20260212_234749/loss_tht_tripgen.csv,ok,loss,5,4,,train_nll_passenger
loss_point,loss,strategy_tht_loss,loss,loss[4].train_nll_total_amount,0.5667172074317932,float,outputs/save_data/ryc/tht_tripgen_20260212_234749/loss_tht_tripgen.csv,ok,loss,5,4,,train_nll_total_amount
loss_point,loss,strategy_tht_loss,loss,loss[4].val_nll_total,11.908161163330078,float,outputs/save_data/ryc/tht_tripgen_20260212_234749/loss_tht_tripgen.csv,ok,loss,5,4,,val_nll_total
loss_point,loss,strategy_tht_loss,loss,loss[4].val_nll_h,2.978644847869873,float,outputs/save_data/ryc/tht_tripgen_20260212_234749/loss_tht_tripgen.csv,ok,loss,5,4,,val_nll_h
loss_point,loss,strategy_tht_loss,loss,loss[4].val_nll_o,3.7817189693450928,float,outputs/save_data/ryc/tht_tripgen_20260212_234749/loss_tht_tripgen.csv,ok,loss,5,4,,val_nll_o
loss_point,loss,strategy_tht_loss,loss,loss[4].val_nll_d,3.8667707443237305,float,outputs/save_data/ryc/tht_tripgen_20260212_234749/loss_tht_tripgen.csv,ok,loss,5,4,,val_nll_d
loss_point,loss,strategy_tht_loss,loss,loss[4].val_nll_r,-0.0017224218463525176,float,outputs/save_data/ryc/tht_tripgen_20260212_234749/loss_tht_tripgen.csv,ok,loss,5,4,,val_nll_r
loss_point,loss,strategy_tht_loss,loss,loss[4].val_nll_passenger,0.7514452934265137,float,outputs/save_data/ryc/tht_tripgen_20260212_234749/loss_tht_tripgen.csv,ok,loss,5,4,,val_nll_passenger
loss_point,loss,strategy_tht_loss,loss,loss[4].val_nll_total_amount,0.5313038229942322,float,outputs/save_data/ryc/tht_tripgen_20260212_234749/loss_tht_tripgen.csv,ok,loss,5,4,,val_nll_total_amount
loss_point,loss,strategy_tht_loss,loss,loss[5].train_nll_total,11.942058563232422,float,outputs/save_data/ryc/tht_tripgen_20260212_234749/loss_tht_tripgen.csv,ok,loss,6,5,,train_nll_total
loss_point,loss,strategy_tht_loss,loss,loss[5].train_nll_h,2.974719285964966,float,outputs/save_data/ryc/tht_tripgen_20260212_234749/loss_tht_tripgen.csv,ok,loss,6,5,,train_nll_h
loss_point,loss,strategy_tht_loss,loss,loss[5].train_nll_o,3.7926719188690186,float,outputs/save_data/ryc/tht_tripgen_20260212_234749/loss_tht_tripgen.csv,ok,loss,6,5,,train_nll_o
loss_point,loss,strategy_tht_loss,loss,loss[5].train_nll_d,3.8744537830352783,float,outputs/save_data/ryc/tht_tripgen_20260212_234749/loss_tht_tripgen.csv,ok,loss,6,5,,train_nll_d
loss_point,loss,strategy_tht_loss,loss,loss[5].train_nll_r,-0.001877147820778191,float,outputs/save_data/ryc/tht_tripgen_20260212_234749/loss_tht_tripgen.csv,ok,loss,6,5,,train_nll_r
loss_point,loss,strategy_tht_loss,loss,loss[5].train_nll_passenger,0.7717636227607727,float,outputs/save_data/ryc/tht_tripgen_20260212_234749/loss_tht_tripgen.csv,ok,loss,6,5,,train_nll_passenger
loss_point,loss,strategy_tht_loss,loss,loss[5].train_nll_total_amount,0.5303376317024231,float,outputs/save_data/ryc/tht_tripgen_20260212_234749/loss_tht_tripgen.csv,ok,loss,6,5,,train_nll_total_amount
loss_point,loss,strategy_tht_loss,loss,loss[5].val_nll_total,11.86916446685791,float,outputs/save_data/ryc/tht_tripgen_20260212_234749/loss_tht_tripgen.csv,ok,loss,6,5,,val_nll_total
loss_point,loss,strategy_tht_loss,loss,loss[5].val_nll_h,2.9785594940185547,float,outputs/save_data/ryc/tht_tripgen_20260212_234749/loss_tht_tripgen.csv,ok,loss,6,5,,val_nll_h
loss_point,loss,strategy_tht_loss,loss,loss[5].val_nll_o,3.7826249599456787,float,outputs/save_data/ryc/tht_tripgen_20260212_234749/loss_tht_tripgen.csv,ok,loss,6,5,,val_nll_o
loss_point,loss,strategy_tht_loss,loss,loss[5].val_nll_d,3.862455368041992,float,outputs/save_data/ryc/tht_tripgen_20260212_234749/loss_tht_tripgen.csv,ok,loss,6,5,,val_nll_d
loss_point,loss,strategy_tht_loss,loss,loss[5].val_nll_r,-0.002298546489328146,float,outputs/save_data/ryc/tht_tripgen_20260212_234749/loss_tht_tripgen.csv,ok,loss,6,5,,val_nll_r
loss_point,loss,strategy_tht_loss,loss,loss[5].val_nll_passenger,0.7509356737136841,float,outputs/save_data/ryc/tht_tripgen_20260212_234749/loss_tht_tripgen.csv,ok,loss,6,5,,val_nll_passenger
loss_point,loss,strategy_tht_loss,loss,loss[5].val_nll_total_amount,0.4968912899494171,float,outputs/save_data/ryc/tht_tripgen_20260212_234749/loss_tht_tripgen.csv,ok,loss,6,5,,val_nll_total_amount
loss_point,loss,strategy_tht_loss,loss,loss[6].train_nll_total,11.909850120544434,float,outputs/save_data/ryc/tht_tripgen_20260212_234749/loss_tht_tripgen.csv,ok,loss,7,6,,train_nll_total
loss_point,loss,strategy_tht_loss,loss,loss[6].train_nll_h,2.9747164249420166,float,outputs/save_data/ryc/tht_tripgen_20260212_234749/loss_tht_tripgen.csv,ok,loss,7,6,,train_nll_h
loss_point,loss,strategy_tht_loss,loss,loss[6].train_nll_o,3.792210817337036,float,outputs/save_data/ryc/tht_tripgen_20260212_234749/loss_tht_tripgen.csv,ok,loss,7,6,,train_nll_o
loss_point,loss,strategy_tht_loss,loss,loss[6].train_nll_d,3.8698573112487793,float,outputs/save_data/ryc/tht_tripgen_20260212_234749/loss_tht_tripgen.csv,ok,loss,7,6,,train_nll_d
loss_point,loss,strategy_tht_loss,loss,loss[6].train_nll_r,-0.002139484975486994,float,outputs/save_data/ryc/tht_tripgen_20260212_234749/loss_tht_tripgen.csv,ok,loss,7,6,,train_nll_r
loss_point,loss,strategy_tht_loss,loss,loss[6].train_nll_passenger,0.7711519598960876,float,outputs/save_data/ryc/tht_tripgen_20260212_234749/loss_tht_tripgen.csv,ok,loss,7,6,,train_nll_passenger
loss_point,loss,strategy_tht_loss,loss,loss[6].train_nll_total_amount,0.5040531158447266,float,outputs/save_data/ryc/tht_tripgen_20260212_234749/loss_tht_tripgen.csv,ok,loss,7,6,,train_nll_total_amount
loss_point,loss,strategy_tht_loss,loss,loss[6].val_nll_total,11.856830596923828,float,outputs/save_data/ryc/tht_tripgen_20260212_234749/loss_tht_tripgen.csv,ok,loss,7,6,,val_nll_total
loss_point,loss,strategy_tht_loss,loss,loss[6].val_nll_h,2.9785518646240234,float,outputs/save_data/ryc/tht_tripgen_20260212_234749/loss_tht_tripgen.csv,ok,loss,7,6,,val_nll_h
loss_point,loss,strategy_tht_loss,loss,loss[6].val_nll_o,3.7820069789886475,float,outputs/save_data/ryc/tht_tripgen_20260212_234749/loss_tht_tripgen.csv,ok,loss,7,6,,val_nll_o
loss_point,loss,strategy_tht_loss,loss,loss[6].val_nll_d,3.858999013900757,float,outputs/save_data/ryc/tht_tripgen_20260212_234749/loss_tht_tripgen.csv,ok,loss,7,6,,val_nll_d
loss_point,loss,strategy_tht_loss,loss,loss[6].val_nll_r,-0.002425078535452485,float,outputs/save_data/ryc/tht_tripgen_20260212_234749/loss_tht_tripgen.csv,ok,loss,7,6,,val_nll_r
loss_point,loss,strategy_tht_loss,loss,loss[6].val_nll_passenger,0.7504934072494507,float,outputs/save_data/ryc/tht_tripgen_20260212_234749/loss_tht_tripgen.csv,ok,loss,7,6,,val_nll_passenger
loss_point,loss,strategy_tht_loss,loss,loss[6].val_nll_total_amount,0.48920342326164246,float,outputs/save_data/ryc/tht_tripgen_20260212_234749/loss_tht_tripgen.csv,ok,loss,7,6,,val_nll_total_amount
loss_point,loss,strategy_tht_loss,loss,loss[7].train_nll_total,11.885003089904785,float,outputs/save_data/ryc/tht_tripgen_20260212_234749/loss_tht_tripgen.csv,ok,loss,8,7,,train_nll_total
loss_point,loss,strategy_tht_loss,loss,loss[7].train_nll_h,2.9747166633605957,float,outputs/save_data/ryc/tht_tripgen_20260212_234749/loss_tht_tripgen.csv,ok,loss,8,7,,train_nll_h
loss_point,loss,strategy_tht_loss,loss,loss[7].train_nll_o,3.7918550968170166,float,outputs/save_data/ryc/tht_tripgen_20260212_234749/loss_tht_tripgen.csv,ok,loss,8,7,,train_nll_o
loss_point,loss,strategy_tht_loss,loss,loss[7].train_nll_d,3.8660316467285156,float,outputs/save_data/ryc/tht_tripgen_20260212_234749/loss_tht_tripgen.csv,ok,loss,8,7,,train_nll_d
loss_point,loss,strategy_tht_loss,loss,loss[7].train_nll_r,-0.002186054131016135,float,outputs/save_data/ryc/tht_tripgen_20260212_234749/loss_tht_tripgen.csv,ok,loss,8,7,,train_nll_r
loss_point,loss,strategy_tht_loss,loss,loss[7].train_nll_passenger,0.7706294059753418,float,outputs/save_data/ryc/tht_tripgen_20260212_234749/loss_tht_tripgen.csv,ok,loss,8,7,,train_nll_passenger
loss_point,loss,strategy_tht_loss,loss,loss[7].train_nll_total_amount,0.4839656949043274,float,outputs/save_data/ryc/tht_tripgen_20260212_234749/loss_tht_tripgen.csv,ok,loss,8,7,,train_nll_total_amount
loss_point,loss,strategy_tht_loss,loss,loss[7].val_nll_total,11.829850196838379,float,outputs/save_data/ryc/tht_tripgen_20260212_234749/loss_tht_tripgen.csv,ok,loss,8,7,,val_nll_total
loss_point,loss,strategy_tht_loss,loss,loss[7].val_nll_h,2.978583812713623,float,outputs/save_data/ryc/tht_tripgen_20260212_234749/loss_tht_tripgen.csv,ok,loss,8,7,,val_nll_h
loss_point,loss,strategy_tht_loss,loss,loss[7].val_nll_o,3.782066583633423,float,outputs/save_data/ryc/tht_tripgen_20260212_234749/loss_tht_tripgen.csv,ok,loss,8,7,,val_nll_o
loss_point,loss,strategy_tht_loss,loss,loss[7].val_nll_d,3.856137990951538,float,outputs/save_data/ryc/tht_tripgen_20260212_234749/loss_tht_tripgen.csv,ok,loss,8,7,,val_nll_d
loss_point,loss,strategy_tht_loss,loss,loss[7].val_nll_r,-0.0019979255739599466,float,outputs/save_data/ryc/tht_tripgen_20260212_234749/loss_tht_tripgen.csv,ok,loss,8,7,,val_nll_r
loss_point,loss,strategy_tht_loss,loss,loss[7].val_nll_passenger,0.7501722574234009,float,outputs/save_data/ryc/tht_tripgen_20260212_234749/loss_tht_tripgen.csv,ok,loss,8,7,,val_nll_passenger
loss_point,loss,strategy_tht_loss,loss,loss[7].val_nll_total_amount,0.4648893475532532,float,outputs/save_data/ryc/tht_tripgen_20260212_234749/loss_tht_tripgen.csv,ok,loss,8,7,,val_nll_total_amount
loss_point,loss,strategy_tht_loss,loss,loss[8].train_nll_total,11.865129470825195,float,outputs/save_data/ryc/tht_tripgen_20260212_234749/loss_tht_tripgen.csv,ok,loss,9,8,,train_nll_total
loss_point,loss,strategy_tht_loss,loss,loss[8].train_nll_h,2.974703311920166,float,outputs/save_data/ryc/tht_tripgen_20260212_234749/loss_tht_tripgen.csv,ok,loss,9,8,,train_nll_h
loss_point,loss,strategy_tht_loss,loss,loss[8].train_nll_o,3.791559934616089,float,outputs/save_data/ryc/tht_tripgen_20260212_234749/loss_tht_tripgen.csv,ok,loss,9,8,,train_nll_o
loss_point,loss,strategy_tht_loss,loss,loss[8].train_nll_d,3.863430976867676,float,outputs/save_data/ryc/tht_tripgen_20260212_234749/loss_tht_tripgen.csv,ok,loss,9,8,,train_nll_d
loss_point,loss,strategy_tht_loss,loss,loss[8].train_nll_r,-0.0024479625280946493,float,outputs/save_data/ryc/tht_tripgen_20260212_234749/loss_tht_tripgen.csv,ok,loss,9,8,,train_nll_r
loss_point,loss,strategy_tht_loss,loss,loss[8].train_nll_passenger,0.7702344655990601,float,outputs/save_data/ryc/tht_tripgen_20260212_234749/loss_tht_tripgen.csv,ok,loss,9,8,,train_nll_passenger
loss_point,loss,strategy_tht_loss,loss,loss[8].train_nll_total_amount,0.4676418602466583,float,outputs/save_data/ryc/tht_tripgen_20260212_234749/loss_tht_tripgen.csv,ok,loss,9,8,,train_nll_total_amount
loss_point,loss,strategy_tht_loss,loss,loss[8].val_nll_total,11.815747261047363,float,outputs/save_data/ryc/tht_tripgen_20260212_234749/loss_tht_tripgen.csv,ok,loss,9,8,,val_nll_total
loss_point,loss,strategy_tht_loss,loss,loss[8].val_nll_h,2.978522777557373,float,outputs/save_data/ryc/tht_tripgen_20260212_234749/loss_tht_tripgen.csv,ok,loss,9,8,,val_nll_h
loss_point,loss,strategy_tht_loss,loss,loss[8].val_nll_o,3.782146692276001,float,outputs/save_data/ryc/tht_tripgen_20260212_234749/loss_tht_tripgen.csv,ok,loss,9,8,,val_nll_o
loss_point,loss,strategy_tht_loss,loss,loss[8].val_nll_d,3.8540632724761963,float,outputs/save_data/ryc/tht_tripgen_20260212_234749/loss_tht_tripgen.csv,ok,loss,9,8,,val_nll_d
loss_point,loss,strategy_tht_loss,loss,loss[8].val_nll_r,-0.002707462990656495,float,outputs/save_data/ryc/tht_tripgen_20260212_234749/loss_tht_tripgen.csv,ok,loss,9,8,,val_nll_r
loss_point,loss,strategy_tht_loss,loss,loss[8].val_nll_passenger,0.74979168176651,float,outputs/save_data/ryc/tht_tripgen_20260212_234749/loss_tht_tripgen.csv,ok,loss,9,8,,val_nll_passenger
loss_point,loss,strategy_tht_loss,loss,loss[8].val_nll_total_amount,0.45393291115760803,float,outputs/save_data/ryc/tht_tripgen_20260212_234749/loss_tht_tripgen.csv,ok,loss,9,8,,val_nll_total_amount
loss_point,loss,strategy_tht_loss,loss,loss[9].train_nll_total,11.848801612854004,float,outputs/save_data/ryc/tht_tripgen_20260212_234749/loss_tht_tripgen.csv,ok,loss,10,9,,train_nll_total
loss_point,loss,strategy_tht_loss,loss,loss[9].train_nll_h,2.9747095108032227,float,outputs/save_data/ryc/tht_tripgen_20260212_234749/loss_tht_tripgen.csv,ok,loss,10,9,,train_nll_h
loss_point,loss,strategy_tht_loss,loss,loss[9].train_nll_o,3.791261911392212,float,outputs/save_data/ryc/tht_tripgen_20260212_234749/loss_tht_tripgen.csv,ok,loss,10,9,,train_nll_o
loss_point,loss,strategy_tht_loss,loss,loss[9].train_nll_d,3.860837936401367,float,outputs/save_data/ryc/tht_tripgen_20260212_234749/loss_tht_tripgen.csv,ok,loss,10,9,,train_nll_d
loss_point,loss,strategy_tht_loss,loss,loss[9].train_nll_r,-0.002574558835476637,float,outputs/save_data/ryc/tht_tripgen_20260212_234749/loss_tht_tripgen.csv,ok,loss,10,9,,train_nll_r
loss_point,loss,strategy_tht_loss,loss,loss[9].train_nll_passenger,0.7698293924331665,float,outputs/save_data/ryc/tht_tripgen_20260212_234749/loss_tht_tripgen.csv,ok,loss,10,9,,train_nll_passenger
loss_point,loss,strategy_tht_loss,loss,loss[9].train_nll_total_amount,0.4547266662120819,float,outputs/save_data/ryc/tht_tripgen_20260212_234749/loss_tht_tripgen.csv,ok,loss,10,9,,train_nll_total_amount
loss_point,loss,strategy_tht_loss,loss,loss[9].val_nll_total,11.804609298706055,float,outputs/save_data/ryc/tht_tripgen_20260212_234749/loss_tht_tripgen.csv,ok,loss,10,9,,val_nll_total
loss_point,loss,strategy_tht_loss,loss,loss[9].val_nll_h,2.9785714149475098,float,outputs/save_data/ryc/tht_tripgen_20260212_234749/loss_tht_tripgen.csv,ok,loss,10,9,,val_nll_h
loss_point,loss,strategy_tht_loss,loss,loss[9].val_nll_o,3.782156229019165,float,outputs/save_data/ryc/tht_tripgen_20260212_234749/loss_tht_tripgen.csv,ok,loss,10,9,,val_nll_o
loss_point,loss,strategy_tht_loss,loss,loss[9].val_nll_d,3.853114366531372,float,outputs/save_data/ryc/tht_tripgen_20260212_234749/loss_tht_tripgen.csv,ok,loss,10,9,,val_nll_d
loss_point,loss,strategy_tht_loss,loss,loss[9].val_nll_r,-0.0022074992302805185,float,outputs/save_data/ryc/tht_tripgen_20260212_234749/loss_tht_tripgen.csv,ok,loss,10,9,,val_nll_r
loss_point,loss,strategy_tht_loss,loss,loss[9].val_nll_passenger,0.7494546175003052,float,outputs/save_data/ryc/tht_tripgen_20260212_234749/loss_tht_tripgen.csv,ok,loss,10,9,,val_nll_passenger
loss_point,loss,strategy_tht_loss,loss,loss[9].val_nll_total_amount,0.4435194134712219,float,outputs/save_data/ryc/tht_tripgen_20260212_234749/loss_tht_tripgen.csv,ok,loss,10,9,,val_nll_total_amount
loss_point,loss,strategy_tht_loss,loss,loss[10].train_nll_total,11.836015701293945,float,outputs/save_data/ryc/tht_tripgen_20260212_234749/loss_tht_tripgen.csv,ok,loss,11,10,,train_nll_total
loss_point,loss,strategy_tht_loss,loss,loss[10].train_nll_h,2.974702835083008,float,outputs/save_data/ryc/tht_tripgen_20260212_234749/loss_tht_tripgen.csv,ok,loss,11,10,,train_nll_h
loss_point,loss,strategy_tht_loss,loss,loss[10].train_nll_o,3.7911274433135986,float,outputs/save_data/ryc/tht_tripgen_20260212_234749/loss_tht_tripgen.csv,ok,loss,11,10,,train_nll_o
loss_point,loss,strategy_tht_loss,loss,loss[10].train_nll_d,3.858721971511841,float,outputs/save_data/ryc/tht_tripgen_20260212_234749/loss_tht_tripgen.csv,ok,loss,11,10,,train_nll_d
loss_point,loss,strategy_tht_loss,loss,loss[10].train_nll_r,-0.0026552854105830193,float,outputs/save_data/ryc/tht_tripgen_20260212_234749/loss_tht_tripgen.csv,ok,loss,11,10,,train_nll_r
loss_point,loss,strategy_tht_loss,loss,loss[10].train_nll_passenger,0.7694675922393799,float,outputs/save_data/ryc/tht_tripgen_20260212_234749/loss_tht_tripgen.csv,ok,loss,11,10,,train_nll_passenger
loss_point,loss,strategy_tht_loss,loss,loss[10].train_nll_total_amount,0.4446530342102051,float,outputs/save_data/ryc/tht_tripgen_20260212_234749/loss_tht_tripgen.csv,ok,loss,11,10,,train_nll_total_amount
loss_point,loss,strategy_tht_loss,loss,loss[10].val_nll_total,11.786338806152344,float,outputs/save_data/ryc/tht_tripgen_20260212_234749/loss_tht_tripgen.csv,ok,loss,11,10,,val_nll_total
loss_point,loss,strategy_tht_loss,loss,loss[10].val_nll_h,2.978605270385742,float,outputs/save_data/ryc/tht_tripgen_20260212_234749/loss_tht_tripgen.csv,ok,loss,11,10,,val_nll_h
loss_point,loss,strategy_tht_loss,loss,loss[10].val_nll_o,3.7819793224334717,float,outputs/save_data/ryc/tht_tripgen_20260212_234749/loss_tht_tripgen.csv,ok,loss,11,10,,val_nll_o
loss_point,loss,strategy_tht_loss,loss,loss[10].val_nll_d,3.8502840995788574,float,outputs/save_data/ryc/tht_tripgen_20260212_234749/loss_tht_tripgen.csv,ok,loss,11,10,,val_nll_d
loss_point,loss,strategy_tht_loss,loss,loss[10].val_nll_r,-0.0026163908187299967,float,outputs/save_data/ryc/tht_tripgen_20260212_234749/loss_tht_tripgen.csv,ok,loss,11,10,,val_nll_r
loss_point,loss,strategy_tht_loss,loss,loss[10].val_nll_passenger,0.7498454451560974,float,outputs/save_data/ryc/tht_tripgen_20260212_234749/loss_tht_tripgen.csv,ok,loss,11,10,,val_nll_passenger
loss_point,loss,strategy_tht_loss,loss,loss[10].val_nll_total_amount,0.42824259400367737,float,outputs/save_data/ryc/tht_tripgen_20260212_234749/loss_tht_tripgen.csv,ok,loss,11,10,,val_nll_total_amount
loss_point,loss,strategy_tht_loss,loss,loss[11].train_nll_total,11.825421333312988,float,outputs/save_data/ryc/tht_tripgen_20260212_234749/loss_tht_tripgen.csv,ok,loss,12,11,,train_nll_total
loss_point,loss,strategy_tht_loss,loss,loss[11].train_nll_h,2.9747185707092285,float,outputs/save_data/ryc/tht_tripgen_20260212_234749/loss_tht_tripgen.csv,ok,loss,12,11,,train_nll_h
loss_point,loss,strategy_tht_loss,loss,loss[11].train_nll_o,3.790853977203369,float,outputs/save_data/ryc/tht_tripgen_20260212_234749/loss_tht_tripgen.csv,ok,loss,12,11,,train_nll_o
loss_point,loss,strategy_tht_loss,loss,loss[11].train_nll_d,3.8571813106536865,float,outputs/save_data/ryc/tht_tripgen_20260212_234749/loss_tht_tripgen.csv,ok,loss,12,11,,train_nll_d
loss_point,loss,strategy_tht_loss,loss,loss[11].train_nll_r,-0.0028211823664605618,float,outputs/save_data/ryc/tht_tripgen_20260212_234749/loss_tht_tripgen.csv,ok,loss,12,11,,train_nll_r
loss_point,loss,strategy_tht_loss,loss,loss[11].train_nll_passenger,0.769202470779419,float,outputs/save_data/ryc/tht_tripgen_20260212_234749/loss_tht_tripgen.csv,ok,loss,12,11,,train_nll_passenger
loss_point,loss,strategy_tht_loss,loss,loss[11].train_nll_total_amount,0.4362879991531372,float,outputs/save_data/ryc/tht_tripgen_20260212_234749/loss_tht_tripgen.csv,ok,loss,12,11,,train_nll_total_amount
loss_point,loss,strategy_tht_loss,loss,loss[11].val_nll_total,11.787630081176758,float,outputs/save_data/ryc/tht_tripgen_20260212_234749/loss_tht_tripgen.csv,ok,loss,12,11,,val_nll_total
loss_point,loss,strategy_tht_loss,loss,loss[11].val_nll_h,2.978574514389038,float,outputs/save_data/ryc/tht_tripgen_20260212_234749/loss_tht_tripgen.csv,ok,loss,12,11,,val_nll_h
loss_point,loss,strategy_tht_loss,loss,loss[11].val_nll_o,3.7815403938293457,float,outputs/save_data/ryc/tht_tripgen_20260212_234749/loss_tht_tripgen.csv,ok,loss,12,11,,val_nll_o
loss_point,loss,strategy_tht_loss,loss,loss[11].val_nll_d,3.849168062210083,float,outputs/save_data/ryc/tht_tripgen_20260212_234749/loss_tht_tripgen.csv,ok,loss,12,11,,val_nll_d
loss_point,loss,strategy_tht_loss,loss,loss[11].val_nll_r,-0.0030736771877855062,float,outputs/save_data/ryc/tht_tripgen_20260212_234749/loss_tht_tripgen.csv,ok,loss,12,11,,val_nll_r
loss_point,loss,strategy_tht_loss,loss,loss[11].val_nll_passenger,0.7490381598472595,float,outputs/save_data/ryc/tht_tripgen_20260212_234749/loss_tht_tripgen.csv,ok,loss,12,11,,val_nll_passenger
loss_point,loss,strategy_tht_loss,loss,loss[11].val_nll_total_amount,0.4323817491531372,float,outputs/save_data/ryc/tht_tripgen_20260212_234749/loss_tht_tripgen.csv,ok,loss,12,11,,val_nll_total_amount
loss_point,loss,strategy_tht_loss,loss,loss[12].train_nll_total,11.816064834594727,float,outputs/save_data/ryc/tht_tripgen_20260212_234749/loss_tht_tripgen.csv,ok,loss,13,12,,train_nll_total
loss_point,loss,strategy_tht_loss,loss,loss[12].train_nll_h,2.97471022605896,float,outputs/save_data/ryc/tht_tripgen_20260212_234749/loss_tht_tripgen.csv,ok,loss,13,12,,train_nll_h
loss_point,loss,strategy_tht_loss,loss,loss[12].train_nll_o,3.7907328605651855,float,outputs/save_data/ryc/tht_tripgen_20260212_234749/loss_tht_tripgen.csv,ok,loss,13,12,,train_nll_o
loss_point,loss,strategy_tht_loss,loss,loss[12].train_nll_d,3.8555357456207275,float,outputs/save_data/ryc/tht_tripgen_20260212_234749/loss_tht_tripgen.csv,ok,loss,13,12,,train_nll_d
loss_point,loss,strategy_tht_loss,loss,loss[12].train_nll_r,-0.002935322467237711,float,outputs/save_data/ryc/tht_tripgen_20260212_234749/loss_tht_tripgen.csv,ok,loss,13,12,,train_nll_r
loss_point,loss,strategy_tht_loss,loss,loss[12].train_nll_passenger,0.768956184387207,float,outputs/save_data/ryc/tht_tripgen_20260212_234749/loss_tht_tripgen.csv,ok,loss,13,12,,train_nll_passenger
loss_point,loss,strategy_tht_loss,loss,loss[12].train_nll_total_amount,0.4290713369846344,float,outputs/save_data/ryc/tht_tripgen_20260212_234749/loss_tht_tripgen.csv,ok,loss,13,12,,train_nll_total_amount
loss_point,loss,strategy_tht_loss,loss,loss[12].val_nll_total,11.780463218688965,float,outputs/save_data/ryc/tht_tripgen_20260212_234749/loss_tht_tripgen.csv,ok,loss,13,12,,val_nll_total
loss_point,loss,strategy_tht_loss,loss,loss[12].val_nll_h,2.9785938262939453,float,outputs/save_data/ryc/tht_tripgen_20260212_234749/loss_tht_tripgen.csv,ok,loss,13,12,,val_nll_h
loss_point,loss,strategy_tht_loss,loss,loss[12].val_nll_o,3.7815322875976562,float,outputs/save_data/ryc/tht_tripgen_20260212_234749/loss_tht_tripgen.csv,ok,loss,13,12,,val_nll_o
loss_point,loss,strategy_tht_loss,loss,loss[12].val_nll_d,3.84826922416687,float,outputs/save_data/ryc/tht_tripgen_20260212_234749/loss_tht_tripgen.csv,ok,loss,13,12,,val_nll_d
loss_point,loss,strategy_tht_loss,loss,loss[12].val_nll_r,-0.0032065289560705423,float,outputs/save_data/ryc/tht_tripgen_20260212_234749/loss_tht_tripgen.csv,ok,loss,13,12,,val_nll_r
loss_point,loss,strategy_tht_loss,loss,loss[12].val_nll_passenger,0.7489959001541138,float,outputs/save_data/ryc/tht_tripgen_20260212_234749/loss_tht_tripgen.csv,ok,loss,13,12,,val_nll_passenger
loss_point,loss,strategy_tht_loss,loss,loss[12].val_nll_total_amount,0.4262787401676178,float,outputs/save_data/ryc/tht_tripgen_20260212_234749/loss_tht_tripgen.csv,ok,loss,13,12,,val_nll_total_amount
loss_point,loss,strategy_tht_loss,loss,loss[13].train_nll_total,11.808076858520508,float,outputs/save_data/ryc/tht_tripgen_20260212_234749/loss_tht_tripgen.csv,ok,loss,14,13,,train_nll_total
loss_point,loss,strategy_tht_loss,loss,loss[13].train_nll_h,2.9747023582458496,float,outputs/save_data/ryc/tht_tripgen_20260212_234749/loss_tht_tripgen.csv,ok,loss,14,13,,train_nll_h
loss_point,loss,strategy_tht_loss,loss,loss[13].train_nll_o,3.7905173301696777,float,outputs/save_data/ryc/tht_tripgen_20260212_234749/loss_tht_tripgen.csv,ok,loss,14,13,,train_nll_o
loss_point,loss,strategy_tht_loss,loss,loss[13].train_nll_d,3.8538975715637207,float,outputs/save_data/ryc/tht_tripgen_20260212_234749/loss_tht_tripgen.csv,ok,loss,14,13,,train_nll_d
loss_point,loss,strategy_tht_loss,loss,loss[13].train_nll_r,-0.0030184099450707436,float,outputs/save_data/ryc/tht_tripgen_20260212_234749/loss_tht_tripgen.csv,ok,loss,14,13,,train_nll_r
loss_point,loss,strategy_tht_loss,loss,loss[13].train_nll_passenger,0.7687440514564514,float,outputs/save_data/ryc/tht_tripgen_20260212_234749/loss_tht_tripgen.csv,ok,loss,14,13,,train_nll_passenger
loss_point,loss,strategy_tht_loss,loss,loss[13].train_nll_total_amount,0.4232332706451416,float,outputs/save_data/ryc/tht_tripgen_20260212_234749/loss_tht_tripgen.csv,ok,loss,14,13,,train_nll_total_amount
loss_point,loss,strategy_tht_loss,loss,loss[13].val_nll_total,11.7706298828125,float,outputs/save_data/ryc/tht_tripgen_20260212_234749/loss_tht_tripgen.csv,ok,loss,14,13,,val_nll_total
loss_point,loss,strategy_tht_loss,loss,loss[13].val_nll_h,2.9785187244415283,float,outputs/save_data/ryc/tht_tripgen_20260212_234749/loss_tht_tripgen.csv,ok,loss,14,13,,val_nll_h
loss_point,loss,strategy_tht_loss,loss,loss[13].val_nll_o,3.7821290493011475,float,outputs/save_data/ryc/tht_tripgen_20260212_234749/loss_tht_tripgen.csv,ok,loss,14,13,,val_nll_o
loss_point,loss,strategy_tht_loss,loss,loss[13].val_nll_d,3.8469014167785645,float,outputs/save_data/ryc/tht_tripgen_20260212_234749/loss_tht_tripgen.csv,ok,loss,14,13,,val_nll_d
loss_point,loss,strategy_tht_loss,loss,loss[13].val_nll_r,-0.002879402367398143,float,outputs/save_data/ryc/tht_tripgen_20260212_234749/loss_tht_tripgen.csv,ok,loss,14,13,,val_nll_r
loss_point,loss,strategy_tht_loss,loss,loss[13].val_nll_passenger,0.7487568855285645,float,outputs/save_data/ryc/tht_tripgen_20260212_234749/loss_tht_tripgen.csv,ok,loss,14,13,,val_nll_passenger
loss_point,loss,strategy_tht_loss,loss,loss[13].val_nll_total_amount,0.4172012507915497,float,outputs/save_data/ryc/tht_tripgen_20260212_234749/loss_tht_tripgen.csv,ok,loss,14,13,,val_nll_total_amount
loss_point,loss,strategy_tht_loss,loss,loss[14].train_nll_total,11.801678657531738,float,outputs/save_data/ryc/tht_tripgen_20260212_234749/loss_tht_tripgen.csv,ok,loss,15,14,,train_nll_total
loss_point,loss,strategy_tht_loss,loss,loss[14].train_nll_h,2.9747023582458496,float,outputs/save_data/ryc/tht_tripgen_20260212_234749/loss_tht_tripgen.csv,ok,loss,15,14,,train_nll_h
loss_point,loss,strategy_tht_loss,loss,loss[14].train_nll_o,3.790426015853882,float,outputs/save_data/ryc/tht_tripgen_20260212_234749/loss_tht_tripgen.csv,ok,loss,15,14,,train_nll_o
loss_point,loss,strategy_tht_loss,loss,loss[14].train_nll_d,3.8527679443359375,float,outputs/save_data/ryc/tht_tripgen_20260212_234749/loss_tht_tripgen.csv,ok,loss,15,14,,train_nll_d
loss_point,loss,strategy_tht_loss,loss,loss[14].train_nll_r,-0.0030957551207393408,float,outputs/save_data/ryc/tht_tripgen_20260212_234749/loss_tht_tripgen.csv,ok,loss,15,14,,train_nll_r
loss_point,loss,strategy_tht_loss,loss,loss[14].train_nll_passenger,0.7685014009475708,float,outputs/save_data/ryc/tht_tripgen_20260212_234749/loss_tht_tripgen.csv,ok,loss,15,14,,train_nll_passenger
loss_point,loss,strategy_tht_loss,loss,loss[14].train_nll_total_amount,0.4183675944805145,float,outputs/save_data/ryc/tht_tripgen_20260212_234749/loss_tht_tripgen.csv,ok,loss,15,14,,train_nll_total_amount
loss_point,loss,strategy_tht_loss,loss,loss[14].val_nll_total,11.769929885864258,float,outputs/save_data/ryc/tht_tripgen_20260212_234749/loss_tht_tripgen.csv,ok,loss,15,14,,val_nll_total
loss_point,loss,strategy_tht_loss,loss,loss[14].val_nll_h,2.9785540103912354,float,outputs/save_data/ryc/tht_tripgen_20260212_234749/loss_tht_tripgen.csv,ok,loss,15,14,,val_nll_h
loss_point,loss,strategy_tht_loss,loss,loss[14].val_nll_o,3.7815582752227783,float,outputs/save_data/ryc/tht_tripgen_20260212_234749/loss_tht_tripgen.csv,ok,loss,15,14,,val_nll_o
loss_point,loss,strategy_tht_loss,loss,loss[14].val_nll_d,3.845776319503784,float,outputs/save_data/ryc/tht_tripgen_20260212_234749/loss_tht_tripgen.csv,ok,loss,15,14,,val_nll_d
loss_point,loss,strategy_tht_loss,loss,loss[14].val_nll_r,-0.0027966750785708427,float,outputs/save_data/ryc/tht_tripgen_20260212_234749/loss_tht_tripgen.csv,ok,loss,15,14,,val_nll_r
loss_point,loss,strategy_tht_loss,loss,loss[14].val_nll_passenger,0.7487241625785828,float,outputs/save_data/ryc/tht_tripgen_20260212_234749/loss_tht_tripgen.csv,ok,loss,15,14,,val_nll_passenger
loss_point,loss,strategy_tht_loss,loss,loss[14].val_nll_total_amount,0.41811349987983704,float,outputs/save_data/ryc/tht_tripgen_20260212_234749/loss_tht_tripgen.csv,ok,loss,15,14,,val_nll_total_amount
loss_point,loss,strategy_tht_loss,loss,loss[15].train_nll_total,11.795103073120117,float,outputs/save_data/ryc/tht_tripgen_20260212_234749/loss_tht_tripgen.csv,ok,loss,16,15,,train_nll_total
loss_point,loss,strategy_tht_loss,loss,loss[15].train_nll_h,2.9747118949890137,float,outputs/save_data/ryc/tht_tripgen_20260212_234749/loss_tht_tripgen.csv,ok,loss,16,15,,train_nll_h
loss_point,loss,strategy_tht_loss,loss,loss[15].train_nll_o,3.790348529815674,float,outputs/save_data/ryc/tht_tripgen_20260212_234749/loss_tht_tripgen.csv,ok,loss,16,15,,train_nll_o
loss_point,loss,strategy_tht_loss,loss,loss[15].train_nll_d,3.851541757583618,float,outputs/save_data/ryc/tht_tripgen_20260212_234749/loss_tht_tripgen.csv,ok,loss,16,15,,train_nll_d
loss_point,loss,strategy_tht_loss,loss,loss[15].train_nll_r,-0.003125174902379513,float,outputs/save_data/ryc/tht_tripgen_20260212_234749/loss_tht_tripgen.csv,ok,loss,16,15,,train_nll_r
loss_point,loss,strategy_tht_loss,loss,loss[15].train_nll_passenger,0.7682726979255676,float,outputs/save_data/ryc/tht_tripgen_20260212_234749/loss_tht_tripgen.csv,ok,loss,16,15,,train_nll_passenger
loss_point,loss,strategy_tht_loss,loss,loss[15].train_nll_total_amount,0.4133540987968445,float,outputs/save_data/ryc/tht_tripgen_20260212_234749/loss_tht_tripgen.csv,ok,loss,16,15,,train_nll_total_amount
loss_point,loss,strategy_tht_loss,loss,loss[15].val_nll_total,11.76662826538086,float,outputs/save_data/ryc/tht_tripgen_20260212_234749/loss_tht_tripgen.csv,ok,loss,16,15,,val_nll_total
loss_point,loss,strategy_tht_loss,loss,loss[15].val_nll_h,2.978567361831665,float,outputs/save_data/ryc/tht_tripgen_20260212_234749/loss_tht_tripgen.csv,ok,loss,16,15,,val_nll_h
loss_point,loss,strategy_tht_loss,loss,loss[15].val_nll_o,3.7820374965667725,float,outputs/save_data/ryc/tht_tripgen_20260212_234749/loss_tht_tripgen.csv,ok,loss,16,15,,val_nll_o
loss_point,loss,strategy_tht_loss,loss,loss[15].val_nll_d,3.8451945781707764,float,outputs/save_data/ryc/tht_tripgen_20260212_234749/loss_tht_tripgen.csv,ok,loss,16,15,,val_nll_d
loss_point,loss,strategy_tht_loss,loss,loss[15].val_nll_r,-0.0027415677905082703,float,outputs/save_data/ryc/tht_tripgen_20260212_234749/loss_tht_tripgen.csv,ok,loss,16,15,,val_nll_r
loss_point,loss,strategy_tht_loss,loss,loss[15].val_nll_passenger,0.7484999895095825,float,outputs/save_data/ryc/tht_tripgen_20260212_234749/loss_tht_tripgen.csv,ok,loss,16,15,,val_nll_passenger
loss_point,loss,strategy_tht_loss,loss,loss[15].val_nll_total_amount,0.4150714576244354,float,outputs/save_data/ryc/tht_tripgen_20260212_234749/loss_tht_tripgen.csv,ok,loss,16,15,,val_nll_total_amount
loss_point,loss,strategy_tht_loss,loss,loss[16].train_nll_total,11.789790153503418,float,outputs/save_data/ryc/tht_tripgen_20260212_234749/loss_tht_tripgen.csv,ok,loss,17,16,,train_nll_total
loss_point,loss,strategy_tht_loss,loss,loss[16].train_nll_h,2.9747073650360107,float,outputs/save_data/ryc/tht_tripgen_20260212_234749/loss_tht_tripgen.csv,ok,loss,17,16,,train_nll_h
loss_point,loss,strategy_tht_loss,loss,loss[16].train_nll_o,3.790153741836548,float,outputs/save_data/ryc/tht_tripgen_20260212_234749/loss_tht_tripgen.csv,ok,loss,17,16,,train_nll_o
loss_point,loss,strategy_tht_loss,loss,loss[16].train_nll_d,3.8503549098968506,float,outputs/save_data/ryc/tht_tripgen_20260212_234749/loss_tht_tripgen.csv,ok,loss,17,16,,train_nll_d
loss_point,loss,strategy_tht_loss,loss,loss[16].train_nll_r,-0.0032676069531589746,float,outputs/save_data/ryc/tht_tripgen_20260212_234749/loss_tht_tripgen.csv,ok,loss,17,16,,train_nll_r
loss_point,loss,strategy_tht_loss,loss,loss[16].train_nll_passenger,0.7679895162582397,float,outputs/save_data/ryc/tht_tripgen_20260212_234749/loss_tht_tripgen.csv,ok,loss,17,16,,train_nll_passenger
loss_point,loss,strategy_tht_loss,loss,loss[16].train_nll_total_amount,0.40985414385795593,float,outputs/save_data/ryc/tht_tripgen_20260212_234749/loss_tht_tripgen.csv,ok,loss,17,16,,train_nll_total_amount
loss_point,loss,strategy_tht_loss,loss,loss[16].val_nll_total,11.76272964477539,float,outputs/save_data/ryc/tht_tripgen_20260212_234749/loss_tht_tripgen.csv,ok,loss,17,16,,val_nll_total
loss_point,loss,strategy_tht_loss,loss,loss[16].val_nll_h,2.9785659313201904,float,outputs/save_data/ryc/tht_tripgen_20260212_234749/loss_tht_tripgen.csv,ok,loss,17,16,,val_nll_h
loss_point,loss,strategy_tht_loss,loss,loss[16].val_nll_o,3.781862258911133,float,outputs/save_data/ryc/tht_tripgen_20260212_234749/loss_tht_tripgen.csv,ok,loss,17,16,,val_nll_o
loss_point,loss,strategy_tht_loss,loss,loss[16].val_nll_d,3.8446645736694336,float,outputs/save_data/ryc/tht_tripgen_20260212_234749/loss_tht_tripgen.csv,ok,loss,17,16,,val_nll_d
loss_point,loss,strategy_tht_loss,loss,loss[16].val_nll_r,-0.0031561139039695263,float,outputs/save_data/ryc/tht_tripgen_20260212_234749/loss_tht_tripgen.csv,ok,loss,17,16,,val_nll_r
loss_point,loss,strategy_tht_loss,loss,loss[16].val_nll_passenger,0.7482362389564514,float,outputs/save_data/ryc/tht_tripgen_20260212_234749/loss_tht_tripgen.csv,ok,loss,17,16,,val_nll_passenger
loss_point,loss,strategy_tht_loss,loss,loss[16].val_nll_total_amount,0.41255736351013184,float,outputs/save_data/ryc/tht_tripgen_20260212_234749/loss_tht_tripgen.csv,ok,loss,17,16,,val_nll_total_amount
loss_point,loss,strategy_tht_loss,loss,loss[17].train_nll_total,11.785131454467773,float,outputs/save_data/ryc/tht_tripgen_20260212_234749/loss_tht_tripgen.csv,ok,loss,18,17,,train_nll_total
loss_point,loss,strategy_tht_loss,loss,loss[17].train_nll_h,2.974708318710327,float,outputs/save_data/ryc/tht_tripgen_20260212_234749/loss_tht_tripgen.csv,ok,loss,18,17,,train_nll_h
loss_point,loss,strategy_tht_loss,loss,loss[17].train_nll_o,3.7901296615600586,float,outputs/save_data/ryc/tht_tripgen_20260212_234749/loss_tht_tripgen.csv,ok,loss,18,17,,train_nll_o
loss_point,loss,strategy_tht_loss,loss,loss[17].train_nll_d,3.8496057987213135,float,outputs/save_data/ryc/tht_tripgen_20260212_234749/loss_tht_tripgen.csv,ok,loss,18,17,,train_nll_d
loss_point,loss,strategy_tht_loss,loss,loss[17].train_nll_r,-0.0033409809693694115,float,outputs/save_data/ryc/tht_tripgen_20260212_234749/loss_tht_tripgen.csv,ok,loss,18,17,,train_nll_r
loss_point,loss,strategy_tht_loss,loss,loss[17].train_nll_passenger,0.7679204344749451,float,outputs/save_data/ryc/tht_tripgen_20260212_234749/loss_tht_tripgen.csv,ok,loss,18,17,,train_nll_passenger
loss_point,loss,strategy_tht_loss,loss,loss[17].train_nll_total_amount,0.4061107039451599,float,outputs/save_data/ryc/tht_tripgen_20260212_234749/loss_tht_tripgen.csv,ok,loss,18,17,,train_nll_total_amount
loss_point,loss,strategy_tht_loss,loss,loss[17].val_nll_total,11.754542350769043,float,outputs/save_data/ryc/tht_tripgen_20260212_234749/loss_tht_tripgen.csv,ok,loss,18,17,,val_nll_total
loss_point,loss,strategy_tht_loss,loss,loss[17].val_nll_h,2.9785830974578857,float,outputs/save_data/ryc/tht_tripgen_20260212_234749/loss_tht_tripgen.csv,ok,loss,18,17,,val_nll_h
loss_point,loss,strategy_tht_loss,loss,loss[17].val_nll_o,3.7817585468292236,float,outputs/save_data/ryc/tht_tripgen_20260212_234749/loss_tht_tripgen.csv,ok,loss,18,17,,val_nll_o
loss_point,loss,strategy_tht_loss,loss,loss[17].val_nll_d,3.8440070152282715,float,outputs/save_data/ryc/tht_tripgen_20260212_234749/loss_tht_tripgen.csv,ok,loss,18,17,,val_nll_d
loss_point,loss,strategy_tht_loss,loss,loss[17].val_nll_r,-0.002989906119182706,float,outputs/save_data/ryc/tht_tripgen_20260212_234749/loss_tht_tripgen.csv,ok,loss,18,17,,val_nll_r
loss_point,loss,strategy_tht_loss,loss,loss[17].val_nll_passenger,0.7482826709747314,float,outputs/save_data/ryc/tht_tripgen_20260212_234749/loss_tht_tripgen.csv,ok,loss,18,17,,val_nll_passenger
loss_point,loss,strategy_tht_loss,loss,loss[17].val_nll_total_amount,0.40489813685417175,float,outputs/save_data/ryc/tht_tripgen_20260212_234749/loss_tht_tripgen.csv,ok,loss,18,17,,val_nll_total_amount
loss_point,loss,strategy_tht_loss,loss,loss[18].train_nll_total,11.780115127563477,float,outputs/save_data/ryc/tht_tripgen_20260212_234749/loss_tht_tripgen.csv,ok,loss,19,18,,train_nll_total
loss_point,loss,strategy_tht_loss,loss,loss[18].train_nll_h,2.9747087955474854,float,outputs/save_data/ryc/tht_tripgen_20260212_234749/loss_tht_tripgen.csv,ok,loss,19,18,,train_nll_h
loss_point,loss,strategy_tht_loss,loss,loss[18].train_nll_o,3.7900493144989014,float,outputs/save_data/ryc/tht_tripgen_20260212_234749/loss_tht_tripgen.csv,ok,loss,19,18,,train_nll_o
loss_point,loss,strategy_tht_loss,loss,loss[18].train_nll_d,3.8484556674957275,float,outputs/save_data/ryc/tht_tripgen_20260212_234749/loss_tht_tripgen.csv,ok,loss,19,18,,train_nll_d
loss_point,loss,strategy_tht_loss,loss,loss[18].train_nll_r,-0.003346686251461506,float,outputs/save_data/ryc/tht_tripgen_20260212_234749/loss_tht_tripgen.csv,ok,loss,19,18,,train_nll_r
loss_point,loss,strategy_tht_loss,loss,loss[18].train_nll_passenger,0.7678097486495972,float,outputs/save_data/ryc/tht_tripgen_20260212_234749/loss_tht_tripgen.csv,ok,loss,19,18,,train_nll_passenger
loss_point,loss,strategy_tht_loss,loss,loss[18].train_nll_total_amount,0.40244370698928833,float,outputs/save_data/ryc/tht_tripgen_20260212_234749/loss_tht_tripgen.csv,ok,loss,19,18,,train_nll_total_amount
loss_point,loss,strategy_tht_loss,loss,loss[18].val_nll_total,11.756669044494629,float,outputs/save_data/ryc/tht_tripgen_20260212_234749/loss_tht_tripgen.csv,ok,loss,19,18,,val_nll_total
loss_point,loss,strategy_tht_loss,loss,loss[18].val_nll_h,2.9785568714141846,float,outputs/save_data/ryc/tht_tripgen_20260212_234749/loss_tht_tripgen.csv,ok,loss,19,18,,val_nll_h
loss_point,loss,strategy_tht_loss,loss,loss[18].val_nll_o,3.781886100769043,float,outputs/save_data/ryc/tht_tripgen_20260212_234749/loss_tht_tripgen.csv,ok,loss,19,18,,val_nll_o
loss_point,loss,strategy_tht_loss,loss,loss[18].val_nll_d,3.844298839569092,float,outputs/save_data/ryc/tht_tripgen_20260212_234749/loss_tht_tripgen.csv,ok,loss,19,18,,val_nll_d
loss_point,loss,strategy_tht_loss,loss,loss[18].val_nll_r,-0.003253599628806114,float,outputs/save_data/ryc/tht_tripgen_20260212_234749/loss_tht_tripgen.csv,ok,loss,19,18,,val_nll_r
loss_point,loss,strategy_tht_loss,loss,loss[18].val_nll_passenger,0.7481388449668884,float,outputs/save_data/ryc/tht_tripgen_20260212_234749/loss_tht_tripgen.csv,ok,loss,19,18,,val_nll_passenger
loss_point,loss,strategy_tht_loss,loss,loss[18].val_nll_total_amount,0.4070432782173157,float,outputs/save_data/ryc/tht_tripgen_20260212_234749/loss_tht_tripgen.csv,ok,loss,19,18,,val_nll_total_amount
loss_point,loss,strategy_tht_loss,loss,loss[19].train_nll_total,11.776721000671387,float,outputs/save_data/ryc/tht_tripgen_20260212_234749/loss_tht_tripgen.csv,ok,loss,20,19,,train_nll_total
loss_point,loss,strategy_tht_loss,loss,loss[19].train_nll_h,2.974714517593384,float,outputs/save_data/ryc/tht_tripgen_20260212_234749/loss_tht_tripgen.csv,ok,loss,20,19,,train_nll_h
loss_point,loss,strategy_tht_loss,loss,loss[19].train_nll_o,3.7899904251098633,float,outputs/save_data/ryc/tht_tripgen_20260212_234749/loss_tht_tripgen.csv,ok,loss,20,19,,train_nll_o
loss_point,loss,strategy_tht_loss,loss,loss[19].train_nll_d,3.8477206230163574,float,outputs/save_data/ryc/tht_tripgen_20260212_234749/loss_tht_tripgen.csv,ok,loss,20,19,,train_nll_d
loss_point,loss,strategy_tht_loss,loss,loss[19].train_nll_r,-0.0034852693788707256,float,outputs/save_data/ryc/tht_tripgen_20260212_234749/loss_tht_tripgen.csv,ok,loss,20,19,,train_nll_r
loss_point,loss,strategy_tht_loss,loss,loss[19].train_nll_passenger,0.7675643563270569,float,outputs/save_data/ryc/tht_tripgen_20260212_234749/loss_tht_tripgen.csv,ok,loss,20,19,,train_nll_passenger
loss_point,loss,strategy_tht_loss,loss,loss[19].train_nll_total_amount,0.40021950006484985,float,outputs/save_data/ryc/tht_tripgen_20260212_234749/loss_tht_tripgen.csv,ok,loss,20,19,,train_nll_total_amount
loss_point,loss,strategy_tht_loss,loss,loss[19].val_nll_total,11.754026412963867,float,outputs/save_data/ryc/tht_tripgen_20260212_234749/loss_tht_tripgen.csv,ok,loss,20,19,,val_nll_total
loss_point,loss,strategy_tht_loss,loss,loss[19].val_nll_h,2.978605031967163,float,outputs/save_data/ryc/tht_tripgen_20260212_234749/loss_tht_tripgen.csv,ok,loss,20,19,,val_nll_h
loss_point,loss,strategy_tht_loss,loss,loss[19].val_nll_o,3.78166127204895,float,outputs/save_data/ryc/tht_tripgen_20260212_234749/loss_tht_tripgen.csv,ok,loss,20,19,,val_nll_o
loss_point,loss,strategy_tht_loss,loss,loss[19].val_nll_d,3.8433053493499756,float,outputs/save_data/ryc/tht_tripgen_20260212_234749/loss_tht_tripgen.csv,ok,loss,20,19,,val_nll_d
loss_point,loss,strategy_tht_loss,loss,loss[19].val_nll_r,-0.0031848757062107325,float,outputs/save_data/ryc/tht_tripgen_20260212_234749/loss_tht_tripgen.csv,ok,loss,20,19,,val_nll_r
loss_point,loss,strategy_tht_loss,loss,loss[19].val_nll_passenger,0.7480138540267944,float,outputs/save_data/ryc/tht_tripgen_20260212_234749/loss_tht_tripgen.csv,ok,loss,20,19,,val_nll_passenger
loss_point,loss,strategy_tht_loss,loss,loss[19].val_nll_total_amount,0.405624121427536,float,outputs/save_data/ryc/tht_tripgen_20260212_234749/loss_tht_tripgen.csv,ok,loss,20,19,,val_nll_total_amount
loss_point,loss,strategy_tht_loss,loss,loss[20].train_nll_total,11.77269172668457,float,outputs/save_data/ryc/tht_tripgen_20260212_234749/loss_tht_tripgen.csv,ok,loss,21,20,,train_nll_total
loss_point,loss,strategy_tht_loss,loss,loss[20].train_nll_h,2.9747047424316406,float,outputs/save_data/ryc/tht_tripgen_20260212_234749/loss_tht_tripgen.csv,ok,loss,21,20,,train_nll_h
loss_point,loss,strategy_tht_loss,loss,loss[20].train_nll_o,3.789855718612671,float,outputs/save_data/ryc/tht_tripgen_20260212_234749/loss_tht_tripgen.csv,ok,loss,21,20,,train_nll_o
loss_point,loss,strategy_tht_loss,loss,loss[20].train_nll_d,3.846912384033203,float,outputs/save_data/ryc/tht_tripgen_20260212_234749/loss_tht_tripgen.csv,ok,loss,21,20,,train_nll_d
loss_point,loss,strategy_tht_loss,loss,loss[20].train_nll_r,-0.003567533800378442,float,outputs/save_data/ryc/tht_tripgen_20260212_234749/loss_tht_tripgen.csv,ok,loss,21,20,,train_nll_r
loss_point,loss,strategy_tht_loss,loss,loss[20].train_nll_passenger,0.7673925161361694,float,outputs/save_data/ryc/tht_tripgen_20260212_234749/loss_tht_tripgen.csv,ok,loss,21,20,,train_nll_passenger
loss_point,loss,strategy_tht_loss,loss,loss[20].train_nll_total_amount,0.39739325642585754,float,outputs/save_data/ryc/tht_tripgen_20260212_234749/loss_tht_tripgen.csv,ok,loss,21,20,,train_nll_total_amount
loss_point,loss,strategy_tht_loss,loss,loss[20].val_nll_total,11.751368522644043,float,outputs/save_data/ryc/tht_tripgen_20260212_234749/loss_tht_tripgen.csv,ok,loss,21,20,,val_nll_total
loss_point,loss,strategy_tht_loss,loss,loss[20].val_nll_h,2.97868013381958,float,outputs/save_data/ryc/tht_tripgen_20260212_234749/loss_tht_tripgen.csv,ok,loss,21,20,,val_nll_h
loss_point,loss,strategy_tht_loss,loss,loss[20].val_nll_o,3.7817182540893555,float,outputs/save_data/ryc/tht_tripgen_20260212_234749/loss_tht_tripgen.csv,ok,loss,21,20,,val_nll_o
loss_point,loss,strategy_tht_loss,loss,loss[20].val_nll_d,3.842477560043335,float,outputs/save_data/ryc/tht_tripgen_20260212_234749/loss_tht_tripgen.csv,ok,loss,21,20,,val_nll_d
loss_point,loss,strategy_tht_loss,loss,loss[20].val_nll_r,-0.0030668273102492094,float,outputs/save_data/ryc/tht_tripgen_20260212_234749/loss_tht_tripgen.csv,ok,loss,21,20,,val_nll_r
loss_point,loss,strategy_tht_loss,loss,loss[20].val_nll_passenger,0.7476980686187744,float,outputs/save_data/ryc/tht_tripgen_20260212_234749/loss_tht_tripgen.csv,ok,loss,21,20,,val_nll_passenger
loss_point,loss,strategy_tht_loss,loss,loss[20].val_nll_total_amount,0.4038635790348053,float,outputs/save_data/ryc/tht_tripgen_20260212_234749/loss_tht_tripgen.csv,ok,loss,21,20,,val_nll_total_amount
loss_point,loss,strategy_tht_loss,loss,loss[21].train_nll_total,11.769486427307129,float,outputs/save_data/ryc/tht_tripgen_20260212_234749/loss_tht_tripgen.csv,ok,loss,22,21,,train_nll_total
loss_point,loss,strategy_tht_loss,loss,loss[21].train_nll_h,2.9747111797332764,float,outputs/save_data/ryc/tht_tripgen_20260212_234749/loss_tht_tripgen.csv,ok,loss,22,21,,train_nll_h
loss_point,loss,strategy_tht_loss,loss,loss[21].train_nll_o,3.789828062057495,float,outputs/save_data/ryc/tht_tripgen_20260212_234749/loss_tht_tripgen.csv,ok,loss,22,21,,train_nll_o
loss_point,loss,strategy_tht_loss,loss,loss[21].train_nll_d,3.846118927001953,float,outputs/save_data/ryc/tht_tripgen_20260212_234749/loss_tht_tripgen.csv,ok,loss,22,21,,train_nll_d
loss_point,loss,strategy_tht_loss,loss,loss[21].train_nll_r,-0.0036874008364975452,float,outputs/save_data/ryc/tht_tripgen_20260212_234749/loss_tht_tripgen.csv,ok,loss,22,21,,train_nll_r
loss_point,loss,strategy_tht_loss,loss,loss[21].train_nll_passenger,0.7673109769821167,float,outputs/save_data/ryc/tht_tripgen_20260212_234749/loss_tht_tripgen.csv,ok,loss,22,21,,train_nll_passenger
loss_point,loss,strategy_tht_loss,loss,loss[21].train_nll_total_amount,0.39520788192749023,float,outputs/save_data/ryc/tht_tripgen_20260212_234749/loss_tht_tripgen.csv,ok,loss,22,21,,train_nll_total_amount
loss_point,loss,strategy_tht_loss,loss,loss[21].val_nll_total,11.751644134521484,float,outputs/save_data/ryc/tht_tripgen_20260212_234749/loss_tht_tripgen.csv,ok,loss,22,21,,val_nll_total
loss_point,loss,strategy_tht_loss,loss,loss[21].val_nll_h,2.978529691696167,float,outputs/save_data/ryc/tht_tripgen_20260212_234749/loss_tht_tripgen.csv,ok,loss,22,21,,val_nll_h
loss_point,loss,strategy_tht_loss,loss,loss[21].val_nll_o,3.7816522121429443,float,outputs/save_data/ryc/tht_tripgen_20260212_234749/loss_tht_tripgen.csv,ok,loss,22,21,,val_nll_o
loss_point,loss,strategy_tht_loss,loss,loss[21].val_nll_d,3.8409764766693115,float,outputs/save_data/ryc/tht_tripgen_20260212_234749/loss_tht_tripgen.csv,ok,loss,22,21,,val_nll_d
loss_point,loss,strategy_tht_loss,loss,loss[21].val_nll_r,-0.0028553048614412546,float,outputs/save_data/ryc/tht_tripgen_20260212_234749/loss_tht_tripgen.csv,ok,loss,22,21,,val_nll_r
loss_point,loss,strategy_tht_loss,loss,loss[21].val_nll_passenger,0.7481235861778259,float,outputs/save_data/ryc/tht_tripgen_20260212_234749/loss_tht_tripgen.csv,ok,loss,22,21,,val_nll_passenger
loss_point,loss,strategy_tht_loss,loss,loss[21].val_nll_total_amount,0.40521958470344543,float,outputs/save_data/ryc/tht_tripgen_20260212_234749/loss_tht_tripgen.csv,ok,loss,22,21,,val_nll_total_amount
loss_point,loss,strategy_tht_loss,loss,loss[22].train_nll_total,11.766974449157715,float,outputs/save_data/ryc/tht_tripgen_20260212_234749/loss_tht_tripgen.csv,ok,loss,23,22,,train_nll_total
loss_point,loss,strategy_tht_loss,loss,loss[22].train_nll_h,2.974701166152954,float,outputs/save_data/ryc/tht_tripgen_20260212_234749/loss_tht_tripgen.csv,ok,loss,23,22,,train_nll_h
loss_point,loss,strategy_tht_loss,loss,loss[22].train_nll_o,3.7897024154663086,float,outputs/save_data/ryc/tht_tripgen_20260212_234749/loss_tht_tripgen.csv,ok,loss,23,22,,train_nll_o
loss_point,loss,strategy_tht_loss,loss,loss[22].train_nll_d,3.8454980850219727,float,outputs/save_data/ryc/tht_tripgen_20260212_234749/loss_tht_tripgen.csv,ok,loss,23,22,,train_nll_d
loss_point,loss,strategy_tht_loss,loss,loss[22].train_nll_r,-0.003702448680996895,float,outputs/save_data/ryc/tht_tripgen_20260212_234749/loss_tht_tripgen.csv,ok,loss,23,22,,train_nll_r
loss_point,loss,strategy_tht_loss,loss,loss[22].train_nll_passenger,0.7672430276870728,float,outputs/save_data/ryc/tht_tripgen_20260212_234749/loss_tht_tripgen.csv,ok,loss,23,22,,train_nll_passenger
loss_point,loss,strategy_tht_loss,loss,loss[22].train_nll_total_amount,0.393530011177063,float,outputs/save_data/ryc/tht_tripgen_20260212_234749/loss_tht_tripgen.csv,ok,loss,23,22,,train_nll_total_amount
loss_point,loss,strategy_tht_loss,loss,loss[22].val_nll_total,11.747543334960938,float,outputs/save_data/ryc/tht_tripgen_20260212_234749/loss_tht_tripgen.csv,ok,loss,23,22,,val_nll_total
loss_point,loss,strategy_tht_loss,loss,loss[22].val_nll_h,2.9786012172698975,float,outputs/save_data/ryc/tht_tripgen_20260212_234749/loss_tht_tripgen.csv,ok,loss,23,22,,val_nll_h
loss_point,loss,strategy_tht_loss,loss,loss[22].val_nll_o,3.781939744949341,float,outputs/save_data/ryc/tht_tripgen_20260212_234749/loss_tht_tripgen.csv,ok,loss,23,22,,val_nll_o
loss_point,loss,strategy_tht_loss,loss,loss[22].val_nll_d,3.8421218395233154,float,outputs/save_data/ryc/tht_tripgen_20260212_234749/loss_tht_tripgen.csv,ok,loss,23,22,,val_nll_d
loss_point,loss,strategy_tht_loss,loss,loss[22].val_nll_r,-0.002934063784778118,float,outputs/save_data/ryc/tht_tripgen_20260212_234749/loss_tht_tripgen.csv,ok,loss,23,22,,val_nll_r
loss_point,loss,strategy_tht_loss,loss,loss[22].val_nll_passenger,0.748121976852417,float,outputs/save_data/ryc/tht_tripgen_20260212_234749/loss_tht_tripgen.csv,ok,loss,23,22,,val_nll_passenger
loss_point,loss,strategy_tht_loss,loss,loss[22].val_nll_total_amount,0.39969488978385925,float,outputs/save_data/ryc/tht_tripgen_20260212_234749/loss_tht_tripgen.csv,ok,loss,23,22,,val_nll_total_amount
loss_point,loss,strategy_tht_loss,loss,loss[23].train_nll_total,11.763713836669922,float,outputs/save_data/ryc/tht_tripgen_20260212_234749/loss_tht_tripgen.csv,ok,loss,24,23,,train_nll_total
loss_point,loss,strategy_tht_loss,loss,loss[23].train_nll_h,2.9747040271759033,float,outputs/save_data/ryc/tht_tripgen_20260212_234749/loss_tht_tripgen.csv,ok,loss,24,23,,train_nll_h
loss_point,loss,strategy_tht_loss,loss,loss[23].train_nll_o,3.7896292209625244,float,outputs/save_data/ryc/tht_tripgen_20260212_234749/loss_tht_tripgen.csv,ok,loss,24,23,,train_nll_o
loss_point,loss,strategy_tht_loss,loss,loss[23].train_nll_d,3.844871997833252,float,outputs/save_data/ryc/tht_tripgen_20260212_234749/loss_tht_tripgen.csv,ok,loss,24,23,,train_nll_d
loss_point,loss,strategy_tht_loss,loss,loss[23].train_nll_r,-0.003819897072389722,float,outputs/save_data/ryc/tht_tripgen_20260212_234749/loss_tht_tripgen.csv,ok,loss,24,23,,train_nll_r
loss_point,loss,strategy_tht_loss,loss,loss[23].train_nll_passenger,0.7670179605484009,float,outputs/save_data/ryc/tht_tripgen_20260212_234749/loss_tht_tripgen.csv,ok,loss,24,23,,train_nll_passenger
loss_point,loss,strategy_tht_loss,loss,loss[23].train_nll_total_amount,0.3913065195083618,float,outputs/save_data/ryc/tht_tripgen_20260212_234749/loss_tht_tripgen.csv,ok,loss,24,23,,train_nll_total_amount
loss_point,loss,strategy_tht_loss,loss,loss[23].val_nll_total,11.747337341308594,float,outputs/save_data/ryc/tht_tripgen_20260212_234749/loss_tht_tripgen.csv,ok,loss,24,23,,val_nll_total
loss_point,loss,strategy_tht_loss,loss,loss[23].val_nll_h,2.9785006046295166,float,outputs/save_data/ryc/tht_tripgen_20260212_234749/loss_tht_tripgen.csv,ok,loss,24,23,,val_nll_h
loss_point,loss,strategy_tht_loss,loss,loss[23].val_nll_o,3.782071113586426,float,outputs/save_data/ryc/tht_tripgen_20260212_234749/loss_tht_tripgen.csv,ok,loss,24,23,,val_nll_o
loss_point,loss,strategy_tht_loss,loss,loss[23].val_nll_d,3.8400251865386963,float,outputs/save_data/ryc/tht_tripgen_20260212_234749/loss_tht_tripgen.csv,ok,loss,24,23,,val_nll_d
loss_point,loss,strategy_tht_loss,loss,loss[23].val_nll_r,-0.003041375195607543,float,outputs/save_data/ryc/tht_tripgen_20260212_234749/loss_tht_tripgen.csv,ok,loss,24,23,,val_nll_r
loss_point,loss,strategy_tht_loss,loss,loss[23].val_nll_passenger,0.7478492259979248,float,outputs/save_data/ryc/tht_tripgen_20260212_234749/loss_tht_tripgen.csv,ok,loss,24,23,,val_nll_passenger
loss_point,loss,strategy_tht_loss,loss,loss[23].val_nll_total_amount,0.4019290804862976,float,outputs/save_data/ryc/tht_tripgen_20260212_234749/loss_tht_tripgen.csv,ok,loss,24,23,,val_nll_total_amount
loss_point,loss,strategy_tht_loss,loss,loss[24].train_nll_total,11.761202812194824,float,outputs/save_data/ryc/tht_tripgen_20260212_234749/loss_tht_tripgen.csv,ok,loss,25,24,,train_nll_total
loss_point,loss,strategy_tht_loss,loss,loss[24].train_nll_h,2.974698543548584,float,outputs/save_data/ryc/tht_tripgen_20260212_234749/loss_tht_tripgen.csv,ok,loss,25,24,,train_nll_h
loss_point,loss,strategy_tht_loss,loss,loss[24].train_nll_o,3.789532423019409,float,outputs/save_data/ryc/tht_tripgen_20260212_234749/loss_tht_tripgen.csv,ok,loss,25,24,,train_nll_o
loss_point,loss,strategy_tht_loss,loss,loss[24].train_nll_d,3.8443450927734375,float,outputs/save_data/ryc/tht_tripgen_20260212_234749/loss_tht_tripgen.csv,ok,loss,25,24,,train_nll_d
loss_point,loss,strategy_tht_loss,loss,loss[24].train_nll_r,-0.0038628620095551014,float,outputs/save_data/ryc/tht_tripgen_20260212_234749/loss_tht_tripgen.csv,ok,loss,25,24,,train_nll_r
loss_point,loss,strategy_tht_loss,loss,loss[24].train_nll_passenger,0.7670089602470398,float,outputs/save_data/ryc/tht_tripgen_20260212_234749/loss_tht_tripgen.csv,ok,loss,25,24,,train_nll_passenger
loss_point,loss,strategy_tht_loss,loss,loss[24].train_nll_total_amount,0.38946959376335144,float,outputs/save_data/ryc/tht_tripgen_20260212_234749/loss_tht_tripgen.csv,ok,loss,25,24,,train_nll_total_amount
loss_point,loss,strategy_tht_loss,loss,loss[24].val_nll_total,11.743182182312012,float,outputs/save_data/ryc/tht_tripgen_20260212_234749/loss_tht_tripgen.csv,ok,loss,25,24,,val_nll_total
loss_point,loss,strategy_tht_loss,loss,loss[24].val_nll_h,2.9786245822906494,float,outputs/save_data/ryc/tht_tripgen_20260212_234749/loss_tht_tripgen.csv,ok,loss,25,24,,val_nll_h
loss_point,loss,strategy_tht_loss,loss,loss[24].val_nll_o,3.781700372695923,float,outputs/save_data/ryc/tht_tripgen_20260212_234749/loss_tht_tripgen.csv,ok,loss,25,24,,val_nll_o
loss_point,loss,strategy_tht_loss,loss,loss[24].val_nll_d,3.840541124343872,float,outputs/save_data/ryc/tht_tripgen_20260212_234749/loss_tht_tripgen.csv,ok,loss,25,24,,val_nll_d
loss_point,loss,strategy_tht_loss,loss,loss[24].val_nll_r,-0.0035580506082624197,float,outputs/save_data/ryc/tht_tripgen_20260212_234749/loss_tht_tripgen.csv,ok,loss,25,24,,val_nll_r
loss_point,loss,strategy_tht_loss,loss,loss[24].val_nll_passenger,0.74756920337677,float,outputs/save_data/ryc/tht_tripgen_20260212_234749/loss_tht_tripgen.csv,ok,loss,25,24,,val_nll_passenger
loss_point,loss,strategy_tht_loss,loss,loss[24].val_nll_total_amount,0.3983044922351837,float,outputs/save_data/ryc/tht_tripgen_20260212_234749/loss_tht_tripgen.csv,ok,loss,25,24,,val_nll_total_amount
loss_point,loss,strategy_tht_loss,loss,loss[25].train_nll_total,11.758548736572266,float,outputs/save_data/ryc/tht_tripgen_20260212_234749/loss_tht_tripgen.csv,ok,loss,26,25,,train_nll_total
loss_point,loss,strategy_tht_loss,loss,loss[25].train_nll_h,2.974705219268799,float,outputs/save_data/ryc/tht_tripgen_20260212_234749/loss_tht_tripgen.csv,ok,loss,26,25,,train_nll_h
loss_point,loss,strategy_tht_loss,loss,loss[25].train_nll_o,3.789551019668579,float,outputs/save_data/ryc/tht_tripgen_20260212_234749/loss_tht_tripgen.csv,ok,loss,26,25,,train_nll_o
loss_point,loss,strategy_tht_loss,loss,loss[25].train_nll_d,3.843705892562866,float,outputs/save_data/ryc/tht_tripgen_20260212_234749/loss_tht_tripgen.csv,ok,loss,26,25,,train_nll_d
loss_point,loss,strategy_tht_loss,loss,loss[25].train_nll_r,-0.003982799127697945,float,outputs/save_data/ryc/tht_tripgen_20260212_234749/loss_tht_tripgen.csv,ok,loss,26,25,,train_nll_r
loss_point,loss,strategy_tht_loss,loss,loss[25].train_nll_passenger,0.7668238282203674,float,outputs/save_data/ryc/tht_tripgen_20260212_234749/loss_tht_tripgen.csv,ok,loss,26,25,,train_nll_passenger
loss_point,loss,strategy_tht_loss,loss,loss[25].train_nll_total_amount,0.3877488970756531,float,outputs/save_data/ryc/tht_tripgen_20260212_234749/loss_tht_tripgen.csv,ok,loss,26,25,,train_nll_total_amount
loss_point,loss,strategy_tht_loss,loss,loss[25].val_nll_total,11.742384910583496,float,outputs/save_data/ryc/tht_tripgen_20260212_234749/loss_tht_tripgen.csv,ok,loss,26,25,,val_nll_total
loss_point,loss,strategy_tht_loss,loss,loss[25].val_nll_h,2.978632926940918,float,outputs/save_data/ryc/tht_tripgen_20260212_234749/loss_tht_tripgen.csv,ok,loss,26,25,,val_nll_h
loss_point,loss,strategy_tht_loss,loss,loss[25].val_nll_o,3.781816005706787,float,outputs/save_data/ryc/tht_tripgen_20260212_234749/loss_tht_tripgen.csv,ok,loss,26,25,,val_nll_o
loss_point,loss,strategy_tht_loss,loss,loss[25].val_nll_d,3.839620590209961,float,outputs/save_data/ryc/tht_tripgen_20260212_234749/loss_tht_tripgen.csv,ok,loss,26,25,,val_nll_d
loss_point,loss,strategy_tht_loss,loss,loss[25].val_nll_r,-0.003444019006565213,float,outputs/save_data/ryc/tht_tripgen_20260212_234749/loss_tht_tripgen.csv,ok,loss,26,25,,val_nll_r
loss_point,loss,strategy_tht_loss,loss,loss[25].val_nll_passenger,0.7477288246154785,float,outputs/save_data/ryc/tht_tripgen_20260212_234749/loss_tht_tripgen.csv,ok,loss,26,25,,val_nll_passenger
loss_point,loss,strategy_tht_loss,loss,loss[25].val_nll_total_amount,0.39803147315979004,float,outputs/save_data/ryc/tht_tripgen_20260212_234749/loss_tht_tripgen.csv,ok,loss,26,25,,val_nll_total_amount
loss_point,loss,strategy_tht_loss,loss,loss[26].train_nll_total,11.755751609802246,float,outputs/save_data/ryc/tht_tripgen_20260212_234749/loss_tht_tripgen.csv,ok,loss,27,26,,train_nll_total
loss_point,loss,strategy_tht_loss,loss,loss[26].train_nll_h,2.974710702896118,float,outputs/save_data/ryc/tht_tripgen_20260212_234749/loss_tht_tripgen.csv,ok,loss,27,26,,train_nll_h
loss_point,loss,strategy_tht_loss,loss,loss[26].train_nll_o,3.789484977722168,float,outputs/save_data/ryc/tht_tripgen_20260212_234749/loss_tht_tripgen.csv,ok,loss,27,26,,train_nll_o
loss_point,loss,strategy_tht_loss,loss,loss[26].train_nll_d,3.843085765838623,float,outputs/save_data/ryc/tht_tripgen_20260212_234749/loss_tht_tripgen.csv,ok,loss,27,26,,train_nll_d
loss_point,loss,strategy_tht_loss,loss,loss[26].train_nll_r,-0.004025548696517944,float,outputs/save_data/ryc/tht_tripgen_20260212_234749/loss_tht_tripgen.csv,ok,loss,27,26,,train_nll_r
loss_point,loss,strategy_tht_loss,loss,loss[26].train_nll_passenger,0.7667638063430786,float,outputs/save_data/ryc/tht_tripgen_20260212_234749/loss_tht_tripgen.csv,ok,loss,27,26,,train_nll_passenger
loss_point,loss,strategy_tht_loss,loss,loss[26].train_nll_total_amount,0.38572511076927185,float,outputs/save_data/ryc/tht_tripgen_20260212_234749/loss_tht_tripgen.csv,ok,loss,27,26,,train_nll_total_amount
loss_point,loss,strategy_tht_loss,loss,loss[26].val_nll_total,11.740898132324219,float,outputs/save_data/ryc/tht_tripgen_20260212_234749/loss_tht_tripgen.csv,ok,loss,27,26,,val_nll_total
loss_point,loss,strategy_tht_loss,loss,loss[26].val_nll_h,2.9785618782043457,float,outputs/save_data/ryc/tht_tripgen_20260212_234749/loss_tht_tripgen.csv,ok,loss,27,26,,val_nll_h
loss_point,loss,strategy_tht_loss,loss,loss[26].val_nll_o,3.7818996906280518,float,outputs/save_data/ryc/tht_tripgen_20260212_234749/loss_tht_tripgen.csv,ok,loss,27,26,,val_nll_o
loss_point,loss,strategy_tht_loss,loss,loss[26].val_nll_d,3.8394174575805664,float,outputs/save_data/ryc/tht_tripgen_20260212_234749/loss_tht_tripgen.csv,ok,loss,27,26,,val_nll_d
loss_point,loss,strategy_tht_loss,loss,loss[26].val_nll_r,-0.0033820001408457756,float,outputs/save_data/ryc/tht_tripgen_20260212_234749/loss_tht_tripgen.csv,ok,loss,27,26,,val_nll_r
loss_point,loss,strategy_tht_loss,loss,loss[26].val_nll_passenger,0.7474279403686523,float,outputs/save_data/ryc/tht_tripgen_20260212_234749/loss_tht_tripgen.csv,ok,loss,27,26,,val_nll_passenger
loss_point,loss,strategy_tht_loss,loss,loss[26].val_nll_total_amount,0.39697855710983276,float,outputs/save_data/ryc/tht_tripgen_20260212_234749/loss_tht_tripgen.csv,ok,loss,27,26,,val_nll_total_amount
loss_point,loss,strategy_tht_loss,loss,loss[27].train_nll_total,11.753933906555176,float,outputs/save_data/ryc/tht_tripgen_20260212_234749/loss_tht_tripgen.csv,ok,loss,28,27,,train_nll_total
loss_point,loss,strategy_tht_loss,loss,loss[27].train_nll_h,2.9746994972229004,float,outputs/save_data/ryc/tht_tripgen_20260212_234749/loss_tht_tripgen.csv,ok,loss,28,27,,train_nll_h
loss_point,loss,strategy_tht_loss,loss,loss[27].train_nll_o,3.78940749168396,float,outputs/save_data/ryc/tht_tripgen_20260212_234749/loss_tht_tripgen.csv,ok,loss,28,27,,train_nll_o
loss_point,loss,strategy_tht_loss,loss,loss[27].train_nll_d,3.842661142349243,float,outputs/save_data/ryc/tht_tripgen_20260212_234749/loss_tht_tripgen.csv,ok,loss,28,27,,train_nll_d
loss_point,loss,strategy_tht_loss,loss,loss[27].train_nll_r,-0.0041194031946361065,float,outputs/save_data/ryc/tht_tripgen_20260212_234749/loss_tht_tripgen.csv,ok,loss,28,27,,train_nll_r
loss_point,loss,strategy_tht_loss,loss,loss[27].train_nll_passenger,0.7666990160942078,float,outputs/save_data/ryc/tht_tripgen_20260212_234749/loss_tht_tripgen.csv,ok,loss,28,27,,train_nll_passenger
loss_point,loss,strategy_tht_loss,loss,loss[27].train_nll_total_amount,0.3845859467983246,float,outputs/save_data/ryc/tht_tripgen_20260212_234749/loss_tht_tripgen.csv,ok,loss,28,27,,train_nll_total_amount
loss_point,loss,strategy_tht_loss,loss,loss[27].val_nll_total,11.743180274963379,float,outputs/save_data/ryc/tht_tripgen_20260212_234749/loss_tht_tripgen.csv,ok,loss,28,27,,val_nll_total
loss_point,loss,strategy_tht_loss,loss,loss[27].val_nll_h,2.978649616241455,float,outputs/save_data/ryc/tht_tripgen_20260212_234749/loss_tht_tripgen.csv,ok,loss,28,27,,val_nll_h
loss_point,loss,strategy_tht_loss,loss,loss[27].val_nll_o,3.7817537784576416,float,outputs/save_data/ryc/tht_tripgen_20260212_234749/loss_tht_tripgen.csv,ok,loss,28,27,,val_nll_o
loss_point,loss,strategy_tht_loss,loss,loss[27].val_nll_d,3.8385069370269775,float,outputs/save_data/ryc/tht_tripgen_20260212_234749/loss_tht_tripgen.csv,ok,loss,28,27,,val_nll_d
loss_point,loss,strategy_tht_loss,loss,loss[27].val_nll_r,-0.0034492206759750843,float,outputs/save_data/ryc/tht_tripgen_20260212_234749/loss_tht_tripgen.csv,ok,loss,28,27,,val_nll_r
loss_point,loss,strategy_tht_loss,loss,loss[27].val_nll_passenger,0.7478436231613159,float,outputs/save_data/ryc/tht_tripgen_20260212_234749/loss_tht_tripgen.csv,ok,loss,28,27,,val_nll_passenger
loss_point,loss,strategy_tht_loss,loss,loss[27].val_nll_total_amount,0.3998764157295227,float,outputs/save_data/ryc/tht_tripgen_20260212_234749/loss_tht_tripgen.csv,ok,loss,28,27,,val_nll_total_amount
loss_point,loss,strategy_tht_loss,loss,loss[28].train_nll_total,11.751691818237305,float,outputs/save_data/ryc/tht_tripgen_20260212_234749/loss_tht_tripgen.csv,ok,loss,29,28,,train_nll_total
loss_point,loss,strategy_tht_loss,loss,loss[28].train_nll_h,2.974698305130005,float,outputs/save_data/ryc/tht_tripgen_20260212_234749/loss_tht_tripgen.csv,ok,loss,29,28,,train_nll_h
loss_point,loss,strategy_tht_loss,loss,loss[28].train_nll_o,3.789344310760498,float,outputs/save_data/ryc/tht_tripgen_20260212_234749/loss_tht_tripgen.csv,ok,loss,29,28,,train_nll_o
loss_point,loss,strategy_tht_loss,loss,loss[28].train_nll_d,3.842343807220459,float,outputs/save_data/ryc/tht_tripgen_20260212_234749/loss_tht_tripgen.csv,ok,loss,29,28,,train_nll_d
loss_point,loss,strategy_tht_loss,loss,loss[28].train_nll_r,-0.004137199837714434,float,outputs/save_data/ryc/tht_tripgen_20260212_234749/loss_tht_tripgen.csv,ok,loss,29,28,,train_nll_r
loss_point,loss,strategy_tht_loss,loss,loss[28].train_nll_passenger,0.7665950655937195,float,outputs/save_data/ryc/tht_tripgen_20260212_234749/loss_tht_tripgen.csv,ok,loss,29,28,,train_nll_passenger
loss_point,loss,strategy_tht_loss,loss,loss[28].train_nll_total_amount,0.3828575313091278,float,outputs/save_data/ryc/tht_tripgen_20260212_234749/loss_tht_tripgen.csv,ok,loss,29,28,,train_nll_total_amount
loss_point,loss,strategy_tht_loss,loss,loss[28].val_nll_total,11.739381790161133,float,outputs/save_data/ryc/tht_tripgen_20260212_234749/loss_tht_tripgen.csv,ok,loss,29,28,,val_nll_total
loss_point,loss,strategy_tht_loss,loss,loss[28].val_nll_h,2.9785690307617188,float,outputs/save_data/ryc/tht_tripgen_20260212_234749/loss_tht_tripgen.csv,ok,loss,29,28,,val_nll_h
loss_point,loss,strategy_tht_loss,loss,loss[28].val_nll_o,3.7818634510040283,float,outputs/save_data/ryc/tht_tripgen_20260212_234749/loss_tht_tripgen.csv,ok,loss,29,28,,val_nll_o
loss_point,loss,strategy_tht_loss,loss,loss[28].val_nll_d,3.8388044834136963,float,outputs/save_data/ryc/tht_tripgen_20260212_234749/loss_tht_tripgen.csv,ok,loss,29,28,,val_nll_d
loss_point,loss,strategy_tht_loss,loss,loss[28].val_nll_r,-0.0033957031555473804,float,outputs/save_data/ryc/tht_tripgen_20260212_234749/loss_tht_tripgen.csv,ok,loss,29,28,,val_nll_r
loss_point,loss,strategy_tht_loss,loss,loss[28].val_nll_passenger,0.7477141618728638,float,outputs/save_data/ryc/tht_tripgen_20260212_234749/loss_tht_tripgen.csv,ok,loss,29,28,,val_nll_passenger
loss_point,loss,strategy_tht_loss,loss,loss[28].val_nll_total_amount,0.39582327008247375,float,outputs/save_data/ryc/tht_tripgen_20260212_234749/loss_tht_tripgen.csv,ok,loss,29,28,,val_nll_total_amount
loss_point,loss,strategy_tht_loss,loss,loss[29].train_nll_total,11.750235557556152,float,outputs/save_data/ryc/tht_tripgen_20260212_234749/loss_tht_tripgen.csv,ok,loss,30,29,,train_nll_total
loss_point,loss,strategy_tht_loss,loss,loss[29].train_nll_h,2.9746997356414795,float,outputs/save_data/ryc/tht_tripgen_20260212_234749/loss_tht_tripgen.csv,ok,loss,30,29,,train_nll_h
loss_point,loss,strategy_tht_loss,loss,loss[29].train_nll_o,3.789320707321167,float,outputs/save_data/ryc/tht_tripgen_20260212_234749/loss_tht_tripgen.csv,ok,loss,30,29,,train_nll_o
loss_point,loss,strategy_tht_loss,loss,loss[29].train_nll_d,3.8417134284973145,float,outputs/save_data/ryc/tht_tripgen_20260212_234749/loss_tht_tripgen.csv,ok,loss,30,29,,train_nll_d
loss_point,loss,strategy_tht_loss,loss,loss[29].train_nll_r,-0.004241333343088627,float,outputs/save_data/ryc/tht_tripgen_20260212_234749/loss_tht_tripgen.csv,ok,loss,30,29,,train_nll_r
loss_point,loss,strategy_tht_loss,loss,loss[29].train_nll_passenger,0.766552209854126,float,outputs/save_data/ryc/tht_tripgen_20260212_234749/loss_tht_tripgen.csv,ok,loss,30,29,,train_nll_passenger
loss_point,loss,strategy_tht_loss,loss,loss[29].train_nll_total_amount,0.38219237327575684,float,outputs/save_data/ryc/tht_tripgen_20260212_234749/loss_tht_tripgen.csv,ok,loss,30,29,,train_nll_total_amount
loss_point,loss,strategy_tht_loss,loss,loss[29].val_nll_total,11.737275123596191,float,outputs/save_data/ryc/tht_tripgen_20260212_234749/loss_tht_tripgen.csv,ok,loss,30,29,,val_nll_total
loss_point,loss,strategy_tht_loss,loss,loss[29].val_nll_h,2.9785587787628174,float,outputs/save_data/ryc/tht_tripgen_20260212_234749/loss_tht_tripgen.csv,ok,loss,30,29,,val_nll_h
loss_point,loss,strategy_tht_loss,loss,loss[29].val_nll_o,3.7817916870117188,float,outputs/save_data/ryc/tht_tripgen_20260212_234749/loss_tht_tripgen.csv,ok,loss,30,29,,val_nll_o
loss_point,loss,strategy_tht_loss,loss,loss[29].val_nll_d,3.838168144226074,float,outputs/save_data/ryc/tht_tripgen_20260212_234749/loss_tht_tripgen.csv,ok,loss,30,29,,val_nll_d
loss_point,loss,strategy_tht_loss,loss,loss[29].val_nll_r,-0.003481832332909107,float,outputs/save_data/ryc/tht_tripgen_20260212_234749/loss_tht_tripgen.csv,ok,loss,30,29,,val_nll_r
loss_point,loss,strategy_tht_loss,loss,loss[29].val_nll_passenger,0.7473950386047363,float,outputs/save_data/ryc/tht_tripgen_20260212_234749/loss_tht_tripgen.csv,ok,loss,30,29,,val_nll_passenger
loss_point,loss,strategy_tht_loss,loss,loss[29].val_nll_total_amount,0.39484360814094543,float,outputs/save_data/ryc/tht_tripgen_20260212_234749/loss_tht_tripgen.csv,ok,loss,30,29,,val_nll_total_amount
scalar_point,scalars,strategy_tht_scalars,scalars,scalar[train/nll_total],13.024033546447754,float,outputs/save_data/ryc/tht_tripgen_20260212_234749/logs/scalars.csv,ok,scalars,,1,train/nll_total,train/nll_total
scalar_point,scalars,strategy_tht_scalars,scalars,scalar[train/nll_h],3.064527750015259,float,outputs/save_data/ryc/tht_tripgen_20260212_234749/logs/scalars.csv,ok,scalars,,1,train/nll_h,train/nll_h
scalar_point,scalars,strategy_tht_scalars,scalars,scalar[train/nll_o],3.8793299198150635,float,outputs/save_data/ryc/tht_tripgen_20260212_234749/logs/scalars.csv,ok,scalars,,1,train/nll_o,train/nll_o
scalar_point,scalars,strategy_tht_scalars,scalars,scalar[train/nll_d],4.152364253997803,float,outputs/save_data/ryc/tht_tripgen_20260212_234749/logs/scalars.csv,ok,scalars,,1,train/nll_d,train/nll_d
scalar_point,scalars,strategy_tht_scalars,scalars,scalar[train/nll_r],0.006088691763579845,float,outputs/save_data/ryc/tht_tripgen_20260212_234749/logs/scalars.csv,ok,scalars,,1,train/nll_r,train/nll_r
scalar_point,scalars,strategy_tht_scalars,scalars,scalar[train/nll_passenger],0.8311333656311035,float,outputs/save_data/ryc/tht_tripgen_20260212_234749/logs/scalars.csv,ok,scalars,,1,train/nll_passenger,train/nll_passenger
scalar_point,scalars,strategy_tht_scalars,scalars,scalar[train/nll_total_amount],1.0905920267105103,float,outputs/save_data/ryc/tht_tripgen_20260212_234749/logs/scalars.csv,ok,scalars,,1,train/nll_total_amount,train/nll_total_amount
scalar_point,scalars,strategy_tht_scalars,scalars,scalar[val/nll_total],12.462056159973145,float,outputs/save_data/ryc/tht_tripgen_20260212_234749/logs/scalars.csv,ok,scalars,,1,val/nll_total,val/nll_total
scalar_point,scalars,strategy_tht_scalars,scalars,scalar[val/nll_h],2.9895029067993164,float,outputs/save_data/ryc/tht_tripgen_20260212_234749/logs/scalars.csv,ok,scalars,,1,val/nll_h,val/nll_h
scalar_point,scalars,strategy_tht_scalars,scalars,scalar[val/nll_o],3.786299705505371,float,outputs/save_data/ryc/tht_tripgen_20260212_234749/logs/scalars.csv,ok,scalars,,1,val/nll_o,val/nll_o
scalar_point,scalars,strategy_tht_scalars,scalars,scalar[val/nll_d],3.9712467193603516,float,outputs/save_data/ryc/tht_tripgen_20260212_234749/logs/scalars.csv,ok,scalars,,1,val/nll_d,val/nll_d
scalar_point,scalars,strategy_tht_scalars,scalars,scalar[val/nll_r],0.0004621068073902279,float,outputs/save_data/ryc/tht_tripgen_20260212_234749/logs/scalars.csv,ok,scalars,,1,val/nll_r,val/nll_r
scalar_point,scalars,strategy_tht_scalars,scalars,scalar[val/nll_passenger],0.7568913102149963,float,outputs/save_data/ryc/tht_tripgen_20260212_234749/logs/scalars.csv,ok,scalars,,1,val/nll_passenger,val/nll_passenger
scalar_point,scalars,strategy_tht_scalars,scalars,scalar[val/nll_total_amount],0.9576523900032043,float,outputs/save_data/ryc/tht_tripgen_20260212_234749/logs/scalars.csv,ok,scalars,,1,val/nll_total_amount,val/nll_total_amount
scalar_point,scalars,strategy_tht_scalars,scalars,scalar[train/grad_norm],0.6949682162120583,float,outputs/save_data/ryc/tht_tripgen_20260212_234749/logs/scalars.csv,ok,scalars,,1,train/grad_norm,train/grad_norm
scalar_point,scalars,strategy_tht_scalars,scalars,scalar[train/param_norm],105.78142712093819,float,outputs/save_data/ryc/tht_tripgen_20260212_234749/logs/scalars.csv,ok,scalars,,1,train/param_norm,train/param_norm
scalar_point,scalars,strategy_tht_scalars,scalars,scalar[flow/layer_logdet_mean_4],0.011122887954115868,float,outputs/save_data/ryc/tht_tripgen_20260212_234749/logs/scalars.csv,ok,scalars,,1,flow/layer_logdet_mean_4,flow/layer_logdet_mean_4
scalar_point,scalars,strategy_tht_scalars,scalars,scalar[flow/layer_logdet_std_4],0.20262832939624786,float,outputs/save_data/ryc/tht_tripgen_20260212_234749/logs/scalars.csv,ok,scalars,,1,flow/layer_logdet_std_4,flow/layer_logdet_std_4
scalar_point,scalars,strategy_tht_scalars,scalars,scalar[flow/layer_logdet_mean_3],-0.003177780658006668,float,outputs/save_data/ryc/tht_tripgen_20260212_234749/logs/scalars.csv,ok,scalars,,1,flow/layer_logdet_mean_3,flow/layer_logdet_mean_3
scalar_point,scalars,strategy_tht_scalars,scalars,scalar[flow/layer_logdet_std_3],0.08999936282634735,float,outputs/save_data/ryc/tht_tripgen_20260212_234749/logs/scalars.csv,ok,scalars,,1,flow/layer_logdet_std_3,flow/layer_logdet_std_3
scalar_point,scalars,strategy_tht_scalars,scalars,scalar[flow/layer_logdet_mean_2],-0.004568200558423996,float,outputs/save_data/ryc/tht_tripgen_20260212_234749/logs/scalars.csv,ok,scalars,,1,flow/layer_logdet_mean_2,flow/layer_logdet_mean_2
scalar_point,scalars,strategy_tht_scalars,scalars,scalar[flow/layer_logdet_std_2],0.07205397635698318,float,outputs/save_data/ryc/tht_tripgen_20260212_234749/logs/scalars.csv,ok,scalars,,1,flow/layer_logdet_std_2,flow/layer_logdet_std_2
scalar_point,scalars,strategy_tht_scalars,scalars,scalar[flow/layer_logdet_mean_1],-0.00797673687338829,float,outputs/save_data/ryc/tht_tripgen_20260212_234749/logs/scalars.csv,ok,scalars,,1,flow/layer_logdet_mean_1,flow/layer_logdet_mean_1
scalar_point,scalars,strategy_tht_scalars,scalars,scalar[flow/layer_logdet_std_1],0.09924129396677017,float,outputs/save_data/ryc/tht_tripgen_20260212_234749/logs/scalars.csv,ok,scalars,,1,flow/layer_logdet_std_1,flow/layer_logdet_std_1
scalar_point,scalars,strategy_tht_scalars,scalars,scalar[flow/layer_logdet_mean_0],0.0005955985398031771,float,outputs/save_data/ryc/tht_tripgen_20260212_234749/logs/scalars.csv,ok,scalars,,1,flow/layer_logdet_mean_0,flow/layer_logdet_mean_0
scalar_point,scalars,strategy_tht_scalars,scalars,scalar[flow/layer_logdet_std_0],0.061213843524456024,float,outputs/save_data/ryc/tht_tripgen_20260212_234749/logs/scalars.csv,ok,scalars,,1,flow/layer_logdet_std_0,flow/layer_logdet_std_0
scalar_point,scalars,strategy_tht_scalars,scalars,scalar[train/nll_total],12.376243591308594,float,outputs/save_data/ryc/tht_tripgen_20260212_234749/logs/scalars.csv,ok,scalars,,2,train/nll_total,train/nll_total
scalar_point,scalars,strategy_tht_scalars,scalars,scalar[train/nll_h],2.9788591861724854,float,outputs/save_data/ryc/tht_tripgen_20260212_234749/logs/scalars.csv,ok,scalars,,2,train/nll_h,train/nll_h
scalar_point,scalars,strategy_tht_scalars,scalars,scalar[train/nll_o],3.79990553855896,float,outputs/save_data/ryc/tht_tripgen_20260212_234749/logs/scalars.csv,ok,scalars,,2,train/nll_o,train/nll_o
scalar_point,scalars,strategy_tht_scalars,scalars,scalar[train/nll_d],3.944856643676758,float,outputs/save_data/ryc/tht_tripgen_20260212_234749/logs/scalars.csv,ok,scalars,,2,train/nll_d,train/nll_d
scalar_point,scalars,strategy_tht_scalars,scalars,scalar[train/nll_r],0.00019886373775079846,float,outputs/save_data/ryc/tht_tripgen_20260212_234749/logs/scalars.csv,ok,scalars,,2,train/nll_r,train/nll_r
scalar_point,scalars,strategy_tht_scalars,scalars,scalar[train/nll_passenger],0.7770802974700928,float,outputs/save_data/ryc/tht_tripgen_20260212_234749/logs/scalars.csv,ok,scalars,,2,train/nll_passenger,train/nll_passenger
scalar_point,scalars,strategy_tht_scalars,scalars,scalar[train/nll_total_amount],0.8753536343574524,float,outputs/save_data/ryc/tht_tripgen_20260212_234749/logs/scalars.csv,ok,scalars,,2,train/nll_total_amount,train/nll_total_amount
scalar_point,scalars,strategy_tht_scalars,scalars,scalar[val/nll_total],12.192521095275879,float,outputs/save_data/ryc/tht_tripgen_20260212_234749/logs/scalars.csv,ok,scalars,,2,val/nll_total,val/nll_total
scalar_point,scalars,strategy_tht_scalars,scalars,scalar[val/nll_h],2.9795281887054443,float,outputs/save_data/ryc/tht_tripgen_20260212_234749/logs/scalars.csv,ok,scalars,,2,val/nll_h,val/nll_h
scalar_point,scalars,strategy_tht_scalars,scalars,scalar[val/nll_o],3.7832350730895996,float,outputs/save_data/ryc/tht_tripgen_20260212_234749/logs/scalars.csv,ok,scalars,,2,val/nll_o,val/nll_o
scalar_point,scalars,strategy_tht_scalars,scalars,scalar[val/nll_d],3.906214952468872,float,outputs/save_data/ryc/tht_tripgen_20260212_234749/logs/scalars.csv,ok,scalars,,2,val/nll_d,val/nll_d
scalar_point,scalars,strategy_tht_scalars,scalars,scalar[val/nll_r],-0.0010199379175901413,float,outputs/save_data/ryc/tht_tripgen_20260212_234749/logs/scalars.csv,ok,scalars,,2,val/nll_r,val/nll_r
scalar_point,scalars,strategy_tht_scalars,scalars,scalar[val/nll_passenger],0.754029393196106,float,outputs/save_data/ryc/tht_tripgen_20260212_234749/logs/scalars.csv,ok,scalars,,2,val/nll_passenger,val/nll_passenger
scalar_point,scalars,strategy_tht_scalars,scalars,scalar[val/nll_total_amount],0.7705397009849548,float,outputs/save_data/ryc/tht_tripgen_20260212_234749/logs/scalars.csv,ok,scalars,,2,val/nll_total_amount,val/nll_total_amount
scalar_point,scalars,strategy_tht_scalars,scalars,scalar[train/grad_norm],1.008502138110634,float,outputs/save_data/ryc/tht_tripgen_20260212_234749/logs/scalars.csv,ok,scalars,,2,train/grad_norm,train/grad_norm
scalar_point,scalars,strategy_tht_scalars,scalars,scalar[train/param_norm],111.16013932213534,float,outputs/save_data/ryc/tht_tripgen_20260212_234749/logs/scalars.csv,ok,scalars,,2,train/param_norm,train/param_norm
scalar_point,scalars,strategy_tht_scalars,scalars,scalar[flow/layer_logdet_mean_4],0.006995975039899349,float,outputs/save_data/ryc/tht_tripgen_20260212_234749/logs/scalars.csv,ok,scalars,,2,flow/layer_logdet_mean_4,flow/layer_logdet_mean_4
scalar_point,scalars,strategy_tht_scalars,scalars,scalar[flow/layer_logdet_std_4],0.1564999371767044,float,outputs/save_data/ryc/tht_tripgen_20260212_234749/logs/scalars.csv,ok,scalars,,2,flow/layer_logdet_std_4,flow/layer_logdet_std_4
scalar_point,scalars,strategy_tht_scalars,scalars,scalar[flow/layer_logdet_mean_3],-0.006763557903468609,float,outputs/save_data/ryc/tht_tripgen_20260212_234749/logs/scalars.csv,ok,scalars,,2,flow/layer_logdet_mean_3,flow/layer_logdet_mean_3
scalar_point,scalars,strategy_tht_scalars,scalars,scalar[flow/layer_logdet_std_3],0.07317022979259491,float,outputs/save_data/ryc/tht_tripgen_20260212_234749/logs/scalars.csv,ok,scalars,,2,flow/layer_logdet_std_3,flow/layer_logdet_std_3
scalar_point,scalars,strategy_tht_scalars,scalars,scalar[flow/layer_logdet_mean_2],-0.010918882675468922,float,outputs/save_data/ryc/tht_tripgen_20260212_234749/logs/scalars.csv,ok,scalars,,2,flow/layer_logdet_mean_2,flow/layer_logdet_mean_2
scalar_point,scalars,strategy_tht_scalars,scalars,scalar[flow/layer_logdet_std_2],0.08580972254276276,float,outputs/save_data/ryc/tht_tripgen_20260212_234749/logs/scalars.csv,ok,scalars,,2,flow/layer_logdet_std_2,flow/layer_logdet_std_2
scalar_point,scalars,strategy_tht_scalars,scalars,scalar[flow/layer_logdet_mean_1],-0.011543886736035347,float,outputs/save_data/ryc/tht_tripgen_20260212_234749/logs/scalars.csv,ok,scalars,,2,flow/layer_logdet_mean_1,flow/layer_logdet_mean_1
scalar_point,scalars,strategy_tht_scalars,scalars,scalar[flow/layer_logdet_std_1],0.09571132063865662,float,outputs/save_data/ryc/tht_tripgen_20260212_234749/logs/scalars.csv,ok,scalars,,2,flow/layer_logdet_std_1,flow/layer_logdet_std_1
scalar_point,scalars,strategy_tht_scalars,scalars,scalar[flow/layer_logdet_mean_0],0.005181916989386082,float,outputs/save_data/ryc/tht_tripgen_20260212_234749/logs/scalars.csv,ok,scalars,,2,flow/layer_logdet_mean_0,flow/layer_logdet_mean_0
scalar_point,scalars,strategy_tht_scalars,scalars,scalar[flow/layer_logdet_std_0],0.07757996767759323,float,outputs/save_data/ryc/tht_tripgen_20260212_234749/logs/scalars.csv,ok,scalars,,2,flow/layer_logdet_std_0,flow/layer_logdet_std_0
scalar_point,scalars,strategy_tht_scalars,scalars,scalar[train/nll_total],12.175604820251465,float,outputs/save_data/ryc/tht_tripgen_20260212_234749/logs/scalars.csv,ok,scalars,,3,train/nll_total,train/nll_total
scalar_point,scalars,strategy_tht_scalars,scalars,scalar[train/nll_h],2.9752044677734375,float,outputs/save_data/ryc/tht_tripgen_20260212_234749/logs/scalars.csv,ok,scalars,,3,train/nll_h,train/nll_h
scalar_point,scalars,strategy_tht_scalars,scalars,scalar[train/nll_o],3.7960638999938965,float,outputs/save_data/ryc/tht_tripgen_20260212_234749/logs/scalars.csv,ok,scalars,,3,train/nll_o,train/nll_o
scalar_point,scalars,strategy_tht_scalars,scalars,scalar[train/nll_d],3.9068500995635986,float,outputs/save_data/ryc/tht_tripgen_20260212_234749/logs/scalars.csv,ok,scalars,,3,train/nll_d,train/nll_d
scalar_point,scalars,strategy_tht_scalars,scalars,scalar[train/nll_r],-0.0005783244268968701,float,outputs/save_data/ryc/tht_tripgen_20260212_234749/logs/scalars.csv,ok,scalars,,3,train/nll_r,train/nll_r
scalar_point,scalars,strategy_tht_scalars,scalars,scalar[train/nll_passenger],0.7746182084083557,float,outputs/save_data/ryc/tht_tripgen_20260212_234749/logs/scalars.csv,ok,scalars,,3,train/nll_passenger,train/nll_passenger
scalar_point,scalars,strategy_tht_scalars,scalars,scalar[train/nll_total_amount],0.7234355211257935,float,outputs/save_data/ryc/tht_tripgen_20260212_234749/logs/scalars.csv,ok,scalars,,3,train/nll_total_amount,train/nll_total_amount
scalar_point,scalars,strategy_tht_scalars,scalars,scalar[val/nll_total],12.032027244567871,float,outputs/save_data/ryc/tht_tripgen_20260212_234749/logs/scalars.csv,ok,scalars,,3,val/nll_total,val/nll_total
scalar_point,scalars,strategy_tht_scalars,scalars,scalar[val/nll_h],2.9788479804992676,float,outputs/save_data/ryc/tht_tripgen_20260212_234749/logs/scalars.csv,ok,scalars,,3,val/nll_h,val/nll_h
scalar_point,scalars,strategy_tht_scalars,scalars,scalar[val/nll_o],3.782822370529175,float,outputs/save_data/ryc/tht_tripgen_20260212_234749/logs/scalars.csv,ok,scalars,,3,val/nll_o,val/nll_o
scalar_point,scalars,strategy_tht_scalars,scalars,scalar[val/nll_d],3.8843367099761963,float,outputs/save_data/ryc/tht_tripgen_20260212_234749/logs/scalars.csv,ok,scalars,,3,val/nll_d,val/nll_d
scalar_point,scalars,strategy_tht_scalars,scalars,scalar[val/nll_r],-0.0015783478738740087,float,outputs/save_data/ryc/tht_tripgen_20260212_234749/logs/scalars.csv,ok,scalars,,3,val/nll_r,val/nll_r
scalar_point,scalars,strategy_tht_scalars,scalars,scalar[val/nll_passenger],0.7529123425483704,float,outputs/save_data/ryc/tht_tripgen_20260212_234749/logs/scalars.csv,ok,scalars,,3,val/nll_passenger,val/nll_passenger
scalar_point,scalars,strategy_tht_scalars,scalars,scalar[val/nll_total_amount],0.6346824765205383,float,outputs/save_data/ryc/tht_tripgen_20260212_234749/logs/scalars.csv,ok,scalars,,3,val/nll_total_amount,val/nll_total_amount
scalar_point,scalars,strategy_tht_scalars,scalars,scalar[train/grad_norm],1.1252797169159354,float,outputs/save_data/ryc/tht_tripgen_20260212_234749/logs/scalars.csv,ok,scalars,,3,train/grad_norm,train/grad_norm
scalar_point,scalars,strategy_tht_scalars,scalars,scalar[train/param_norm],116.57398763876358,float,outputs/save_data/ryc/tht_tripgen_20260212_234749/logs/scalars.csv,ok,scalars,,3,train/param_norm,train/param_norm
scalar_point,scalars,strategy_tht_scalars,scalars,scalar[flow/layer_logdet_mean_4],0.010443616658449173,float,outputs/save_data/ryc/tht_tripgen_20260212_234749/logs/scalars.csv,ok,scalars,,3,flow/layer_logdet_mean_4,flow/layer_logdet_mean_4
scalar_point,scalars,strategy_tht_scalars,scalars,scalar[flow/layer_logdet_std_4],0.14412984251976013,float,outputs/save_data/ryc/tht_tripgen_20260212_234749/logs/scalars.csv,ok,scalars,,3,flow/layer_logdet_std_4,flow/layer_logdet_std_4
scalar_point,scalars,strategy_tht_scalars,scalars,scalar[flow/layer_logdet_mean_3],-0.005827842280268669,float,outputs/save_data/ryc/tht_tripgen_20260212_234749/logs/scalars.csv,ok,scalars,,3,flow/layer_logdet_mean_3,flow/layer_logdet_mean_3
scalar_point,scalars,strategy_tht_scalars,scalars,scalar[flow/layer_logdet_std_3],0.0670764297246933,float,outputs/save_data/ryc/tht_tripgen_20260212_234749/logs/scalars.csv,ok,scalars,,3,flow/layer_logdet_std_3,flow/layer_logdet_std_3
scalar_point,scalars,strategy_tht_scalars,scalars,scalar[flow/layer_logdet_mean_2],-0.008202208206057549,float,outputs/save_data/ryc/tht_tripgen_20260212_234749/logs/scalars.csv,ok,scalars,,3,flow/layer_logdet_mean_2,flow/layer_logdet_mean_2
scalar_point,scalars,strategy_tht_scalars,scalars,scalar[flow/layer_logdet_std_2],0.07190076261758804,float,outputs/save_data/ryc/tht_tripgen_20260212_234749/logs/scalars.csv,ok,scalars,,3,flow/layer_logdet_std_2,flow/layer_logdet_std_2
scalar_point,scalars,strategy_tht_scalars,scalars,scalar[flow/layer_logdet_mean_1],-0.01075933687388897,float,outputs/save_data/ryc/tht_tripgen_20260212_234749/logs/scalars.csv,ok,scalars,,3,flow/layer_logdet_mean_1,flow/layer_logdet_mean_1
scalar_point,scalars,strategy_tht_scalars,scalars,scalar[flow/layer_logdet_std_1],0.09752429276704788,float,outputs/save_data/ryc/tht_tripgen_20260212_234749/logs/scalars.csv,ok,scalars,,3,flow/layer_logdet_std_1,flow/layer_logdet_std_1
scalar_point,scalars,strategy_tht_scalars,scalars,scalar[flow/layer_logdet_mean_0],0.005897072143852711,float,outputs/save_data/ryc/tht_tripgen_20260212_234749/logs/scalars.csv,ok,scalars,,3,flow/layer_logdet_mean_0,flow/layer_logdet_mean_0
scalar_point,scalars,strategy_tht_scalars,scalars,scalar[flow/layer_logdet_std_0],0.07927318662405014,float,outputs/save_data/ryc/tht_tripgen_20260212_234749/logs/scalars.csv,ok,scalars,,3,flow/layer_logdet_std_0,flow/layer_logdet_std_0
scalar_point,scalars,strategy_tht_scalars,scalars,scalar[train/nll_total],12.054091453552246,float,outputs/save_data/ryc/tht_tripgen_20260212_234749/logs/scalars.csv,ok,scalars,,4,train/nll_total,train/nll_total
scalar_point,scalars,strategy_tht_scalars,scalars,scalar[train/nll_h],2.974837303161621,float,outputs/save_data/ryc/tht_tripgen_20260212_234749/logs/scalars.csv,ok,scalars,,4,train/nll_h,train/nll_h
scalar_point,scalars,strategy_tht_scalars,scalars,scalar[train/nll_o],3.7944042682647705,float,outputs/save_data/ryc/tht_tripgen_20260212_234749/logs/scalars.csv,ok,scalars,,4,train/nll_o,train/nll_o
scalar_point,scalars,strategy_tht_scalars,scalars,scalar[train/nll_d],3.8901498317718506,float,outputs/save_data/ryc/tht_tripgen_20260212_234749/logs/scalars.csv,ok,scalars,,4,train/nll_d,train/nll_d
scalar_point,scalars,strategy_tht_scalars,scalars,scalar[train/nll_r],-0.0012496460694819689,float,outputs/save_data/ryc/tht_tripgen_20260212_234749/logs/scalars.csv,ok,scalars,,4,train/nll_r,train/nll_r
scalar_point,scalars,strategy_tht_scalars,scalars,scalar[train/nll_passenger],0.7732648253440857,float,outputs/save_data/ryc/tht_tripgen_20260212_234749/logs/scalars.csv,ok,scalars,,4,train/nll_passenger,train/nll_passenger
scalar_point,scalars,strategy_tht_scalars,scalars,scalar[train/nll_total_amount],0.6226785182952881,float,outputs/save_data/ryc/tht_tripgen_20260212_234749/logs/scalars.csv,ok,scalars,,4,train/nll_total_amount,train/nll_total_amount
scalar_point,scalars,strategy_tht_scalars,scalars,scalar[val/nll_total],11.951554298400879,float,outputs/save_data/ryc/tht_tripgen_20260212_234749/logs/scalars.csv,ok,scalars,,4,val/nll_total,val/nll_total
scalar_point,scalars,strategy_tht_scalars,scalars,scalar[val/nll_h],2.9787182807922363,float,outputs/save_data/ryc/tht_tripgen_20260212_234749/logs/scalars.csv,ok,scalars,,4,val/nll_h,val/nll_h
scalar_point,scalars,strategy_tht_scalars,scalars,scalar[val/nll_o],3.782661199569702,float,outputs/save_data/ryc/tht_tripgen_20260212_234749/logs/scalars.csv,ok,scalars,,4,val/nll_o,val/nll_o
scalar_point,scalars,strategy_tht_scalars,scalars,scalar[val/nll_d],3.873507261276245,float,outputs/save_data/ryc/tht_tripgen_20260212_234749/logs/scalars.csv,ok,scalars,,4,val/nll_d,val/nll_d
scalar_point,scalars,strategy_tht_scalars,scalars,scalar[val/nll_r],-0.001584453391842544,float,outputs/save_data/ryc/tht_tripgen_20260212_234749/logs/scalars.csv,ok,scalars,,4,val/nll_r,val/nll_r
scalar_point,scalars,strategy_tht_scalars,scalars,scalar[val/nll_passenger],0.7521304488182068,float,outputs/save_data/ryc/tht_tripgen_20260212_234749/logs/scalars.csv,ok,scalars,,4,val/nll_passenger,val/nll_passenger
scalar_point,scalars,strategy_tht_scalars,scalars,scalar[val/nll_total_amount],0.5661240816116333,float,outputs/save_data/ryc/tht_tripgen_20260212_234749/logs/scalars.csv,ok,scalars,,4,val/nll_total_amount,val/nll_total_amount
scalar_point,scalars,strategy_tht_scalars,scalars,scalar[train/grad_norm],1.9999992714447594,float,outputs/save_data/ryc/tht_tripgen_20260212_234749/logs/scalars.csv,ok,scalars,,4,train/grad_norm,train/grad_norm
scalar_point,scalars,strategy_tht_scalars,scalars,scalar[train/param_norm],121.2426399437903,float,outputs/save_data/ryc/tht_tripgen_20260212_234749/logs/scalars.csv,ok,scalars,,4,train/param_norm,train/param_norm
scalar_point,scalars,strategy_tht_scalars,scalars,scalar[flow/layer_logdet_mean_4],0.01231161318719387,float,outputs/save_data/ryc/tht_tripgen_20260212_234749/logs/scalars.csv,ok,scalars,,4,flow/layer_logdet_mean_4,flow/layer_logdet_mean_4
scalar_point,scalars,strategy_tht_scalars,scalars,scalar[flow/layer_logdet_std_4],0.1659066081047058,float,outputs/save_data/ryc/tht_tripgen_20260212_234749/logs/scalars.csv,ok,scalars,,4,flow/layer_logdet_std_4,flow/layer_logdet_std_4
scalar_point,scalars,strategy_tht_scalars,scalars,scalar[flow/layer_logdet_mean_3],-0.006222102791070938,float,outputs/save_data/ryc/tht_tripgen_20260212_234749/logs/scalars.csv,ok,scalars,,4,flow/layer_logdet_mean_3,flow/layer_logdet_mean_3
scalar_point,scalars,strategy_tht_scalars,scalars,scalar[flow/layer_logdet_std_3],0.06873415410518646,float,outputs/save_data/ryc/tht_tripgen_20260212_234749/logs/scalars.csv,ok,scalars,,4,flow/layer_logdet_std_3,flow/layer_logdet_std_3
scalar_point,scalars,strategy_tht_scalars,scalars,scalar[flow/layer_logdet_mean_2],-0.006389069836586714,float,outputs/save_data/ryc/tht_tripgen_20260212_234749/logs/scalars.csv,ok,scalars,,4,flow/layer_logdet_mean_2,flow/layer_logdet_mean_2
scalar_point,scalars,strategy_tht_scalars,scalars,scalar[flow/layer_logdet_std_2],0.07075998187065125,float,outputs/save_data/ryc/tht_tripgen_20260212_234749/logs/scalars.csv,ok,scalars,,4,flow/layer_logdet_std_2,flow/layer_logdet_std_2
scalar_point,scalars,strategy_tht_scalars,scalars,scalar[flow/layer_logdet_mean_1],-0.007653787266463041,float,outputs/save_data/ryc/tht_tripgen_20260212_234749/logs/scalars.csv,ok,scalars,,4,flow/layer_logdet_mean_1,flow/layer_logdet_mean_1
scalar_point,scalars,strategy_tht_scalars,scalars,scalar[flow/layer_logdet_std_1],0.09719426929950714,float,outputs/save_data/ryc/tht_tripgen_20260212_234749/logs/scalars.csv,ok,scalars,,4,flow/layer_logdet_std_1,flow/layer_logdet_std_1
scalar_point,scalars,strategy_tht_scalars,scalars,scalar[flow/layer_logdet_mean_0],0.003714720718562603,float,outputs/save_data/ryc/tht_tripgen_20260212_234749/logs/scalars.csv,ok,scalars,,4,flow/layer_logdet_mean_0,flow/layer_logdet_mean_0
scalar_point,scalars,strategy_tht_scalars,scalars,scalar[flow/layer_logdet_std_0],0.0807044580578804,float,outputs/save_data/ryc/tht_tripgen_20260212_234749/logs/scalars.csv,ok,scalars,,4,flow/layer_logdet_std_0,flow/layer_logdet_std_0
scalar_point,scalars,strategy_tht_scalars,scalars,scalar[train/nll_total],11.986298561096191,float,outputs/save_data/ryc/tht_tripgen_20260212_234749/logs/scalars.csv,ok,scalars,,5,train/nll_total,train/nll_total
scalar_point,scalars,strategy_tht_scalars,scalars,scalar[train/nll_h],2.9747495651245117,float,outputs/save_data/ryc/tht_tripgen_20260212_234749/logs/scalars.csv,ok,scalars,,5,train/nll_h,train/nll_h
scalar_point,scalars,strategy_tht_scalars,scalars,scalar[train/nll_o],3.7933804988861084,float,outputs/save_data/ryc/tht_tripgen_20260212_234749/logs/scalars.csv,ok,scalars,,5,train/nll_o,train/nll_o
scalar_point,scalars,strategy_tht_scalars,scalars,scalar[train/nll_d],3.8806424140930176,float,outputs/save_data/ryc/tht_tripgen_20260212_234749/logs/scalars.csv,ok,scalars,,5,train/nll_d,train/nll_d
scalar_point,scalars,strategy_tht_scalars,scalars,scalar[train/nll_r],-0.0016436740988865495,float,outputs/save_data/ryc/tht_tripgen_20260212_234749/logs/scalars.csv,ok,scalars,,5,train/nll_r,train/nll_r
scalar_point,scalars,strategy_tht_scalars,scalars,scalar[train/nll_passenger],0.7724459767341614,float,outputs/save_data/ryc/tht_tripgen_20260212_234749/logs/scalars.csv,ok,scalars,,5,train/nll_passenger,train/nll_passenger
scalar_point,scalars,strategy_tht_scalars,scalars,scalar[train/nll_total_amount],0.5667172074317932,float,outputs/save_data/ryc/tht_tripgen_20260212_234749/logs/scalars.csv,ok,scalars,,5,train/nll_total_amount,train/nll_total_amount
scalar_point,scalars,strategy_tht_scalars,scalars,scalar[val/nll_total],11.908161163330078,float,outputs/save_data/ryc/tht_tripgen_20260212_234749/logs/scalars.csv,ok,scalars,,5,val/nll_total,val/nll_total
scalar_point,scalars,strategy_tht_scalars,scalars,scalar[val/nll_h],2.978644847869873,float,outputs/save_data/ryc/tht_tripgen_20260212_234749/logs/scalars.csv,ok,scalars,,5,val/nll_h,val/nll_h
scalar_point,scalars,strategy_tht_scalars,scalars,scalar[val/nll_o],3.7817189693450928,float,outputs/save_data/ryc/tht_tripgen_20260212_234749/logs/scalars.csv,ok,scalars,,5,val/nll_o,val/nll_o
scalar_point,scalars,strategy_tht_scalars,scalars,scalar[val/nll_d],3.8667707443237305,float,outputs/save_data/ryc/tht_tripgen_20260212_234749/logs/scalars.csv,ok,scalars,,5,val/nll_d,val/nll_d
scalar_point,scalars,strategy_tht_scalars,scalars,scalar[val/nll_r],-0.0017224218463525176,float,outputs/save_data/ryc/tht_tripgen_20260212_234749/logs/scalars.csv,ok,scalars,,5,val/nll_r,val/nll_r
scalar_point,scalars,strategy_tht_scalars,scalars,scalar[val/nll_passenger],0.7514452934265137,float,outputs/save_data/ryc/tht_tripgen_20260212_234749/logs/scalars.csv,ok,scalars,,5,val/nll_passenger,val/nll_passenger
scalar_point,scalars,strategy_tht_scalars,scalars,scalar[val/nll_total_amount],0.5313038229942322,float,outputs/save_data/ryc/tht_tripgen_20260212_234749/logs/scalars.csv,ok,scalars,,5,val/nll_total_amount,val/nll_total_amount
scalar_point,scalars,strategy_tht_scalars,scalars,scalar[train/grad_norm],1.14889006166995,float,outputs/save_data/ryc/tht_tripgen_20260212_234749/logs/scalars.csv,ok,scalars,,5,train/grad_norm,train/grad_norm
scalar_point,scalars,strategy_tht_scalars,scalars,scalar[train/param_norm],125.20718735021813,float,outputs/save_data/ryc/tht_tripgen_20260212_234749/logs/scalars.csv,ok,scalars,,5,train/param_norm,train/param_norm
scalar_point,scalars,strategy_tht_scalars,scalars,scalar[flow/layer_logdet_mean_4],0.01011992059648037,float,outputs/save_data/ryc/tht_tripgen_20260212_234749/logs/scalars.csv,ok,scalars,,5,flow/layer_logdet_mean_4,flow/layer_logdet_mean_4
scalar_point,scalars,strategy_tht_scalars,scalars,scalar[flow/layer_logdet_std_4],0.16016362607479095,float,outputs/save_data/ryc/tht_tripgen_20260212_234749/logs/scalars.csv,ok,scalars,,5,flow/layer_logdet_std_4,flow/layer_logdet_std_4
scalar_point,scalars,strategy_tht_scalars,scalars,scalar[flow/layer_logdet_mean_3],-0.0050538405776023865,float,outputs/save_data/ryc/tht_tripgen_20260212_234749/logs/scalars.csv,ok,scalars,,5,flow/layer_logdet_mean_3,flow/layer_logdet_mean_3
scalar_point,scalars,strategy_tht_scalars,scalars,scalar[flow/layer_logdet_std_3],0.060824811458587646,float,outputs/save_data/ryc/tht_tripgen_20260212_234749/logs/scalars.csv,ok,scalars,,5,flow/layer_logdet_std_3,flow/layer_logdet_std_3
scalar_point,scalars,strategy_tht_scalars,scalars,scalar[flow/layer_logdet_mean_2],-0.004659542813897133,float,outputs/save_data/ryc/tht_tripgen_20260212_234749/logs/scalars.csv,ok,scalars,,5,flow/layer_logdet_mean_2,flow/layer_logdet_mean_2
scalar_point,scalars,strategy_tht_scalars,scalars,scalar[flow/layer_logdet_std_2],0.06747830659151077,float,outputs/save_data/ryc/tht_tripgen_20260212_234749/logs/scalars.csv,ok,scalars,,5,flow/layer_logdet_std_2,flow/layer_logdet_std_2
scalar_point,scalars,strategy_tht_scalars,scalars,scalar[flow/layer_logdet_mean_1],-0.005754630081355572,float,outputs/save_data/ryc/tht_tripgen_20260212_234749/logs/scalars.csv,ok,scalars,,5,flow/layer_logdet_mean_1,flow/layer_logdet_mean_1
scalar_point,scalars,strategy_tht_scalars,scalars,scalar[flow/layer_logdet_std_1],0.09074217826128006,float,outputs/save_data/ryc/tht_tripgen_20260212_234749/logs/scalars.csv,ok,scalars,,5,flow/layer_logdet_std_1,flow/layer_logdet_std_1
scalar_point,scalars,strategy_tht_scalars,scalars,scalar[flow/layer_logdet_mean_0],0.00492472667247057,float,outputs/save_data/ryc/tht_tripgen_20260212_234749/logs/scalars.csv,ok,scalars,,5,flow/layer_logdet_mean_0,flow/layer_logdet_mean_0
scalar_point,scalars,strategy_tht_scalars,scalars,scalar[flow/layer_logdet_std_0],0.09491544216871262,float,outputs/save_data/ryc/tht_tripgen_20260212_234749/logs/scalars.csv,ok,scalars,,5,flow/layer_logdet_std_0,flow/layer_logdet_std_0
scalar_point,scalars,strategy_tht_scalars,scalars,scalar[metrics/n_real],5000.0,float,outputs/save_data/ryc/tht_tripgen_20260212_234749/logs/scalars.csv,ok,scalars,,5,metrics/n_real,metrics/n_real
scalar_point,scalars,strategy_tht_scalars,scalars,scalar[metrics/n_synth],5000.0,float,outputs/save_data/ryc/tht_tripgen_20260212_234749/logs/scalars.csv,ok,scalars,,5,metrics/n_synth,metrics/n_synth
scalar_point,scalars,strategy_tht_scalars,scalars,scalar[metrics/hour_of_day_jsd],0.001554474898200436,float,outputs/save_data/ryc/tht_tripgen_20260212_234749/logs/scalars.csv,ok,scalars,,5,metrics/hour_of_day_jsd,metrics/hour_of_day_jsd
scalar_point,scalars,strategy_tht_scalars,scalars,scalar[metrics/hour_of_day_chi2],0.012527233760306185,float,outputs/save_data/ryc/tht_tripgen_20260212_234749/logs/scalars.csv,ok,scalars,,5,metrics/hour_of_day_chi2,metrics/hour_of_day_chi2
scalar_point,scalars,strategy_tht_scalars,scalars,scalar[metrics/day_of_week_jsd],0.0,float,outputs/save_data/ryc/tht_tripgen_20260212_234749/logs/scalars.csv,ok,scalars,,5,metrics/day_of_week_jsd,metrics/day_of_week_jsd
scalar_point,scalars,strategy_tht_scalars,scalars,scalar[metrics/day_of_week_chi2],0.0,float,outputs/save_data/ryc/tht_tripgen_20260212_234749/logs/scalars.csv,ok,scalars,,5,metrics/day_of_week_chi2,metrics/day_of_week_chi2
scalar_point,scalars,strategy_tht_scalars,scalars,scalar[metrics/pickup_id_jsd],0.009352598872434333,float,outputs/save_data/ryc/tht_tripgen_20260212_234749/logs/scalars.csv,ok,scalars,,5,metrics/pickup_id_jsd,metrics/pickup_id_jsd
scalar_point,scalars,strategy_tht_scalars,scalars,scalar[metrics/pickup_id_chi2],3320000.0384107125,float,outputs/save_data/ryc/tht_tripgen_20260212_234749/logs/scalars.csv,ok,scalars,,5,metrics/pickup_id_chi2,metrics/pickup_id_chi2
scalar_point,scalars,strategy_tht_scalars,scalars,scalar[metrics/dropoff_id_jsd],0.01327544708826343,float,outputs/save_data/ryc/tht_tripgen_20260212_234749/logs/scalars.csv,ok,scalars,,5,metrics/dropoff_id_jsd,metrics/dropoff_id_jsd
scalar_point,scalars,strategy_tht_scalars,scalars,scalar[metrics/dropoff_id_chi2],2880000.0686310674,float,outputs/save_data/ryc/tht_tripgen_20260212_234749/logs/scalars.csv,ok,scalars,,5,metrics/dropoff_id_chi2,metrics/dropoff_id_chi2
scalar_point,scalars,strategy_tht_scalars,scalars,scalar[metrics/od_jsd],0.18447375834773305,float,outputs/save_data/ryc/tht_tripgen_20260212_234749/logs/scalars.csv,ok,scalars,,5,metrics/od_jsd,metrics/od_jsd
scalar_point,scalars,strategy_tht_scalars,scalars,scalar[metrics/od_chi2],65640000.706362724,float,outputs/save_data/ryc/tht_tripgen_20260212_234749/logs/scalars.csv,ok,scalars,,5,metrics/od_chi2,metrics/od_chi2
scalar_point,scalars,strategy_tht_scalars,scalars,scalar[metrics/od_coverage_real],0.6076406814661848,float,outputs/save_data/ryc/tht_tripgen_20260212_234749/logs/scalars.csv,ok,scalars,,5,metrics/od_coverage_real,metrics/od_coverage_real
scalar_point,scalars,strategy_tht_scalars,scalars,scalar[metrics/od_coverage_synth],0.5826732673267326,float,outputs/save_data/ryc/tht_tripgen_20260212_234749/logs/scalars.csv,ok,scalars,,5,metrics/od_coverage_synth,metrics/od_coverage_synth
scalar_point,scalars,strategy_tht_scalars,scalars,scalar[metrics/od_unique_real],1937.0,float,outputs/save_data/ryc/tht_tripgen_20260212_234749/logs/scalars.csv,ok,scalars,,5,metrics/od_unique_real,metrics/od_unique_real
scalar_point,scalars,strategy_tht_scalars,scalars,scalar[metrics/od_unique_synth],2020.0,float,outputs/save_data/ryc/tht_tripgen_20260212_234749/logs/scalars.csv,ok,scalars,,5,metrics/od_unique_synth,metrics/od_unique_synth
scalar_point,scalars,strategy_tht_scalars,scalars,scalar[metrics/time_jsd],0.007606001666740533,float,outputs/save_data/ryc/tht_tripgen_20260212_234749/logs/scalars.csv,ok,scalars,,5,metrics/time_jsd,metrics/time_jsd
scalar_point,scalars,strategy_tht_scalars,scalars,scalar[metrics/time_chi2],1360000.06544073,float,outputs/save_data/ryc/tht_tripgen_20260212_234749/logs/scalars.csv,ok,scalars,,5,metrics/time_chi2,metrics/time_chi2
scalar_point,scalars,strategy_tht_scalars,scalars,scalar[metrics/time_coverage_real],0.9859154929577465,float,outputs/save_data/ryc/tht_tripgen_20260212_234749/logs/scalars.csv,ok,scalars,,5,metrics/time_coverage_real,metrics/time_coverage_real
scalar_point,scalars,strategy_tht_scalars,scalars,scalar[metrics/time_coverage_synth],0.9859154929577465,float,outputs/save_data/ryc/tht_tripgen_20260212_234749/logs/scalars.csv,ok,scalars,,5,metrics/time_coverage_synth,metrics/time_coverage_synth
scalar_point,scalars,strategy_tht_scalars,scalars,scalar[metrics/time_unique_real],142.0,float,outputs/save_data/ryc/tht_tripgen_20260212_234749/logs/scalars.csv,ok,scalars,,5,metrics/time_unique_real,metrics/time_unique_real
scalar_point,scalars,strategy_tht_scalars,scalars,scalar[metrics/time_unique_synth],142.0,float,outputs/save_data/ryc/tht_tripgen_20260212_234749/logs/scalars.csv,ok,scalars,,5,metrics/time_unique_synth,metrics/time_unique_synth
scalar_point,scalars,strategy_tht_scalars,scalars,scalar[metrics/joint_jsd],0.6591862563130939,float,outputs/save_data/ryc/tht_tripgen_20260212_234749/logs/scalars.csv,ok,scalars,,5,metrics/joint_jsd,metrics/joint_jsd
scalar_point,scalars,strategy_tht_scalars,scalars,scalar[metrics/joint_chi2],200360000.95408332,float,outputs/save_data/ryc/tht_tripgen_20260212_234749/logs/scalars.csv,ok,scalars,,5,metrics/joint_chi2,metrics/joint_chi2
scalar_point,scalars,strategy_tht_scalars,scalars,scalar[metrics/joint_coverage_real],0.04826453070445677,float,outputs/save_data/ryc/tht_tripgen_20260212_234749/logs/scalars.csv,ok,scalars,,5,metrics/joint_coverage_real,metrics/joint_coverage_real
scalar_point,scalars,strategy_tht_scalars,scalars,scalar[metrics/joint_coverage_synth],0.04815573770491803,float,outputs/save_data/ryc/tht_tripgen_20260212_234749/logs/scalars.csv,ok,scalars,,5,metrics/joint_coverage_synth,metrics/joint_coverage_synth
scalar_point,scalars,strategy_tht_scalars,scalars,scalar[metrics/joint_unique_real],4869.0,float,outputs/save_data/ryc/tht_tripgen_20260212_234749/logs/scalars.csv,ok,scalars,,5,metrics/joint_unique_real,metrics/joint_unique_real
scalar_point,scalars,strategy_tht_scalars,scalars,scalar[metrics/joint_unique_synth],4880.0,float,outputs/save_data/ryc/tht_tripgen_20260212_234749/logs/scalars.csv,ok,scalars,,5,metrics/joint_unique_synth,metrics/joint_unique_synth
scalar_point,scalars,strategy_tht_scalars,scalars,scalar[metrics/joint_mode_dropping_ratio],0.9517354692955432,float,outputs/save_data/ryc/tht_tripgen_20260212_234749/logs/scalars.csv,ok,scalars,,5,metrics/joint_mode_dropping_ratio,metrics/joint_mode_dropping_ratio
scalar_point,scalars,strategy_tht_scalars,scalars,scalar[metrics/joint_invalid_ratio],0.951844262295082,float,outputs/save_data/ryc/tht_tripgen_20260212_234749/logs/scalars.csv,ok,scalars,,5,metrics/joint_invalid_ratio,metrics/joint_invalid_ratio
scalar_point,scalars,strategy_tht_scalars,scalars,scalar[train/nll_total],11.942058563232422,float,outputs/save_data/ryc/tht_tripgen_20260212_234749/logs/scalars.csv,ok,scalars,,6,train/nll_total,train/nll_total
scalar_point,scalars,strategy_tht_scalars,scalars,scalar[train/nll_h],2.974719285964966,float,outputs/save_data/ryc/tht_tripgen_20260212_234749/logs/scalars.csv,ok,scalars,,6,train/nll_h,train/nll_h
scalar_point,scalars,strategy_tht_scalars,scalars,scalar[train/nll_o],3.7926719188690186,float,outputs/save_data/ryc/tht_tripgen_20260212_234749/logs/scalars.csv,ok,scalars,,6,train/nll_o,train/nll_o
scalar_point,scalars,strategy_tht_scalars,scalars,scalar[train/nll_d],3.8744537830352783,float,outputs/save_data/ryc/tht_tripgen_20260212_234749/logs/scalars.csv,ok,scalars,,6,train/nll_d,train/nll_d
scalar_point,scalars,strategy_tht_scalars,scalars,scalar[train/nll_r],-0.001877147820778191,float,outputs/save_data/ryc/tht_tripgen_20260212_234749/logs/scalars.csv,ok,scalars,,6,train/nll_r,train/nll_r
scalar_point,scalars,strategy_tht_scalars,scalars,scalar[train/nll_passenger],0.7717636227607727,float,outputs/save_data/ryc/tht_tripgen_20260212_234749/logs/scalars.csv,ok,scalars,,6,train/nll_passenger,train/nll_passenger
scalar_point,scalars,strategy_tht_scalars,scalars,scalar[train/nll_total_amount],0.5303376317024231,float,outputs/save_data/ryc/tht_tripgen_20260212_234749/logs/scalars.csv,ok,scalars,,6,train/nll_total_amount,train/nll_total_amount
scalar_point,scalars,strategy_tht_scalars,scalars,scalar[val/nll_total],11.86916446685791,float,outputs/save_data/ryc/tht_tripgen_20260212_234749/logs/scalars.csv,ok,scalars,,6,val/nll_total,val/nll_total
scalar_point,scalars,strategy_tht_scalars,scalars,scalar[val/nll_h],2.9785594940185547,float,outputs/save_data/ryc/tht_tripgen_20260212_234749/logs/scalars.csv,ok,scalars,,6,val/nll_h,val/nll_h
scalar_point,scalars,strategy_tht_scalars,scalars,scalar[val/nll_o],3.7826249599456787,float,outputs/save_data/ryc/tht_tripgen_20260212_234749/logs/scalars.csv,ok,scalars,,6,val/nll_o,val/nll_o
scalar_point,scalars,strategy_tht_scalars,scalars,scalar[val/nll_d],3.862455368041992,float,outputs/save_data/ryc/tht_tripgen_20260212_234749/logs/scalars.csv,ok,scalars,,6,val/nll_d,val/nll_d
scalar_point,scalars,strategy_tht_scalars,scalars,scalar[val/nll_r],-0.002298546489328146,float,outputs/save_data/ryc/tht_tripgen_20260212_234749/logs/scalars.csv,ok,scalars,,6,val/nll_r,val/nll_r
scalar_point,scalars,strategy_tht_scalars,scalars,scalar[val/nll_passenger],0.7509356737136841,float,outputs/save_data/ryc/tht_tripgen_20260212_234749/logs/scalars.csv,ok,scalars,,6,val/nll_passenger,val/nll_passenger
scalar_point,scalars,strategy_tht_scalars,scalars,scalar[val/nll_total_amount],0.4968912899494171,float,outputs/save_data/ryc/tht_tripgen_20260212_234749/logs/scalars.csv,ok,scalars,,6,val/nll_total_amount,val/nll_total_amount
scalar_point,scalars,strategy_tht_scalars,scalars,scalar[train/grad_norm],1.2500592571750206,float,outputs/save_data/ryc/tht_tripgen_20260212_234749/logs/scalars.csv,ok,scalars,,6,train/grad_norm,train/grad_norm
scalar_point,scalars,strategy_tht_scalars,scalars,scalar[train/param_norm],128.77943968856476,float,outputs/save_data/ryc/tht_tripgen_20260212_234749/logs/scalars.csv,ok,scalars,,6,train/param_norm,train/param_norm
scalar_point,scalars,strategy_tht_scalars,scalars,scalar[flow/layer_logdet_mean_4],0.010543739423155785,float,outputs/save_data/ryc/tht_tripgen_20260212_234749/logs/scalars.csv,ok,scalars,,6,flow/layer_logdet_mean_4,flow/layer_logdet_mean_4
scalar_point,scalars,strategy_tht_scalars,scalars,scalar[flow/layer_logdet_std_4],0.14620904624462128,float,outputs/save_data/ryc/tht_tripgen_20260212_234749/logs/scalars.csv,ok,scalars,,6,flow/layer_logdet_std_4,flow/layer_logdet_std_4
scalar_point,scalars,strategy_tht_scalars,scalars,scalar[flow/layer_logdet_mean_3],-0.005033362656831741,float,outputs/save_data/ryc/tht_tripgen_20260212_234749/logs/scalars.csv,ok,scalars,,6,flow/layer_logdet_mean_3,flow/layer_logdet_mean_3
scalar_point,scalars,strategy_tht_scalars,scalars,scalar[flow/layer_logdet_std_3],0.06393171101808548,float,outputs/save_data/ryc/tht_tripgen_20260212_234749/logs/scalars.csv,ok,scalars,,6,flow/layer_logdet_std_3,flow/layer_logdet_std_3
scalar_point,scalars,strategy_tht_scalars,scalars,scalar[flow/layer_logdet_mean_2],-0.005075208842754364,float,outputs/save_data/ryc/tht_tripgen_20260212_234749/logs/scalars.csv,ok,scalars,,6,flow/layer_logdet_mean_2,flow/layer_logdet_mean_2
scalar_point,scalars,strategy_tht_scalars,scalars,scalar[flow/layer_logdet_std_2],0.06737333536148071,float,outputs/save_data/ryc/tht_tripgen_20260212_234749/logs/scalars.csv,ok,scalars,,6,flow/layer_logdet_std_2,flow/layer_logdet_std_2
scalar_point,scalars,strategy_tht_scalars,scalars,scalar[flow/layer_logdet_mean_1],-0.007340935058891773,float,outputs/save_data/ryc/tht_tripgen_20260212_234749/logs/scalars.csv,ok,scalars,,6,flow/layer_logdet_mean_1,flow/layer_logdet_mean_1
scalar_point,scalars,strategy_tht_scalars,scalars,scalar[flow/layer_logdet_std_1],0.08852519094944,float,outputs/save_data/ryc/tht_tripgen_20260212_234749/logs/scalars.csv,ok,scalars,,6,flow/layer_logdet_std_1,flow/layer_logdet_std_1
scalar_point,scalars,strategy_tht_scalars,scalars,scalar[flow/layer_logdet_mean_0],0.005219955928623676,float,outputs/save_data/ryc/tht_tripgen_20260212_234749/logs/scalars.csv,ok,scalars,,6,flow/layer_logdet_mean_0,flow/layer_logdet_mean_0
scalar_point,scalars,strategy_tht_scalars,scalars,scalar[flow/layer_logdet_std_0],0.09939847141504288,float,outputs/save_data/ryc/tht_tripgen_20260212_234749/logs/scalars.csv,ok,scalars,,6,flow/layer_logdet_std_0,flow/layer_logdet_std_0
scalar_point,scalars,strategy_tht_scalars,scalars,scalar[train/nll_total],11.909850120544434,float,outputs/save_data/ryc/tht_tripgen_20260212_234749/logs/scalars.csv,ok,scalars,,7,train/nll_total,train/nll_total
scalar_point,scalars,strategy_tht_scalars,scalars,scalar[train/nll_h],2.9747164249420166,float,outputs/save_data/ryc/tht_tripgen_20260212_234749/logs/scalars.csv,ok,scalars,,7,train/nll_h,train/nll_h
scalar_point,scalars,strategy_tht_scalars,scalars,scalar[train/nll_o],3.792210817337036,float,outputs/save_data/ryc/tht_tripgen_20260212_234749/logs/scalars.csv,ok,scalars,,7,train/nll_o,train/nll_o
scalar_point,scalars,strategy_tht_scalars,scalars,scalar[train/nll_d],3.8698573112487793,float,outputs/save_data/ryc/tht_tripgen_20260212_234749/logs/scalars.csv,ok,scalars,,7,train/nll_d,train/nll_d
scalar_point,scalars,strategy_tht_scalars,scalars,scalar[train/nll_r],-0.002139484975486994,float,outputs/save_data/ryc/tht_tripgen_20260212_234749/logs/scalars.csv,ok,scalars,,7,train/nll_r,train/nll_r
scalar_point,scalars,strategy_tht_scalars,scalars,scalar[train/nll_passenger],0.7711519598960876,float,outputs/save_data/ryc/tht_tripgen_20260212_234749/logs/scalars.csv,ok,scalars,,7,train/nll_passenger,train/nll_passenger
scalar_point,scalars,strategy_tht_scalars,scalars,scalar[train/nll_total_amount],0.5040531158447266,float,outputs/save_data/ryc/tht_tripgen_20260212_234749/logs/scalars.csv,ok,scalars,,7,train/nll_total_amount,train/nll_total_amount
scalar_point,scalars,strategy_tht_scalars,scalars,scalar[val/nll_total],11.856830596923828,float,outputs/save_data/ryc/tht_tripgen_20260212_234749/logs/scalars.csv,ok,scalars,,7,val/nll_total,val/nll_total
scalar_point,scalars,strategy_tht_scalars,scalars,scalar[val/nll_h],2.9785518646240234,float,outputs/save_data/ryc/tht_tripgen_20260212_234749/logs/scalars.csv,ok,scalars,,7,val/nll_h,val/nll_h
scalar_point,scalars,strategy_tht_scalars,scalars,scalar[val/nll_o],3.7820069789886475,float,outputs/save_data/ryc/tht_tripgen_20260212_234749/logs/scalars.csv,ok,scalars,,7,val/nll_o,val/nll_o
scalar_point,scalars,strategy_tht_scalars,scalars,scalar[val/nll_d],3.858999013900757,float,outputs/save_data/ryc/tht_tripgen_20260212_234749/logs/scalars.csv,ok,scalars,,7,val/nll_d,val/nll_d
scalar_point,scalars,strategy_tht_scalars,scalars,scalar[val/nll_r],-0.002425078535452485,float,outputs/save_data/ryc/tht_tripgen_20260212_234749/logs/scalars.csv,ok,scalars,,7,val/nll_r,val/nll_r
scalar_point,scalars,strategy_tht_scalars,scalars,scalar[val/nll_passenger],0.7504934072494507,float,outputs/save_data/ryc/tht_tripgen_20260212_234749/logs/scalars.csv,ok,scalars,,7,val/nll_passenger,val/nll_passenger
scalar_point,scalars,strategy_tht_scalars,scalars,scalar[val/nll_total_amount],0.48920342326164246,float,outputs/save_data/ryc/tht_tripgen_20260212_234749/logs/scalars.csv,ok,scalars,,7,val/nll_total_amount,val/nll_total_amount
scalar_point,scalars,strategy_tht_scalars,scalars,scalar[train/grad_norm],1.3928289929621123,float,outputs/save_data/ryc/tht_tripgen_20260212_234749/logs/scalars.csv,ok,scalars,,7,train/grad_norm,train/grad_norm
scalar_point,scalars,strategy_tht_scalars,scalars,scalar[train/param_norm],132.03001478649935,float,outputs/save_data/ryc/tht_tripgen_20260212_234749/logs/scalars.csv,ok,scalars,,7,train/param_norm,train/param_norm
scalar_point,scalars,strategy_tht_scalars,scalars,scalar[flow/layer_logdet_mean_4],0.011891424655914307,float,outputs/save_data/ryc/tht_tripgen_20260212_234749/logs/scalars.csv,ok,scalars,,7,flow/layer_logdet_mean_4,flow/layer_logdet_mean_4
scalar_point,scalars,strategy_tht_scalars,scalars,scalar[flow/layer_logdet_std_4],0.15424710512161255,float,outputs/save_data/ryc/tht_tripgen_20260212_234749/logs/scalars.csv,ok,scalars,,7,flow/layer_logdet_std_4,flow/layer_logdet_std_4
scalar_point,scalars,strategy_tht_scalars,scalars,scalar[flow/layer_logdet_mean_3],-0.004614202305674553,float,outputs/save_data/ryc/tht_tripgen_20260212_234749/logs/scalars.csv,ok,scalars,,7,flow/layer_logdet_mean_3,flow/layer_logdet_mean_3
scalar_point,scalars,strategy_tht_scalars,scalars,scalar[flow/layer_logdet_std_3],0.06338702142238617,float,outputs/save_data/ryc/tht_tripgen_20260212_234749/logs/scalars.csv,ok,scalars,,7,flow/layer_logdet_std_3,flow/layer_logdet_std_3
scalar_point,scalars,strategy_tht_scalars,scalars,scalar[flow/layer_logdet_mean_2],-0.0033662826754152775,float,outputs/save_data/ryc/tht_tripgen_20260212_234749/logs/scalars.csv,ok,scalars,,7,flow/layer_logdet_mean_2,flow/layer_logdet_mean_2
scalar_point,scalars,strategy_tht_scalars,scalars,scalar[flow/layer_logdet_std_2],0.06732366979122162,float,outputs/save_data/ryc/tht_tripgen_20260212_234749/logs/scalars.csv,ok,scalars,,7,flow/layer_logdet_std_2,flow/layer_logdet_std_2
scalar_point,scalars,strategy_tht_scalars,scalars,scalar[flow/layer_logdet_mean_1],-0.008250797167420387,float,outputs/save_data/ryc/tht_tripgen_20260212_234749/logs/scalars.csv,ok,scalars,,7,flow/layer_logdet_mean_1,flow/layer_logdet_mean_1
scalar_point,scalars,strategy_tht_scalars,scalars,scalar[flow/layer_logdet_std_1],0.09306983649730682,float,outputs/save_data/ryc/tht_tripgen_20260212_234749/logs/scalars.csv,ok,scalars,,7,flow/layer_logdet_std_1,flow/layer_logdet_std_1
scalar_point,scalars,strategy_tht_scalars,scalars,scalar[flow/layer_logdet_mean_0],0.004322775639593601,float,outputs/save_data/ryc/tht_tripgen_20260212_234749/logs/scalars.csv,ok,scalars,,7,flow/layer_logdet_mean_0,flow/layer_logdet_mean_0
scalar_point,scalars,strategy_tht_scalars,scalars,scalar[flow/layer_logdet_std_0],0.09402986615896225,float,outputs/save_data/ryc/tht_tripgen_20260212_234749/logs/scalars.csv,ok,scalars,,7,flow/layer_logdet_std_0,flow/layer_logdet_std_0
scalar_point,scalars,strategy_tht_scalars,scalars,scalar[train/nll_total],11.885003089904785,float,outputs/save_data/ryc/tht_tripgen_20260212_234749/logs/scalars.csv,ok,scalars,,8,train/nll_total,train/nll_total
scalar_point,scalars,strategy_tht_scalars,scalars,scalar[train/nll_h],2.9747166633605957,float,outputs/save_data/ryc/tht_tripgen_20260212_234749/logs/scalars.csv,ok,scalars,,8,train/nll_h,train/nll_h
scalar_point,scalars,strategy_tht_scalars,scalars,scalar[train/nll_o],3.7918550968170166,float,outputs/save_data/ryc/tht_tripgen_20260212_234749/logs/scalars.csv,ok,scalars,,8,train/nll_o,train/nll_o
scalar_point,scalars,strategy_tht_scalars,scalars,scalar[train/nll_d],3.8660316467285156,float,outputs/save_data/ryc/tht_tripgen_20260212_234749/logs/scalars.csv,ok,scalars,,8,train/nll_d,train/nll_d
scalar_point,scalars,strategy_tht_scalars,scalars,scalar[train/nll_r],-0.002186054131016135,float,outputs/save_data/ryc/tht_tripgen_20260212_234749/logs/scalars.csv,ok,scalars,,8,train/nll_r,train/nll_r
scalar_point,scalars,strategy_tht_scalars,scalars,scalar[train/nll_passenger],0.7706294059753418,float,outputs/save_data/ryc/tht_tripgen_20260212_234749/logs/scalars.csv,ok,scalars,,8,train/nll_passenger,train/nll_passenger
scalar_point,scalars,strategy_tht_scalars,scalars,scalar[train/nll_total_amount],0.4839656949043274,float,outputs/save_data/ryc/tht_tripgen_20260212_234749/logs/scalars.csv,ok,scalars,,8,train/nll_total_amount,train/nll_total_amount
scalar_point,scalars,strategy_tht_scalars,scalars,scalar[val/nll_total],11.829850196838379,float,outputs/save_data/ryc/tht_tripgen_20260212_234749/logs/scalars.csv,ok,scalars,,8,val/nll_total,val/nll_total
scalar_point,scalars,strategy_tht_scalars,scalars,scalar[val/nll_h],2.978583812713623,float,outputs/save_data/ryc/tht_tripgen_20260212_234749/logs/scalars.csv,ok,scalars,,8,val/nll_h,val/nll_h
scalar_point,scalars,strategy_tht_scalars,scalars,scalar[val/nll_o],3.782066583633423,float,outputs/save_data/ryc/tht_tripgen_20260212_234749/logs/scalars.csv,ok,scalars,,8,val/nll_o,val/nll_o
scalar_point,scalars,strategy_tht_scalars,scalars,scalar[val/nll_d],3.856137990951538,float,outputs/save_data/ryc/tht_tripgen_20260212_234749/logs/scalars.csv,ok,scalars,,8,val/nll_d,val/nll_d
scalar_point,scalars,strategy_tht_scalars,scalars,scalar[val/nll_r],-0.0019979255739599466,float,outputs/save_data/ryc/tht_tripgen_20260212_234749/logs/scalars.csv,ok,scalars,,8,val/nll_r,val/nll_r
scalar_point,scalars,strategy_tht_scalars,scalars,scalar[val/nll_passenger],0.7501722574234009,float,outputs/save_data/ryc/tht_tripgen_20260212_234749/logs/scalars.csv,ok,scalars,,8,val/nll_passenger,val/nll_passenger
scalar_point,scalars,strategy_tht_scalars,scalars,scalar[val/nll_total_amount],0.4648893475532532,float,outputs/save_data/ryc/tht_tripgen_20260212_234749/logs/scalars.csv,ok,scalars,,8,val/nll_total_amount,val/nll_total_amount
scalar_point,scalars,strategy_tht_scalars,scalars,scalar[train/grad_norm],1.4763211216438303,float,outputs/save_data/ryc/tht_tripgen_20260212_234749/logs/scalars.csv,ok,scalars,,8,train/grad_norm,train/grad_norm
scalar_point,scalars,strategy_tht_scalars,scalars,scalar[train/param_norm],135.0423463547189,float,outputs/save_data/ryc/tht_tripgen_20260212_234749/logs/scalars.csv,ok,scalars,,8,train/param_norm,train/param_norm
scalar_point,scalars,strategy_tht_scalars,scalars,scalar[flow/layer_logdet_mean_4],0.009536626748740673,float,outputs/save_data/ryc/tht_tripgen_20260212_234749/logs/scalars.csv,ok,scalars,,8,flow/layer_logdet_mean_4,flow/layer_logdet_mean_4
scalar_point,scalars,strategy_tht_scalars,scalars,scalar[flow/layer_logdet_std_4],0.15147030353546143,float,outputs/save_data/ryc/tht_tripgen_20260212_234749/logs/scalars.csv,ok,scalars,,8,flow/layer_logdet_std_4,flow/layer_logdet_std_4
scalar_point,scalars,strategy_tht_scalars,scalars,scalar[flow/layer_logdet_mean_3],-0.005940966308116913,float,outputs/save_data/ryc/tht_tripgen_20260212_234749/logs/scalars.csv,ok,scalars,,8,flow/layer_logdet_mean_3,flow/layer_logdet_mean_3
scalar_point,scalars,strategy_tht_scalars,scalars,scalar[flow/layer_logdet_std_3],0.06053894758224487,float,outputs/save_data/ryc/tht_tripgen_20260212_234749/logs/scalars.csv,ok,scalars,,8,flow/layer_logdet_std_3,flow/layer_logdet_std_3
scalar_point,scalars,strategy_tht_scalars,scalars,scalar[flow/layer_logdet_mean_2],-0.0049421461299061775,float,outputs/save_data/ryc/tht_tripgen_20260212_234749/logs/scalars.csv,ok,scalars,,8,flow/layer_logdet_mean_2,flow/layer_logdet_mean_2
scalar_point,scalars,strategy_tht_scalars,scalars,scalar[flow/layer_logdet_std_2],0.06138467416167259,float,outputs/save_data/ryc/tht_tripgen_20260212_234749/logs/scalars.csv,ok,scalars,,8,flow/layer_logdet_std_2,flow/layer_logdet_std_2
scalar_point,scalars,strategy_tht_scalars,scalars,scalar[flow/layer_logdet_mean_1],-0.006727694533765316,float,outputs/save_data/ryc/tht_tripgen_20260212_234749/logs/scalars.csv,ok,scalars,,8,flow/layer_logdet_mean_1,flow/layer_logdet_mean_1
scalar_point,scalars,strategy_tht_scalars,scalars,scalar[flow/layer_logdet_std_1],0.08296249061822891,float,outputs/save_data/ryc/tht_tripgen_20260212_234749/logs/scalars.csv,ok,scalars,,8,flow/layer_logdet_std_1,flow/layer_logdet_std_1
scalar_point,scalars,strategy_tht_scalars,scalars,scalar[flow/layer_logdet_mean_0],0.003166792681440711,float,outputs/save_data/ryc/tht_tripgen_20260212_234749/logs/scalars.csv,ok,scalars,,8,flow/layer_logdet_mean_0,flow/layer_logdet_mean_0
scalar_point,scalars,strategy_tht_scalars,scalars,scalar[flow/layer_logdet_std_0],0.1052595004439354,float,outputs/save_data/ryc/tht_tripgen_20260212_234749/logs/scalars.csv,ok,scalars,,8,flow/layer_logdet_std_0,flow/layer_logdet_std_0
scalar_point,scalars,strategy_tht_scalars,scalars,scalar[train/nll_total],11.865129470825195,float,outputs/save_data/ryc/tht_tripgen_20260212_234749/logs/scalars.csv,ok,scalars,,9,train/nll_total,train/nll_total
scalar_point,scalars,strategy_tht_scalars,scalars,scalar[train/nll_h],2.974703311920166,float,outputs/save_data/ryc/tht_tripgen_20260212_234749/logs/scalars.csv,ok,scalars,,9,train/nll_h,train/nll_h
scalar_point,scalars,strategy_tht_scalars,scalars,scalar[train/nll_o],3.791559934616089,float,outputs/save_data/ryc/tht_tripgen_20260212_234749/logs/scalars.csv,ok,scalars,,9,train/nll_o,train/nll_o
scalar_point,scalars,strategy_tht_scalars,scalars,scalar[train/nll_d],3.863430976867676,float,outputs/save_data/ryc/tht_tripgen_20260212_234749/logs/scalars.csv,ok,scalars,,9,train/nll_d,train/nll_d
scalar_point,scalars,strategy_tht_scalars,scalars,scalar[train/nll_r],-0.0024479625280946493,float,outputs/save_data/ryc/tht_tripgen_20260212_234749/logs/scalars.csv,ok,scalars,,9,train/nll_r,train/nll_r
scalar_point,scalars,strategy_tht_scalars,scalars,scalar[train/nll_passenger],0.7702344655990601,float,outputs/save_data/ryc/tht_tripgen_20260212_234749/logs/scalars.csv,ok,scalars,,9,train/nll_passenger,train/nll_passenger
scalar_point,scalars,strategy_tht_scalars,scalars,scalar[train/nll_total_amount],0.4676418602466583,float,outputs/save_data/ryc/tht_tripgen_20260212_234749/logs/scalars.csv,ok,scalars,,9,train/nll_total_amount,train/nll_total_amount
scalar_point,scalars,strategy_tht_scalars,scalars,scalar[val/nll_total],11.815747261047363,float,outputs/save_data/ryc/tht_tripgen_20260212_234749/logs/scalars.csv,ok,scalars,,9,val/nll_total,val/nll_total
scalar_point,scalars,strategy_tht_scalars,scalars,scalar[val/nll_h],2.978522777557373,float,outputs/save_data/ryc/tht_tripgen_20260212_234749/logs/scalars.csv,ok,scalars,,9,val/nll_h,val/nll_h
scalar_point,scalars,strategy_tht_scalars,scalars,scalar[val/nll_o],3.782146692276001,float,outputs/save_data/ryc/tht_tripgen_20260212_234749/logs/scalars.csv,ok,scalars,,9,val/nll_o,val/nll_o
scalar_point,scalars,strategy_tht_scalars,scalars,scalar[val/nll_d],3.8540632724761963,float,outputs/save_data/ryc/tht_tripgen_20260212_234749/logs/scalars.csv,ok,scalars,,9,val/nll_d,val/nll_d
scalar_point,scalars,strategy_tht_scalars,scalars,scalar[val/nll_r],-0.002707462990656495,float,outputs/save_data/ryc/tht_tripgen_20260212_234749/logs/scalars.csv,ok,scalars,,9,val/nll_r,val/nll_r
scalar_point,scalars,strategy_tht_scalars,scalars,scalar[val/nll_passenger],0.74979168176651,float,outputs/save_data/ryc/tht_tripgen_20260212_234749/logs/scalars.csv,ok,scalars,,9,val/nll_passenger,val/nll_passenger
scalar_point,scalars,strategy_tht_scalars,scalars,scalar[val/nll_total_amount],0.45393291115760803,float,outputs/save_data/ryc/tht_tripgen_20260212_234749/logs/scalars.csv,ok,scalars,,9,val/nll_total_amount,val/nll_total_amount
scalar_point,scalars,strategy_tht_scalars,scalars,scalar[train/grad_norm],1.4264887186572137,float,outputs/save_data/ryc/tht_tripgen_20260212_234749/logs/scalars.csv,ok,scalars,,9,train/grad_norm,train/grad_norm
scalar_point,scalars,strategy_tht_scalars,scalars,scalar[train/param_norm],137.82855984743762,float,outputs/save_data/ryc/tht_tripgen_20260212_234749/logs/scalars.csv,ok,scalars,,9,train/param_norm,train/param_norm
scalar_point,scalars,strategy_tht_scalars,scalars,scalar[flow/layer_logdet_mean_4],0.009423794224858284,float,outputs/save_data/ryc/tht_tripgen_20260212_234749/logs/scalars.csv,ok,scalars,,9,flow/layer_logdet_mean_4,flow/layer_logdet_mean_4
scalar_point,scalars,strategy_tht_scalars,scalars,scalar[flow/layer_logdet_std_4],0.14812567830085754,float,outputs/save_data/ryc/tht_tripgen_20260212_234749/logs/scalars.csv,ok,scalars,,9,flow/layer_logdet_std_4,flow/layer_logdet_std_4
scalar_point,scalars,strategy_tht_scalars,scalars,scalar[flow/layer_logdet_mean_3],-0.0058492450043559074,float,outputs/save_data/ryc/tht_tripgen_20260212_234749/logs/scalars.csv,ok,scalars,,9,flow/layer_logdet_mean_3,flow/layer_logdet_mean_3
scalar_point,scalars,strategy_tht_scalars,scalars,scalar[flow/layer_logdet_std_3],0.059389378875494,float,outputs/save_data/ryc/tht_tripgen_20260212_234749/logs/scalars.csv,ok,scalars,,9,flow/layer_logdet_std_3,flow/layer_logdet_std_3
scalar_point,scalars,strategy_tht_scalars,scalars,scalar[flow/layer_logdet_mean_2],-0.004046189598739147,float,outputs/save_data/ryc/tht_tripgen_20260212_234749/logs/scalars.csv,ok,scalars,,9,flow/layer_logdet_mean_2,flow/layer_logdet_mean_2
scalar_point,scalars,strategy_tht_scalars,scalars,scalar[flow/layer_logdet_std_2],0.06629098951816559,float,outputs/save_data/ryc/tht_tripgen_20260212_234749/logs/scalars.csv,ok,scalars,,9,flow/layer_logdet_std_2,flow/layer_logdet_std_2
scalar_point,scalars,strategy_tht_scalars,scalars,scalar[flow/layer_logdet_mean_1],-0.006992749869823456,float,outputs/save_data/ryc/tht_tripgen_20260212_234749/logs/scalars.csv,ok,scalars,,9,flow/layer_logdet_mean_1,flow/layer_logdet_mean_1
scalar_point,scalars,strategy_tht_scalars,scalars,scalar[flow/layer_logdet_std_1],0.08619175106287003,float,outputs/save_data/ryc/tht_tripgen_20260212_234749/logs/scalars.csv,ok,scalars,,9,flow/layer_logdet_std_1,flow/layer_logdet_std_1
scalar_point,scalars,strategy_tht_scalars,scalars,scalar[flow/layer_logdet_mean_0],0.0033513284288346767,float,outputs/save_data/ryc/tht_tripgen_20260212_234749/logs/scalars.csv,ok,scalars,,9,flow/layer_logdet_mean_0,flow/layer_logdet_mean_0
scalar_point,scalars,strategy_tht_scalars,scalars,scalar[flow/layer_logdet_std_0],0.10437749326229095,float,outputs/save_data/ryc/tht_tripgen_20260212_234749/logs/scalars.csv,ok,scalars,,9,flow/layer_logdet_std_0,flow/layer_logdet_std_0
scalar_point,scalars,strategy_tht_scalars,scalars,scalar[train/nll_total],11.848801612854004,float,outputs/save_data/ryc/tht_tripgen_20260212_234749/logs/scalars.csv,ok,scalars,,10,train/nll_total,train/nll_total
scalar_point,scalars,strategy_tht_scalars,scalars,scalar[train/nll_h],2.9747095108032227,float,outputs/save_data/ryc/tht_tripgen_20260212_234749/logs/scalars.csv,ok,scalars,,10,train/nll_h,train/nll_h
scalar_point,scalars,strategy_tht_scalars,scalars,scalar[train/nll_o],3.791261911392212,float,outputs/save_data/ryc/tht_tripgen_20260212_234749/logs/scalars.csv,ok,scalars,,10,train/nll_o,train/nll_o
scalar_point,scalars,strategy_tht_scalars,scalars,scalar[train/nll_d],3.860837936401367,float,outputs/save_data/ryc/tht_tripgen_20260212_234749/logs/scalars.csv,ok,scalars,,10,train/nll_d,train/nll_d
scalar_point,scalars,strategy_tht_scalars,scalars,scalar[train/nll_r],-0.002574558835476637,float,outputs/save_data/ryc/tht_tripgen_20260212_234749/logs/scalars.csv,ok,scalars,,10,train/nll_r,train/nll_r
scalar_point,scalars,strategy_tht_scalars,scalars,scalar[train/nll_passenger],0.7698293924331665,float,outputs/save_data/ryc/tht_tripgen_20260212_234749/logs/scalars.csv,ok,scalars,,10,train/nll_passenger,train/nll_passenger
scalar_point,scalars,strategy_tht_scalars,scalars,scalar[train/nll_total_amount],0.4547266662120819,float,outputs/save_data/ryc/tht_tripgen_20260212_234749/logs/scalars.csv,ok,scalars,,10,train/nll_total_amount,train/nll_total_amount
scalar_point,scalars,strategy_tht_scalars,scalars,scalar[val/nll_total],11.804609298706055,float,outputs/save_data/ryc/tht_tripgen_20260212_234749/logs/scalars.csv,ok,scalars,,10,val/nll_total,val/nll_total
scalar_point,scalars,strategy_tht_scalars,scalars,scalar[val/nll_h],2.9785714149475098,float,outputs/save_data/ryc/tht_tripgen_20260212_234749/logs/scalars.csv,ok,scalars,,10,val/nll_h,val/nll_h
scalar_point,scalars,strategy_tht_scalars,scalars,scalar[val/nll_o],3.782156229019165,float,outputs/save_data/ryc/tht_tripgen_20260212_234749/logs/scalars.csv,ok,scalars,,10,val/nll_o,val/nll_o
scalar_point,scalars,strategy_tht_scalars,scalars,scalar[val/nll_d],3.853114366531372,float,outputs/save_data/ryc/tht_tripgen_20260212_234749/logs/scalars.csv,ok,scalars,,10,val/nll_d,val/nll_d
scalar_point,scalars,strategy_tht_scalars,scalars,scalar[val/nll_r],-0.0022074992302805185,float,outputs/save_data/ryc/tht_tripgen_20260212_234749/logs/scalars.csv,ok,scalars,,10,val/nll_r,val/nll_r
scalar_point,scalars,strategy_tht_scalars,scalars,scalar[val/nll_passenger],0.7494546175003052,float,outputs/save_data/ryc/tht_tripgen_20260212_234749/logs/scalars.csv,ok,scalars,,10,val/nll_passenger,val/nll_passenger
scalar_point,scalars,strategy_tht_scalars,scalars,scalar[val/nll_total_amount],0.4435194134712219,float,outputs/save_data/ryc/tht_tripgen_20260212_234749/logs/scalars.csv,ok,scalars,,10,val/nll_total_amount,val/nll_total_amount
scalar_point,scalars,strategy_tht_scalars,scalars,scalar[train/grad_norm],1.400597468644178,float,outputs/save_data/ryc/tht_tripgen_20260212_234749/logs/scalars.csv,ok,scalars,,10,train/grad_norm,train/grad_norm
scalar_point,scalars,strategy_tht_scalars,scalars,scalar[train/param_norm],140.43419081758776,float,outputs/save_data/ryc/tht_tripgen_20260212_234749/logs/scalars.csv,ok,scalars,,10,train/param_norm,train/param_norm
scalar_point,scalars,strategy_tht_scalars,scalars,scalar[flow/layer_logdet_mean_4],0.010507224127650261,float,outputs/save_data/ryc/tht_tripgen_20260212_234749/logs/scalars.csv,ok,scalars,,10,flow/layer_logdet_mean_4,flow/layer_logdet_mean_4
scalar_point,scalars,strategy_tht_scalars,scalars,scalar[flow/layer_logdet_std_4],0.14831547439098358,float,outputs/save_data/ryc/tht_tripgen_20260212_234749/logs/scalars.csv,ok,scalars,,10,flow/layer_logdet_std_4,flow/layer_logdet_std_4
scalar_point,scalars,strategy_tht_scalars,scalars,scalar[flow/layer_logdet_mean_3],-0.0053034196607768536,float,outputs/save_data/ryc/tht_tripgen_20260212_234749/logs/scalars.csv,ok,scalars,,10,flow/layer_logdet_mean_3,flow/layer_logdet_mean_3
scalar_point,scalars,strategy_tht_scalars,scalars,scalar[flow/layer_logdet_std_3],0.06202992424368858,float,outputs/save_data/ryc/tht_tripgen_20260212_234749/logs/scalars.csv,ok,scalars,,10,flow/layer_logdet_std_3,flow/layer_logdet_std_3
scalar_point,scalars,strategy_tht_scalars,scalars,scalar[flow/layer_logdet_mean_2],-0.003030200023204088,float,outputs/save_data/ryc/tht_tripgen_20260212_234749/logs/scalars.csv,ok,scalars,,10,flow/layer_logdet_mean_2,flow/layer_logdet_mean_2
scalar_point,scalars,strategy_tht_scalars,scalars,scalar[flow/layer_logdet_std_2],0.06756652146577835,float,outputs/save_data/ryc/tht_tripgen_20260212_234749/logs/scalars.csv,ok,scalars,,10,flow/layer_logdet_std_2,flow/layer_logdet_std_2
scalar_point,scalars,strategy_tht_scalars,scalars,scalar[flow/layer_logdet_mean_1],-0.006498122122138739,float,outputs/save_data/ryc/tht_tripgen_20260212_234749/logs/scalars.csv,ok,scalars,,10,flow/layer_logdet_mean_1,flow/layer_logdet_mean_1
scalar_point,scalars,strategy_tht_scalars,scalars,scalar[flow/layer_logdet_std_1],0.08545602858066559,float,outputs/save_data/ryc/tht_tripgen_20260212_234749/logs/scalars.csv,ok,scalars,,10,flow/layer_logdet_std_1,flow/layer_logdet_std_1
scalar_point,scalars,strategy_tht_scalars,scalars,scalar[flow/layer_logdet_mean_0],0.00528724305331707,float,outputs/save_data/ryc/tht_tripgen_20260212_234749/logs/scalars.csv,ok,scalars,,10,flow/layer_logdet_mean_0,flow/layer_logdet_mean_0
scalar_point,scalars,strategy_tht_scalars,scalars,scalar[flow/layer_logdet_std_0],0.10801100730895996,float,outputs/save_data/ryc/tht_tripgen_20260212_234749/logs/scalars.csv,ok,scalars,,10,flow/layer_logdet_std_0,flow/layer_logdet_std_0
scalar_point,scalars,strategy_tht_scalars,scalars,scalar[metrics/n_real],5000.0,float,outputs/save_data/ryc/tht_tripgen_20260212_234749/logs/scalars.csv,ok,scalars,,10,metrics/n_real,metrics/n_real
scalar_point,scalars,strategy_tht_scalars,scalars,scalar[metrics/n_synth],5000.0,float,outputs/save_data/ryc/tht_tripgen_20260212_234749/logs/scalars.csv,ok,scalars,,10,metrics/n_synth,metrics/n_synth
scalar_point,scalars,strategy_tht_scalars,scalars,scalar[metrics/hour_of_day_jsd],0.001363090370907049,float,outputs/save_data/ryc/tht_tripgen_20260212_234749/logs/scalars.csv,ok,scalars,,10,metrics/hour_of_day_jsd,metrics/hour_of_day_jsd
scalar_point,scalars,strategy_tht_scalars,scalars,scalar[metrics/hour_of_day_chi2],0.011617822631172135,float,outputs/save_data/ryc/tht_tripgen_20260212_234749/logs/scalars.csv,ok,scalars,,10,metrics/hour_of_day_chi2,metrics/hour_of_day_chi2
scalar_point,scalars,strategy_tht_scalars,scalars,scalar[metrics/day_of_week_jsd],0.0,float,outputs/save_data/ryc/tht_tripgen_20260212_234749/logs/scalars.csv,ok,scalars,,10,metrics/day_of_week_jsd,metrics/day_of_week_jsd
scalar_point,scalars,strategy_tht_scalars,scalars,scalar[metrics/day_of_week_chi2],0.0,float,outputs/save_data/ryc/tht_tripgen_20260212_234749/logs/scalars.csv,ok,scalars,,10,metrics/day_of_week_chi2,metrics/day_of_week_chi2
scalar_point,scalars,strategy_tht_scalars,scalars,scalar[metrics/pickup_id_jsd],0.008788584235560507,float,outputs/save_data/ryc/tht_tripgen_20260212_234749/logs/scalars.csv,ok,scalars,,10,metrics/pickup_id_jsd,metrics/pickup_id_jsd
scalar_point,scalars,strategy_tht_scalars,scalars,scalar[metrics/pickup_id_chi2],2440000.037125056,float,outputs/save_data/ryc/tht_tripgen_20260212_234749/logs/scalars.csv,ok,scalars,,10,metrics/pickup_id_chi2,metrics/pickup_id_chi2
scalar_point,scalars,strategy_tht_scalars,scalars,scalar[metrics/dropoff_id_jsd],0.012373760310822844,float,outputs/save_data/ryc/tht_tripgen_20260212_234749/logs/scalars.csv,ok,scalars,,10,metrics/dropoff_id_jsd,metrics/dropoff_id_jsd
scalar_point,scalars,strategy_tht_scalars,scalars,scalar[metrics/dropoff_id_chi2],3400000.0648790803,float,outputs/save_data/ryc/tht_tripgen_20260212_234749/logs/scalars.csv,ok,scalars,,10,metrics/dropoff_id_chi2,metrics/dropoff_id_chi2
scalar_point,scalars,strategy_tht_scalars,scalars,scalar[metrics/od_jsd],0.18649824370360402,float,outputs/save_data/ryc/tht_tripgen_20260212_234749/logs/scalars.csv,ok,scalars,,10,metrics/od_jsd,metrics/od_jsd
scalar_point,scalars,strategy_tht_scalars,scalars,scalar[metrics/od_chi2],69800000.63716754,float,outputs/save_data/ryc/tht_tripgen_20260212_234749/logs/scalars.csv,ok,scalars,,10,metrics/od_chi2,metrics/od_chi2
scalar_point,scalars,strategy_tht_scalars,scalars,scalar[metrics/od_coverage_real],0.6066081569437274,float,outputs/save_data/ryc/tht_tripgen_20260212_234749/logs/scalars.csv,ok,scalars,,10,metrics/od_coverage_real,metrics/od_coverage_real
scalar_point,scalars,strategy_tht_scalars,scalars,scalar[metrics/od_coverage_synth],0.5872063968015993,float,outputs/save_data/ryc/tht_tripgen_20260212_234749/logs/scalars.csv,ok,scalars,,10,metrics/od_coverage_synth,metrics/od_coverage_synth
scalar_point,scalars,strategy_tht_scalars,scalars,scalar[metrics/od_unique_real],1937.0,float,outputs/save_data/ryc/tht_tripgen_20260212_234749/logs/scalars.csv,ok,scalars,,10,metrics/od_unique_real,metrics/od_unique_real
scalar_point,scalars,strategy_tht_scalars,scalars,scalar[metrics/od_unique_synth],2001.0,float,outputs/save_data/ryc/tht_tripgen_20260212_234749/logs/scalars.csv,ok,scalars,,10,metrics/od_unique_synth,metrics/od_unique_synth
scalar_point,scalars,strategy_tht_scalars,scalars,scalar[metrics/time_jsd],0.007198653644615607,float,outputs/save_data/ryc/tht_tripgen_20260212_234749/logs/scalars.csv,ok,scalars,,10,metrics/time_jsd,metrics/time_jsd
scalar_point,scalars,strategy_tht_scalars,scalars,scalar[metrics/time_chi2],360000.0602689799,float,outputs/save_data/ryc/tht_tripgen_20260212_234749/logs/scalars.csv,ok,scalars,,10,metrics/time_chi2,metrics/time_chi2
scalar_point,scalars,strategy_tht_scalars,scalars,scalar[metrics/time_coverage_real],0.9929577464788732,float,outputs/save_data/ryc/tht_tripgen_20260212_234749/logs/scalars.csv,ok,scalars,,10,metrics/time_coverage_real,metrics/time_coverage_real
scalar_point,scalars,strategy_tht_scalars,scalars,scalar[metrics/time_coverage_synth],0.9929577464788732,float,outputs/save_data/ryc/tht_tripgen_20260212_234749/logs/scalars.csv,ok,scalars,,10,metrics/time_coverage_synth,metrics/time_coverage_synth
scalar_point,scalars,strategy_tht_scalars,scalars,scalar[metrics/time_unique_real],142.0,float,outputs/save_data/ryc/tht_tripgen_20260212_234749/logs/scalars.csv,ok,scalars,,10,metrics/time_unique_real,metrics/time_unique_real
scalar_point,scalars,strategy_tht_scalars,scalars,scalar[metrics/time_unique_synth],142.0,float,outputs/save_data/ryc/tht_tripgen_20260212_234749/logs/scalars.csv,ok,scalars,,10,metrics/time_unique_synth,metrics/time_unique_synth
scalar_point,scalars,strategy_tht_scalars,scalars,scalar[metrics/joint_jsd],0.6591408536396216,float,outputs/save_data/ryc/tht_tripgen_20260212_234749/logs/scalars.csv,ok,scalars,,10,metrics/joint_jsd,metrics/joint_jsd
scalar_point,scalars,strategy_tht_scalars,scalars,scalar[metrics/joint_chi2],200640000.9531,float,outputs/save_data/ryc/tht_tripgen_20260212_234749/logs/scalars.csv,ok,scalars,,10,metrics/joint_chi2,metrics/joint_chi2
scalar_point,scalars,strategy_tht_scalars,scalars,scalar[metrics/joint_coverage_real],0.04867529266789895,float,outputs/save_data/ryc/tht_tripgen_20260212_234749/logs/scalars.csv,ok,scalars,,10,metrics/joint_coverage_real,metrics/joint_coverage_real
scalar_point,scalars,strategy_tht_scalars,scalars,scalar[metrics/joint_coverage_synth],0.04840686274509804,float,outputs/save_data/ryc/tht_tripgen_20260212_234749/logs/scalars.csv,ok,scalars,,10,metrics/joint_coverage_synth,metrics/joint_coverage_synth
scalar_point,scalars,strategy_tht_scalars,scalars,scalar[metrics/joint_unique_real],4869.0,float,outputs/save_data/ryc/tht_tripgen_20260212_234749/logs/scalars.csv,ok,scalars,,10,metrics/joint_unique_real,metrics/joint_unique_real
scalar_point,scalars,strategy_tht_scalars,scalars,scalar[metrics/joint_unique_synth],4896.0,float,outputs/save_data/ryc/tht_tripgen_20260212_234749/logs/scalars.csv,ok,scalars,,10,metrics/joint_unique_synth,metrics/joint_unique_synth
scalar_point,scalars,strategy_tht_scalars,scalars,scalar[metrics/joint_mode_dropping_ratio],0.9513247073321011,float,outputs/save_data/ryc/tht_tripgen_20260212_234749/logs/scalars.csv,ok,scalars,,10,metrics/joint_mode_dropping_ratio,metrics/joint_mode_dropping_ratio
scalar_point,scalars,strategy_tht_scalars,scalars,scalar[metrics/joint_invalid_ratio],0.9515931372549019,float,outputs/save_data/ryc/tht_tripgen_20260212_234749/logs/scalars.csv,ok,scalars,,10,metrics/joint_invalid_ratio,metrics/joint_invalid_ratio
scalar_point,scalars,strategy_tht_scalars,scalars,scalar[train/nll_total],11.836015701293945,float,outputs/save_data/ryc/tht_tripgen_20260212_234749/logs/scalars.csv,ok,scalars,,11,train/nll_total,train/nll_total
scalar_point,scalars,strategy_tht_scalars,scalars,scalar[train/nll_h],2.974702835083008,float,outputs/save_data/ryc/tht_tripgen_20260212_234749/logs/scalars.csv,ok,scalars,,11,train/nll_h,train/nll_h
scalar_point,scalars,strategy_tht_scalars,scalars,scalar[train/nll_o],3.7911274433135986,float,outputs/save_data/ryc/tht_tripgen_20260212_234749/logs/scalars.csv,ok,scalars,,11,train/nll_o,train/nll_o
scalar_point,scalars,strategy_tht_scalars,scalars,scalar[train/nll_d],3.858721971511841,float,outputs/save_data/ryc/tht_tripgen_20260212_234749/logs/scalars.csv,ok,scalars,,11,train/nll_d,train/nll_d
scalar_point,scalars,strategy_tht_scalars,scalars,scalar[train/nll_r],-0.0026552854105830193,float,outputs/save_data/ryc/tht_tripgen_20260212_234749/logs/scalars.csv,ok,scalars,,11,train/nll_r,train/nll_r
scalar_point,scalars,strategy_tht_scalars,scalars,scalar[train/nll_passenger],0.7694675922393799,float,outputs/save_data/ryc/tht_tripgen_20260212_234749/logs/scalars.csv,ok,scalars,,11,train/nll_passenger,train/nll_passenger
scalar_point,scalars,strategy_tht_scalars,scalars,scalar[train/nll_total_amount],0.4446530342102051,float,outputs/save_data/ryc/tht_tripgen_20260212_234749/logs/scalars.csv,ok,scalars,,11,train/nll_total_amount,train/nll_total_amount
scalar_point,scalars,strategy_tht_scalars,scalars,scalar[val/nll_total],11.786338806152344,float,outputs/save_data/ryc/tht_tripgen_20260212_234749/logs/scalars.csv,ok,scalars,,11,val/nll_total,val/nll_total
scalar_point,scalars,strategy_tht_scalars,scalars,scalar[val/nll_h],2.978605270385742,float,outputs/save_data/ryc/tht_tripgen_20260212_234749/logs/scalars.csv,ok,scalars,,11,val/nll_h,val/nll_h
scalar_point,scalars,strategy_tht_scalars,scalars,scalar[val/nll_o],3.7819793224334717,float,outputs/save_data/ryc/tht_tripgen_20260212_234749/logs/scalars.csv,ok,scalars,,11,val/nll_o,val/nll_o
scalar_point,scalars,strategy_tht_scalars,scalars,scalar[val/nll_d],3.8502840995788574,float,outputs/save_data/ryc/tht_tripgen_20260212_234749/logs/scalars.csv,ok,scalars,,11,val/nll_d,val/nll_d
scalar_point,scalars,strategy_tht_scalars,scalars,scalar[val/nll_r],-0.0026163908187299967,float,outputs/save_data/ryc/tht_tripgen_20260212_234749/logs/scalars.csv,ok,scalars,,11,val/nll_r,val/nll_r
scalar_point,scalars,strategy_tht_scalars,scalars,scalar[val/nll_passenger],0.7498454451560974,float,outputs/save_data/ryc/tht_tripgen_20260212_234749/logs/scalars.csv,ok,scalars,,11,val/nll_passenger,val/nll_passenger
scalar_point,scalars,strategy_tht_scalars,scalars,scalar[val/nll_total_amount],0.42824259400367737,float,outputs/save_data/ryc/tht_tripgen_20260212_234749/logs/scalars.csv,ok,scalars,,11,val/nll_total_amount,val/nll_total_amount
scalar_point,scalars,strategy_tht_scalars,scalars,scalar[train/grad_norm],1.2695318730420229,float,outputs/save_data/ryc/tht_tripgen_20260212_234749/logs/scalars.csv,ok,scalars,,11,train/grad_norm,train/grad_norm
scalar_point,scalars,strategy_tht_scalars,scalars,scalar[train/param_norm],142.86868943257593,float,outputs/save_data/ryc/tht_tripgen_20260212_234749/logs/scalars.csv,ok,scalars,,11,train/param_norm,train/param_norm
scalar_point,scalars,strategy_tht_scalars,scalars,scalar[flow/layer_logdet_mean_4],0.010763132944703102,float,outputs/save_data/ryc/tht_tripgen_20260212_234749/logs/scalars.csv,ok,scalars,,11,flow/layer_logdet_mean_4,flow/layer_logdet_mean_4
scalar_point,scalars,strategy_tht_scalars,scalars,scalar[flow/layer_logdet_std_4],0.14541089534759521,float,outputs/save_data/ryc/tht_tripgen_20260212_234749/logs/scalars.csv,ok,scalars,,11,flow/layer_logdet_std_4,flow/layer_logdet_std_4
scalar_point,scalars,strategy_tht_scalars,scalars,scalar[flow/layer_logdet_mean_3],-0.004525165539234877,float,outputs/save_data/ryc/tht_tripgen_20260212_234749/logs/scalars.csv,ok,scalars,,11,flow/layer_logdet_mean_3,flow/layer_logdet_mean_3
scalar_point,scalars,strategy_tht_scalars,scalars,scalar[flow/layer_logdet_std_3],0.05725269392132759,float,outputs/save_data/ryc/tht_tripgen_20260212_234749/logs/scalars.csv,ok,scalars,,11,flow/layer_logdet_std_3,flow/layer_logdet_std_3
scalar_point,scalars,strategy_tht_scalars,scalars,scalar[flow/layer_logdet_mean_2],-0.004020101390779018,float,outputs/save_data/ryc/tht_tripgen_20260212_234749/logs/scalars.csv,ok,scalars,,11,flow/layer_logdet_mean_2,flow/layer_logdet_mean_2
scalar_point,scalars,strategy_tht_scalars,scalars,scalar[flow/layer_logdet_std_2],0.06315287202596664,float,outputs/save_data/ryc/tht_tripgen_20260212_234749/logs/scalars.csv,ok,scalars,,11,flow/layer_logdet_std_2,flow/layer_logdet_std_2
scalar_point,scalars,strategy_tht_scalars,scalars,scalar[flow/layer_logdet_mean_1],-0.005474347621202469,float,outputs/save_data/ryc/tht_tripgen_20260212_234749/logs/scalars.csv,ok,scalars,,11,flow/layer_logdet_mean_1,flow/layer_logdet_mean_1
scalar_point,scalars,strategy_tht_scalars,scalars,scalar[flow/layer_logdet_std_1],0.08351704478263855,float,outputs/save_data/ryc/tht_tripgen_20260212_234749/logs/scalars.csv,ok,scalars,,11,flow/layer_logdet_std_1,flow/layer_logdet_std_1
scalar_point,scalars,strategy_tht_scalars,scalars,scalar[flow/layer_logdet_mean_0],0.005201698746532202,float,outputs/save_data/ryc/tht_tripgen_20260212_234749/logs/scalars.csv,ok,scalars,,11,flow/layer_logdet_mean_0,flow/layer_logdet_mean_0
scalar_point,scalars,strategy_tht_scalars,scalars,scalar[flow/layer_logdet_std_0],0.10424597561359406,float,outputs/save_data/ryc/tht_tripgen_20260212_234749/logs/scalars.csv,ok,scalars,,11,flow/layer_logdet_std_0,flow/layer_logdet_std_0
scalar_point,scalars,strategy_tht_scalars,scalars,scalar[train/nll_total],11.825421333312988,float,outputs/save_data/ryc/tht_tripgen_20260212_234749/logs/scalars.csv,ok,scalars,,12,train/nll_total,train/nll_total
scalar_point,scalars,strategy_tht_scalars,scalars,scalar[train/nll_h],2.9747185707092285,float,outputs/save_data/ryc/tht_tripgen_20260212_234749/logs/scalars.csv,ok,scalars,,12,train/nll_h,train/nll_h
scalar_point,scalars,strategy_tht_scalars,scalars,scalar[train/nll_o],3.790853977203369,float,outputs/save_data/ryc/tht_tripgen_20260212_234749/logs/scalars.csv,ok,scalars,,12,train/nll_o,train/nll_o
scalar_point,scalars,strategy_tht_scalars,scalars,scalar[train/nll_d],3.8571813106536865,float,outputs/save_data/ryc/tht_tripgen_20260212_234749/logs/scalars.csv,ok,scalars,,12,train/nll_d,train/nll_d
scalar_point,scalars,strategy_tht_scalars,scalars,scalar[train/nll_r],-0.0028211823664605618,float,outputs/save_data/ryc/tht_tripgen_20260212_234749/logs/scalars.csv,ok,scalars,,12,train/nll_r,train/nll_r
scalar_point,scalars,strategy_tht_scalars,scalars,scalar[train/nll_passenger],0.769202470779419,float,outputs/save_data/ryc/tht_tripgen_20260212_234749/logs/scalars.csv,ok,scalars,,12,train/nll_passenger,train/nll_passenger
scalar_point,scalars,strategy_tht_scalars,scalars,scalar[train/nll_total_amount],0.4362879991531372,float,outputs/save_data/ryc/tht_tripgen_20260212_234749/logs/scalars.csv,ok,scalars,,12,train/nll_total_amount,train/nll_total_amount
scalar_point,scalars,strategy_tht_scalars,scalars,scalar[val/nll_total],11.787630081176758,float,outputs/save_data/ryc/tht_tripgen_20260212_234749/logs/scalars.csv,ok,scalars,,12,val/nll_total,val/nll_total
scalar_point,scalars,strategy_tht_scalars,scalars,scalar[val/nll_h],2.978574514389038,float,outputs/save_data/ryc/tht_tripgen_20260212_234749/logs/scalars.csv,ok,scalars,,12,val/nll_h,val/nll_h
scalar_point,scalars,strategy_tht_scalars,scalars,scalar[val/nll_o],3.7815403938293457,float,outputs/save_data/ryc/tht_tripgen_20260212_234749/logs/scalars.csv,ok,scalars,,12,val/nll_o,val/nll_o
scalar_point,scalars,strategy_tht_scalars,scalars,scalar[val/nll_d],3.849168062210083,float,outputs/save_data/ryc/tht_tripgen_20260212_234749/logs/scalars.csv,ok,scalars,,12,val/nll_d,val/nll_d
scalar_point,scalars,strategy_tht_scalars,scalars,scalar[val/nll_r],-0.0030736771877855062,float,outputs/save_data/ryc/tht_tripgen_20260212_234749/logs/scalars.csv,ok,scalars,,12,val/nll_r,val/nll_r
scalar_point,scalars,strategy_tht_scalars,scalars,scalar[val/nll_passenger],0.7490381598472595,float,outputs/save_data/ryc/tht_tripgen_20260212_234749/logs/scalars.csv,ok,scalars,,12,val/nll_passenger,val/nll_passenger
scalar_point,scalars,strategy_tht_scalars,scalars,scalar[val/nll_total_amount],0.4323817491531372,float,outputs/save_data/ryc/tht_tripgen_20260212_234749/logs/scalars.csv,ok,scalars,,12,val/nll_total_amount,val/nll_total_amount
scalar_point,scalars,strategy_tht_scalars,scalars,scalar[train/grad_norm],1.2323239929830916,float,outputs/save_data/ryc/tht_tripgen_20260212_234749/logs/scalars.csv,ok,scalars,,12,train/grad_norm,train/grad_norm
scalar_point,scalars,strategy_tht_scalars,scalars,scalar[train/param_norm],145.1348093265071,float,outputs/save_data/ryc/tht_tripgen_20260212_234749/logs/scalars.csv,ok,scalars,,12,train/param_norm,train/param_norm
scalar_point,scalars,strategy_tht_scalars,scalars,scalar[flow/layer_logdet_mean_4],0.01157457660883665,float,outputs/save_data/ryc/tht_tripgen_20260212_234749/logs/scalars.csv,ok,scalars,,12,flow/layer_logdet_mean_4,flow/layer_logdet_mean_4
scalar_point,scalars,strategy_tht_scalars,scalars,scalar[flow/layer_logdet_std_4],0.15865546464920044,float,outputs/save_data/ryc/tht_tripgen_20260212_234749/logs/scalars.csv,ok,scalars,,12,flow/layer_logdet_std_4,flow/layer_logdet_std_4
scalar_point,scalars,strategy_tht_scalars,scalars,scalar[flow/layer_logdet_mean_3],-0.0041265650652348995,float,outputs/save_data/ryc/tht_tripgen_20260212_234749/logs/scalars.csv,ok,scalars,,12,flow/layer_logdet_mean_3,flow/layer_logdet_mean_3
scalar_point,scalars,strategy_tht_scalars,scalars,scalar[flow/layer_logdet_std_3],0.056559063494205475,float,outputs/save_data/ryc/tht_tripgen_20260212_234749/logs/scalars.csv,ok,scalars,,12,flow/layer_logdet_std_3,flow/layer_logdet_std_3
scalar_point,scalars,strategy_tht_scalars,scalars,scalar[flow/layer_logdet_mean_2],-0.002322578337043524,float,outputs/save_data/ryc/tht_tripgen_20260212_234749/logs/scalars.csv,ok,scalars,,12,flow/layer_logdet_mean_2,flow/layer_logdet_mean_2
scalar_point,scalars,strategy_tht_scalars,scalars,scalar[flow/layer_logdet_std_2],0.0651402547955513,float,outputs/save_data/ryc/tht_tripgen_20260212_234749/logs/scalars.csv,ok,scalars,,12,flow/layer_logdet_std_2,flow/layer_logdet_std_2
scalar_point,scalars,strategy_tht_scalars,scalars,scalar[flow/layer_logdet_mean_1],-0.007166963070631027,float,outputs/save_data/ryc/tht_tripgen_20260212_234749/logs/scalars.csv,ok,scalars,,12,flow/layer_logdet_mean_1,flow/layer_logdet_mean_1
scalar_point,scalars,strategy_tht_scalars,scalars,scalar[flow/layer_logdet_std_1],0.0942741259932518,float,outputs/save_data/ryc/tht_tripgen_20260212_234749/logs/scalars.csv,ok,scalars,,12,flow/layer_logdet_std_1,flow/layer_logdet_std_1
scalar_point,scalars,strategy_tht_scalars,scalars,scalar[flow/layer_logdet_mean_0],-0.00015245471149683,float,outputs/save_data/ryc/tht_tripgen_20260212_234749/logs/scalars.csv,ok,scalars,,12,flow/layer_logdet_mean_0,flow/layer_logdet_mean_0
scalar_point,scalars,strategy_tht_scalars,scalars,scalar[flow/layer_logdet_std_0],0.10548136383295059,float,outputs/save_data/ryc/tht_tripgen_20260212_234749/logs/scalars.csv,ok,scalars,,12,flow/layer_logdet_std_0,flow/layer_logdet_std_0
scalar_point,scalars,strategy_tht_scalars,scalars,scalar[train/nll_total],11.816064834594727,float,outputs/save_data/ryc/tht_tripgen_20260212_234749/logs/scalars.csv,ok,scalars,,13,train/nll_total,train/nll_total
scalar_point,scalars,strategy_tht_scalars,scalars,scalar[train/nll_h],2.97471022605896,float,outputs/save_data/ryc/tht_tripgen_20260212_234749/logs/scalars.csv,ok,scalars,,13,train/nll_h,train/nll_h
scalar_point,scalars,strategy_tht_scalars,scalars,scalar[train/nll_o],3.7907328605651855,float,outputs/save_data/ryc/tht_tripgen_20260212_234749/logs/scalars.csv,ok,scalars,,13,train/nll_o,train/nll_o
scalar_point,scalars,strategy_tht_scalars,scalars,scalar[train/nll_d],3.8555357456207275,float,outputs/save_data/ryc/tht_tripgen_20260212_234749/logs/scalars.csv,ok,scalars,,13,train/nll_d,train/nll_d
scalar_point,scalars,strategy_tht_scalars,scalars,scalar[train/nll_r],-0.002935322467237711,float,outputs/save_data/ryc/tht_tripgen_20260212_234749/logs/scalars.csv,ok,scalars,,13,train/nll_r,train/nll_r
scalar_point,scalars,strategy_tht_scalars,scalars,scalar[train/nll_passenger],0.768956184387207,float,outputs/save_data/ryc/tht_tripgen_20260212_234749/logs/scalars.csv,ok,scalars,,13,train/nll_passenger,train/nll_passenger
scalar_point,scalars,strategy_tht_scalars,scalars,scalar[train/nll_total_amount],0.4290713369846344,float,outputs/save_data/ryc/tht_tripgen_20260212_234749/logs/scalars.csv,ok,scalars,,13,train/nll_total_amount,train/nll_total_amount
scalar_point,scalars,strategy_tht_scalars,scalars,scalar[val/nll_total],11.780463218688965,float,outputs/save_data/ryc/tht_tripgen_20260212_234749/logs/scalars.csv,ok,scalars,,13,val/nll_total,val/nll_total
scalar_point,scalars,strategy_tht_scalars,scalars,scalar[val/nll_h],2.9785938262939453,float,outputs/save_data/ryc/tht_tripgen_20260212_234749/logs/scalars.csv,ok,scalars,,13,val/nll_h,val/nll_h
scalar_point,scalars,strategy_tht_scalars,scalars,scalar[val/nll_o],3.7815322875976562,float,outputs/save_data/ryc/tht_tripgen_20260212_234749/logs/scalars.csv,ok,scalars,,13,val/nll_o,val/nll_o
scalar_point,scalars,strategy_tht_scalars,scalars,scalar[val/nll_d],3.84826922416687,float,outputs/save_data/ryc/tht_tripgen_20260212_234749/logs/scalars.csv,ok,scalars,,13,val/nll_d,val/nll_d
scalar_point,scalars,strategy_tht_scalars,scalars,scalar[val/nll_r],-0.0032065289560705423,float,outputs/save_data/ryc/tht_tripgen_20260212_234749/logs/scalars.csv,ok,scalars,,13,val/nll_r,val/nll_r
scalar_point,scalars,strategy_tht_scalars,scalars,scalar[val/nll_passenger],0.7489959001541138,float,outputs/save_data/ryc/tht_tripgen_20260212_234749/logs/scalars.csv,ok,scalars,,13,val/nll_passenger,val/nll_passenger
scalar_point,scalars,strategy_tht_scalars,scalars,scalar[val/nll_total_amount],0.4262787401676178,float,outputs/save_data/ryc/tht_tripgen_20260212_234749/logs/scalars.csv,ok,scalars,,13,val/nll_total_amount,val/nll_total_amount
scalar_point,scalars,strategy_tht_scalars,scalars,scalar[train/grad_norm],1.966065619265303,float,outputs/save_data/ryc/tht_tripgen_20260212_234749/logs/scalars.csv,ok,scalars,,13,train/grad_norm,train/grad_norm
scalar_point,scalars,strategy_tht_scalars,scalars,scalar[train/param_norm],147.29047849411606,float,outputs/save_data/ryc/tht_tripgen_20260212_234749/logs/scalars.csv,ok,scalars,,13,train/param_norm,train/param_norm
scalar_point,scalars,strategy_tht_scalars,scalars,scalar[flow/layer_logdet_mean_4],0.012214602902531624,float,outputs/save_data/ryc/tht_tripgen_20260212_234749/logs/scalars.csv,ok,scalars,,13,flow/layer_logdet_mean_4,flow/layer_logdet_mean_4
scalar_point,scalars,strategy_tht_scalars,scalars,scalar[flow/layer_logdet_std_4],0.15757222473621368,float,outputs/save_data/ryc/tht_tripgen_20260212_234749/logs/scalars.csv,ok,scalars,,13,flow/layer_logdet_std_4,flow/layer_logdet_std_4
scalar_point,scalars,strategy_tht_scalars,scalars,scalar[flow/layer_logdet_mean_3],-0.0052698468789458275,float,outputs/save_data/ryc/tht_tripgen_20260212_234749/logs/scalars.csv,ok,scalars,,13,flow/layer_logdet_mean_3,flow/layer_logdet_mean_3
scalar_point,scalars,strategy_tht_scalars,scalars,scalar[flow/layer_logdet_std_3],0.06025896593928337,float,outputs/save_data/ryc/tht_tripgen_20260212_234749/logs/scalars.csv,ok,scalars,,13,flow/layer_logdet_std_3,flow/layer_logdet_std_3
scalar_point,scalars,strategy_tht_scalars,scalars,scalar[flow/layer_logdet_mean_2],-0.0011123786680400372,float,outputs/save_data/ryc/tht_tripgen_20260212_234749/logs/scalars.csv,ok,scalars,,13,flow/layer_logdet_mean_2,flow/layer_logdet_mean_2
scalar_point,scalars,strategy_tht_scalars,scalars,scalar[flow/layer_logdet_std_2],0.06481023877859116,float,outputs/save_data/ryc/tht_tripgen_20260212_234749/logs/scalars.csv,ok,scalars,,13,flow/layer_logdet_std_2,flow/layer_logdet_std_2
scalar_point,scalars,strategy_tht_scalars,scalars,scalar[flow/layer_logdet_mean_1],-0.006549335550516844,float,outputs/save_data/ryc/tht_tripgen_20260212_234749/logs/scalars.csv,ok,scalars,,13,flow/layer_logdet_mean_1,flow/layer_logdet_mean_1
scalar_point,scalars,strategy_tht_scalars,scalars,scalar[flow/layer_logdet_std_1],0.09402308613061905,float,outputs/save_data/ryc/tht_tripgen_20260212_234749/logs/scalars.csv,ok,scalars,,13,flow/layer_logdet_std_1,flow/layer_logdet_std_1
scalar_point,scalars,strategy_tht_scalars,scalars,scalar[flow/layer_logdet_mean_0],0.002250014804303646,float,outputs/save_data/ryc/tht_tripgen_20260212_234749/logs/scalars.csv,ok,scalars,,13,flow/layer_logdet_mean_0,flow/layer_logdet_mean_0
scalar_point,scalars,strategy_tht_scalars,scalars,scalar[flow/layer_logdet_std_0],0.10753302276134491,float,outputs/save_data/ryc/tht_tripgen_20260212_234749/logs/scalars.csv,ok,scalars,,13,flow/layer_logdet_std_0,flow/layer_logdet_std_0
scalar_point,scalars,strategy_tht_scalars,scalars,scalar[train/nll_total],11.808076858520508,float,outputs/save_data/ryc/tht_tripgen_20260212_234749/logs/scalars.csv,ok,scalars,,14,train/nll_total,train/nll_total
scalar_point,scalars,strategy_tht_scalars,scalars,scalar[train/nll_h],2.9747023582458496,float,outputs/save_data/ryc/tht_tripgen_20260212_234749/logs/scalars.csv,ok,scalars,,14,train/nll_h,train/nll_h
scalar_point,scalars,strategy_tht_scalars,scalars,scalar[train/nll_o],3.7905173301696777,float,outputs/save_data/ryc/tht_tripgen_20260212_234749/logs/scalars.csv,ok,scalars,,14,train/nll_o,train/nll_o
scalar_point,scalars,strategy_tht_scalars,scalars,scalar[train/nll_d],3.8538975715637207,float,outputs/save_data/ryc/tht_tripgen_20260212_234749/logs/scalars.csv,ok,scalars,,14,train/nll_d,train/nll_d
scalar_point,scalars,strategy_tht_scalars,scalars,scalar[train/nll_r],-0.0030184099450707436,float,outputs/save_data/ryc/tht_tripgen_20260212_234749/logs/scalars.csv,ok,scalars,,14,train/nll_r,train/nll_r
scalar_point,scalars,strategy_tht_scalars,scalars,scalar[train/nll_passenger],0.7687440514564514,float,outputs/save_data/ryc/tht_tripgen_20260212_234749/logs/scalars.csv,ok,scalars,,14,train/nll_passenger,train/nll_passenger
scalar_point,scalars,strategy_tht_scalars,scalars,scalar[train/nll_total_amount],0.4232332706451416,float,outputs/save_data/ryc/tht_tripgen_20260212_234749/logs/scalars.csv,ok,scalars,,14,train/nll_total_amount,train/nll_total_amount
scalar_point,scalars,strategy_tht_scalars,scalars,scalar[val/nll_total],11.7706298828125,float,outputs/save_data/ryc/tht_tripgen_20260212_234749/logs/scalars.csv,ok,scalars,,14,val/nll_total,val/nll_total
scalar_point,scalars,strategy_tht_scalars,scalars,scalar[val/nll_h],2.9785187244415283,float,outputs/save_data/ryc/tht_tripgen_20260212_234749/logs/scalars.csv,ok,scalars,,14,val/nll_h,val/nll_h
scalar_point,scalars,strategy_tht_scalars,scalars,scalar[val/nll_o],3.7821290493011475,float,outputs/save_data/ryc/tht_tripgen_20260212_234749/logs/scalars.csv,ok,scalars,,14,val/nll_o,val/nll_o
scalar_point,scalars,strategy_tht_scalars,scalars,scalar[val/nll_d],3.8469014167785645,float,outputs/save_data/ryc/tht_tripgen_20260212_234749/logs/scalars.csv,ok,scalars,,14,val/nll_d,val/nll_d
scalar_point,scalars,strategy_tht_scalars,scalars,scalar[val/nll_r],-0.002879402367398143,float,outputs/save_data/ryc/tht_tripgen_20260212_234749/logs/scalars.csv,ok,scalars,,14,val/nll_r,val/nll_r
scalar_point,scalars,strategy_tht_scalars,scalars,scalar[val/nll_passenger],0.7487568855285645,float,outputs/save_data/ryc/tht_tripgen_20260212_234749/logs/scalars.csv,ok,scalars,,14,val/nll_passenger,val/nll_passenger
scalar_point,scalars,strategy_tht_scalars,scalars,scalar[val/nll_total_amount],0.4172012507915497,float,outputs/save_data/ryc/tht_tripgen_20260212_234749/logs/scalars.csv,ok,scalars,,14,val/nll_total_amount,val/nll_total_amount
scalar_point,scalars,strategy_tht_scalars,scalars,scalar[train/grad_norm],1.200236921031933,float,outputs/save_data/ryc/tht_tripgen_20260212_234749/logs/scalars.csv,ok,scalars,,14,train/grad_norm,train/grad_norm
scalar_point,scalars,strategy_tht_scalars,scalars,scalar[train/param_norm],149.32881783247115,float,outputs/save_data/ryc/tht_tripgen_20260212_234749/logs/scalars.csv,ok,scalars,,14,train/param_norm,train/param_norm
scalar_point,scalars,strategy_tht_scalars,scalars,scalar[flow/layer_logdet_mean_4],0.012019788846373558,float,outputs/save_data/ryc/tht_tripgen_20260212_234749/logs/scalars.csv,ok,scalars,,14,flow/layer_logdet_mean_4,flow/layer_logdet_mean_4
scalar_point,scalars,strategy_tht_scalars,scalars,scalar[flow/layer_logdet_std_4],0.15410548448562622,float,outputs/save_data/ryc/tht_tripgen_20260212_234749/logs/scalars.csv,ok,scalars,,14,flow/layer_logdet_std_4,flow/layer_logdet_std_4
scalar_point,scalars,strategy_tht_scalars,scalars,scalar[flow/layer_logdet_mean_3],-0.00441282382234931,float,outputs/save_data/ryc/tht_tripgen_20260212_234749/logs/scalars.csv,ok,scalars,,14,flow/layer_logdet_mean_3,flow/layer_logdet_mean_3
scalar_point,scalars,strategy_tht_scalars,scalars,scalar[flow/layer_logdet_std_3],0.055656202137470245,float,outputs/save_data/ryc/tht_tripgen_20260212_234749/logs/scalars.csv,ok,scalars,,14,flow/layer_logdet_std_3,flow/layer_logdet_std_3
scalar_point,scalars,strategy_tht_scalars,scalars,scalar[flow/layer_logdet_mean_2],-0.001093883067369461,float,outputs/save_data/ryc/tht_tripgen_20260212_234749/logs/scalars.csv,ok,scalars,,14,flow/layer_logdet_mean_2,flow/layer_logdet_mean_2
scalar_point,scalars,strategy_tht_scalars,scalars,scalar[flow/layer_logdet_std_2],0.0588153600692749,float,outputs/save_data/ryc/tht_tripgen_20260212_234749/logs/scalars.csv,ok,scalars,,14,flow/layer_logdet_std_2,flow/layer_logdet_std_2
scalar_point,scalars,strategy_tht_scalars,scalars,scalar[flow/layer_logdet_mean_1],-0.003391775069758296,float,outputs/save_data/ryc/tht_tripgen_20260212_234749/logs/scalars.csv,ok,scalars,,14,flow/layer_logdet_mean_1,flow/layer_logdet_mean_1
scalar_point,scalars,strategy_tht_scalars,scalars,scalar[flow/layer_logdet_std_1],0.09050222486257553,float,outputs/save_data/ryc/tht_tripgen_20260212_234749/logs/scalars.csv,ok,scalars,,14,flow/layer_logdet_std_1,flow/layer_logdet_std_1
scalar_point,scalars,strategy_tht_scalars,scalars,scalar[flow/layer_logdet_mean_0],0.001998594729229808,float,outputs/save_data/ryc/tht_tripgen_20260212_234749/logs/scalars.csv,ok,scalars,,14,flow/layer_logdet_mean_0,flow/layer_logdet_mean_0
scalar_point,scalars,strategy_tht_scalars,scalars,scalar[flow/layer_logdet_std_0],0.12034697085618973,float,outputs/save_data/ryc/tht_tripgen_20260212_234749/logs/scalars.csv,ok,scalars,,14,flow/layer_logdet_std_0,flow/layer_logdet_std_0
scalar_point,scalars,strategy_tht_scalars,scalars,scalar[train/nll_total],11.801678657531738,float,outputs/save_data/ryc/tht_tripgen_20260212_234749/logs/scalars.csv,ok,scalars,,15,train/nll_total,train/nll_total
scalar_point,scalars,strategy_tht_scalars,scalars,scalar[train/nll_h],2.9747023582458496,float,outputs/save_data/ryc/tht_tripgen_20260212_234749/logs/scalars.csv,ok,scalars,,15,train/nll_h,train/nll_h
scalar_point,scalars,strategy_tht_scalars,scalars,scalar[train/nll_o],3.790426015853882,float,outputs/save_data/ryc/tht_tripgen_20260212_234749/logs/scalars.csv,ok,scalars,,15,train/nll_o,train/nll_o
scalar_point,scalars,strategy_tht_scalars,scalars,scalar[train/nll_d],3.8527679443359375,float,outputs/save_data/ryc/tht_tripgen_20260212_234749/logs/scalars.csv,ok,scalars,,15,train/nll_d,train/nll_d
scalar_point,scalars,strategy_tht_scalars,scalars,scalar[train/nll_r],-0.0030957551207393408,float,outputs/save_data/ryc/tht_tripgen_20260212_234749/logs/scalars.csv,ok,scalars,,15,train/nll_r,train/nll_r
scalar_point,scalars,strategy_tht_scalars,scalars,scalar[train/nll_passenger],0.7685014009475708,float,outputs/save_data/ryc/tht_tripgen_20260212_234749/logs/scalars.csv,ok,scalars,,15,train/nll_passenger,train/nll_passenger
scalar_point,scalars,strategy_tht_scalars,scalars,scalar[train/nll_total_amount],0.4183675944805145,float,outputs/save_data/ryc/tht_tripgen_20260212_234749/logs/scalars.csv,ok,scalars,,15,train/nll_total_amount,train/nll_total_amount
scalar_point,scalars,strategy_tht_scalars,scalars,scalar[val/nll_total],11.769929885864258,float,outputs/save_data/ryc/tht_tripgen_20260212_234749/logs/scalars.csv,ok,scalars,,15,val/nll_total,val/nll_total
scalar_point,scalars,strategy_tht_scalars,scalars,scalar[val/nll_h],2.9785540103912354,float,outputs/save_data/ryc/tht_tripgen_20260212_234749/logs/scalars.csv,ok,scalars,,15,val/nll_h,val/nll_h
scalar_point,scalars,strategy_tht_scalars,scalars,scalar[val/nll_o],3.7815582752227783,float,outputs/save_data/ryc/tht_tripgen_20260212_234749/logs/scalars.csv,ok,scalars,,15,val/nll_o,val/nll_o
scalar_point,scalars,strategy_tht_scalars,scalars,scalar[val/nll_d],3.845776319503784,float,outputs/save_data/ryc/tht_tripgen_20260212_234749/logs/scalars.csv,ok,scalars,,15,val/nll_d,val/nll_d
scalar_point,scalars,strategy_tht_scalars,scalars,scalar[val/nll_r],-0.0027966750785708427,float,outputs/save_data/ryc/tht_tripgen_20260212_234749/logs/scalars.csv,ok,scalars,,15,val/nll_r,val/nll_r
scalar_point,scalars,strategy_tht_scalars,scalars,scalar[val/nll_passenger],0.7487241625785828,float,outputs/save_data/ryc/tht_tripgen_20260212_234749/logs/scalars.csv,ok,scalars,,15,val/nll_passenger,val/nll_passenger
scalar_point,scalars,strategy_tht_scalars,scalars,scalar[val/nll_total_amount],0.41811349987983704,float,outputs/save_data/ryc/tht_tripgen_20260212_234749/logs/scalars.csv,ok,scalars,,15,val/nll_total_amount,val/nll_total_amount
scalar_point,scalars,strategy_tht_scalars,scalars,scalar[train/grad_norm],1.232655302918517,float,outputs/save_data/ryc/tht_tripgen_20260212_234749/logs/scalars.csv,ok,scalars,,15,train/grad_norm,train/grad_norm
scalar_point,scalars,strategy_tht_scalars,scalars,scalar[train/param_norm],151.29444270229035,float,outputs/save_data/ryc/tht_tripgen_20260212_234749/logs/scalars.csv,ok,scalars,,15,train/param_norm,train/param_norm
scalar_point,scalars,strategy_tht_scalars,scalars,scalar[flow/layer_logdet_mean_4],0.010742049664258957,float,outputs/save_data/ryc/tht_tripgen_20260212_234749/logs/scalars.csv,ok,scalars,,15,flow/layer_logdet_mean_4,flow/layer_logdet_mean_4
scalar_point,scalars,strategy_tht_scalars,scalars,scalar[flow/layer_logdet_std_4],0.14656096696853638,float,outputs/save_data/ryc/tht_tripgen_20260212_234749/logs/scalars.csv,ok,scalars,,15,flow/layer_logdet_std_4,flow/layer_logdet_std_4
scalar_point,scalars,strategy_tht_scalars,scalars,scalar[flow/layer_logdet_mean_3],-0.006252274848520756,float,outputs/save_data/ryc/tht_tripgen_20260212_234749/logs/scalars.csv,ok,scalars,,15,flow/layer_logdet_mean_3,flow/layer_logdet_mean_3
scalar_point,scalars,strategy_tht_scalars,scalars,scalar[flow/layer_logdet_std_3],0.0599171444773674,float,outputs/save_data/ryc/tht_tripgen_20260212_234749/logs/scalars.csv,ok,scalars,,15,flow/layer_logdet_std_3,flow/layer_logdet_std_3
scalar_point,scalars,strategy_tht_scalars,scalars,scalar[flow/layer_logdet_mean_2],-0.0017355997115373611,float,outputs/save_data/ryc/tht_tripgen_20260212_234749/logs/scalars.csv,ok,scalars,,15,flow/layer_logdet_mean_2,flow/layer_logdet_mean_2
scalar_point,scalars,strategy_tht_scalars,scalars,scalar[flow/layer_logdet_std_2],0.06042291969060898,float,outputs/save_data/ryc/tht_tripgen_20260212_234749/logs/scalars.csv,ok,scalars,,15,flow/layer_logdet_std_2,flow/layer_logdet_std_2
scalar_point,scalars,strategy_tht_scalars,scalars,scalar[flow/layer_logdet_mean_1],-0.005575654096901417,float,outputs/save_data/ryc/tht_tripgen_20260212_234749/logs/scalars.csv,ok,scalars,,15,flow/layer_logdet_mean_1,flow/layer_logdet_mean_1
scalar_point,scalars,strategy_tht_scalars,scalars,scalar[flow/layer_logdet_std_1],0.08961375802755356,float,outputs/save_data/ryc/tht_tripgen_20260212_234749/logs/scalars.csv,ok,scalars,,15,flow/layer_logdet_std_1,flow/layer_logdet_std_1
scalar_point,scalars,strategy_tht_scalars,scalars,scalar[flow/layer_logdet_mean_0],0.004707803949713707,float,outputs/save_data/ryc/tht_tripgen_20260212_234749/logs/scalars.csv,ok,scalars,,15,flow/layer_logdet_mean_0,flow/layer_logdet_mean_0
scalar_point,scalars,strategy_tht_scalars,scalars,scalar[flow/layer_logdet_std_0],0.11730456352233887,float,outputs/save_data/ryc/tht_tripgen_20260212_234749/logs/scalars.csv,ok,scalars,,15,flow/layer_logdet_std_0,flow/layer_logdet_std_0
scalar_point,scalars,strategy_tht_scalars,scalars,scalar[metrics/n_real],5000.0,float,outputs/save_data/ryc/tht_tripgen_20260212_234749/logs/scalars.csv,ok,scalars,,15,metrics/n_real,metrics/n_real
scalar_point,scalars,strategy_tht_scalars,scalars,scalar[metrics/n_synth],5000.0,float,outputs/save_data/ryc/tht_tripgen_20260212_234749/logs/scalars.csv,ok,scalars,,15,metrics/n_synth,metrics/n_synth
scalar_point,scalars,strategy_tht_scalars,scalars,scalar[metrics/hour_of_day_jsd],0.0014041098000866438,float,outputs/save_data/ryc/tht_tripgen_20260212_234749/logs/scalars.csv,ok,scalars,,15,metrics/hour_of_day_jsd,metrics/hour_of_day_jsd
scalar_point,scalars,strategy_tht_scalars,scalars,scalar[metrics/hour_of_day_chi2],0.011664077809743694,float,outputs/save_data/ryc/tht_tripgen_20260212_234749/logs/scalars.csv,ok,scalars,,15,metrics/hour_of_day_chi2,metrics/hour_of_day_chi2
scalar_point,scalars,strategy_tht_scalars,scalars,scalar[metrics/day_of_week_jsd],0.0,float,outputs/save_data/ryc/tht_tripgen_20260212_234749/logs/scalars.csv,ok,scalars,,15,metrics/day_of_week_jsd,metrics/day_of_week_jsd
scalar_point,scalars,strategy_tht_scalars,scalars,scalar[metrics/day_of_week_chi2],0.0,float,outputs/save_data/ryc/tht_tripgen_20260212_234749/logs/scalars.csv,ok,scalars,,15,metrics/day_of_week_chi2,metrics/day_of_week_chi2
scalar_point,scalars,strategy_tht_scalars,scalars,scalar[metrics/pickup_id_jsd],0.009189102202802639,float,outputs/save_data/ryc/tht_tripgen_20260212_234749/logs/scalars.csv,ok,scalars,,15,metrics/pickup_id_jsd,metrics/pickup_id_jsd
scalar_point,scalars,strategy_tht_scalars,scalars,scalar[metrics/pickup_id_chi2],2160000.0417488273,float,outputs/save_data/ryc/tht_tripgen_20260212_234749/logs/scalars.csv,ok,scalars,,15,metrics/pickup_id_chi2,metrics/pickup_id_chi2
scalar_point,scalars,strategy_tht_scalars,scalars,scalar[metrics/dropoff_id_jsd],0.010743274252667186,float,outputs/save_data/ryc/tht_tripgen_20260212_234749/logs/scalars.csv,ok,scalars,,15,metrics/dropoff_id_jsd,metrics/dropoff_id_jsd
scalar_point,scalars,strategy_tht_scalars,scalars,scalar[metrics/dropoff_id_chi2],3160000.0510461135,float,outputs/save_data/ryc/tht_tripgen_20260212_234749/logs/scalars.csv,ok,scalars,,15,metrics/dropoff_id_chi2,metrics/dropoff_id_chi2
scalar_point,scalars,strategy_tht_scalars,scalars,scalar[metrics/od_jsd],0.18353163053233693,float,outputs/save_data/ryc/tht_tripgen_20260212_234749/logs/scalars.csv,ok,scalars,,15,metrics/od_jsd,metrics/od_jsd
scalar_point,scalars,strategy_tht_scalars,scalars,scalar[metrics/od_chi2],69480000.64813423,float,outputs/save_data/ryc/tht_tripgen_20260212_234749/logs/scalars.csv,ok,scalars,,15,metrics/od_chi2,metrics/od_chi2
scalar_point,scalars,strategy_tht_scalars,scalars,scalar[metrics/od_coverage_real],0.6179659266907589,float,outputs/save_data/ryc/tht_tripgen_20260212_234749/logs/scalars.csv,ok,scalars,,15,metrics/od_coverage_real,metrics/od_coverage_real
scalar_point,scalars,strategy_tht_scalars,scalars,scalar[metrics/od_coverage_synth],0.6018099547511312,float,outputs/save_data/ryc/tht_tripgen_20260212_234749/logs/scalars.csv,ok,scalars,,15,metrics/od_coverage_synth,metrics/od_coverage_synth
scalar_point,scalars,strategy_tht_scalars,scalars,scalar[metrics/od_unique_real],1937.0,float,outputs/save_data/ryc/tht_tripgen_20260212_234749/logs/scalars.csv,ok,scalars,,15,metrics/od_unique_real,metrics/od_unique_real
scalar_point,scalars,strategy_tht_scalars,scalars,scalar[metrics/od_unique_synth],1989.0,float,outputs/save_data/ryc/tht_tripgen_20260212_234749/logs/scalars.csv,ok,scalars,,15,metrics/od_unique_synth,metrics/od_unique_synth
scalar_point,scalars,strategy_tht_scalars,scalars,scalar[metrics/time_jsd],0.007115634926301343,float,outputs/save_data/ryc/tht_tripgen_20260212_234749/logs/scalars.csv,ok,scalars,,15,metrics/time_jsd,metrics/time_jsd
scalar_point,scalars,strategy_tht_scalars,scalars,scalar[metrics/time_chi2],760000.0558285909,float,outputs/save_data/ryc/tht_tripgen_20260212_234749/logs/scalars.csv,ok,scalars,,15,metrics/time_chi2,metrics/time_chi2
scalar_point,scalars,strategy_tht_scalars,scalars,scalar[metrics/time_coverage_real],0.9788732394366197,float,outputs/save_data/ryc/tht_tripgen_20260212_234749/logs/scalars.csv,ok,scalars,,15,metrics/time_coverage_real,metrics/time_coverage_real
scalar_point,scalars,strategy_tht_scalars,scalars,scalar[metrics/time_coverage_synth],0.9928571428571429,float,outputs/save_data/ryc/tht_tripgen_20260212_234749/logs/scalars.csv,ok,scalars,,15,metrics/time_coverage_synth,metrics/time_coverage_synth
scalar_point,scalars,strategy_tht_scalars,scalars,scalar[metrics/time_unique_real],142.0,float,outputs/save_data/ryc/tht_tripgen_20260212_234749/logs/scalars.csv,ok,scalars,,15,metrics/time_unique_real,metrics/time_unique_real
scalar_point,scalars,strategy_tht_scalars,scalars,scalar[metrics/time_unique_synth],140.0,float,outputs/save_data/ryc/tht_tripgen_20260212_234749/logs/scalars.csv,ok,scalars,,15,metrics/time_unique_synth,metrics/time_unique_synth
scalar_point,scalars,strategy_tht_scalars,scalars,scalar[metrics/joint_jsd],0.6597110061919113,float,outputs/save_data/ryc/tht_tripgen_20260212_234749/logs/scalars.csv,ok,scalars,,15,metrics/joint_jsd,metrics/joint_jsd
scalar_point,scalars,strategy_tht_scalars,scalars,scalar[metrics/joint_chi2],200040000.9559,float,outputs/save_data/ryc/tht_tripgen_20260212_234749/logs/scalars.csv,ok,scalars,,15,metrics/joint_chi2,metrics/joint_chi2
scalar_point,scalars,strategy_tht_scalars,scalars,scalar[metrics/joint_coverage_real],0.04703224481413021,float,outputs/save_data/ryc/tht_tripgen_20260212_234749/logs/scalars.csv,ok,scalars,,15,metrics/joint_coverage_real,metrics/joint_coverage_real
scalar_point,scalars,strategy_tht_scalars,scalars,scalar[metrics/joint_coverage_synth],0.04707091469681398,float,outputs/save_data/ryc/tht_tripgen_20260212_234749/logs/scalars.csv,ok,scalars,,15,metrics/joint_coverage_synth,metrics/joint_coverage_synth
scalar_point,scalars,strategy_tht_scalars,scalars,scalar[metrics/joint_unique_real],4869.0,float,outputs/save_data/ryc/tht_tripgen_20260212_234749/logs/scalars.csv,ok,scalars,,15,metrics/joint_unique_real,metrics/joint_unique_real
scalar_point,scalars,strategy_tht_scalars,scalars,scalar[metrics/joint_unique_synth],4865.0,float,outputs/save_data/ryc/tht_tripgen_20260212_234749/logs/scalars.csv,ok,scalars,,15,metrics/joint_unique_synth,metrics/joint_unique_synth
scalar_point,scalars,strategy_tht_scalars,scalars,scalar[metrics/joint_mode_dropping_ratio],0.9529677551858697,float,outputs/save_data/ryc/tht_tripgen_20260212_234749/logs/scalars.csv,ok,scalars,,15,metrics/joint_mode_dropping_ratio,metrics/joint_mode_dropping_ratio
scalar_point,scalars,strategy_tht_scalars,scalars,scalar[metrics/joint_invalid_ratio],0.952929085303186,float,outputs/save_data/ryc/tht_tripgen_20260212_234749/logs/scalars.csv,ok,scalars,,15,metrics/joint_invalid_ratio,metrics/joint_invalid_ratio
scalar_point,scalars,strategy_tht_scalars,scalars,scalar[train/nll_total],11.795103073120117,float,outputs/save_data/ryc/tht_tripgen_20260212_234749/logs/scalars.csv,ok,scalars,,16,train/nll_total,train/nll_total
scalar_point,scalars,strategy_tht_scalars,scalars,scalar[train/nll_h],2.9747118949890137,float,outputs/save_data/ryc/tht_tripgen_20260212_234749/logs/scalars.csv,ok,scalars,,16,train/nll_h,train/nll_h
scalar_point,scalars,strategy_tht_scalars,scalars,scalar[train/nll_o],3.790348529815674,float,outputs/save_data/ryc/tht_tripgen_20260212_234749/logs/scalars.csv,ok,scalars,,16,train/nll_o,train/nll_o
scalar_point,scalars,strategy_tht_scalars,scalars,scalar[train/nll_d],3.851541757583618,float,outputs/save_data/ryc/tht_tripgen_20260212_234749/logs/scalars.csv,ok,scalars,,16,train/nll_d,train/nll_d
scalar_point,scalars,strategy_tht_scalars,scalars,scalar[train/nll_r],-0.003125174902379513,float,outputs/save_data/ryc/tht_tripgen_20260212_234749/logs/scalars.csv,ok,scalars,,16,train/nll_r,train/nll_r
scalar_point,scalars,strategy_tht_scalars,scalars,scalar[train/nll_passenger],0.7682726979255676,float,outputs/save_data/ryc/tht_tripgen_20260212_234749/logs/scalars.csv,ok,scalars,,16,train/nll_passenger,train/nll_passenger
scalar_point,scalars,strategy_tht_scalars,scalars,scalar[train/nll_total_amount],0.4133540987968445,float,outputs/save_data/ryc/tht_tripgen_20260212_234749/logs/scalars.csv,ok,scalars,,16,train/nll_total_amount,train/nll_total_amount
scalar_point,scalars,strategy_tht_scalars,scalars,scalar[val/nll_total],11.76662826538086,float,outputs/save_data/ryc/tht_tripgen_20260212_234749/logs/scalars.csv,ok,scalars,,16,val/nll_total,val/nll_total
scalar_point,scalars,strategy_tht_scalars,scalars,scalar[val/nll_h],2.978567361831665,float,outputs/save_data/ryc/tht_tripgen_20260212_234749/logs/scalars.csv,ok,scalars,,16,val/nll_h,val/nll_h
scalar_point,scalars,strategy_tht_scalars,scalars,scalar[val/nll_o],3.7820374965667725,float,outputs/save_data/ryc/tht_tripgen_20260212_234749/logs/scalars.csv,ok,scalars,,16,val/nll_o,val/nll_o
scalar_point,scalars,strategy_tht_scalars,scalars,scalar[val/nll_d],3.8451945781707764,float,outputs/save_data/ryc/tht_tripgen_20260212_234749/logs/scalars.csv,ok,scalars,,16,val/nll_d,val/nll_d
scalar_point,scalars,strategy_tht_scalars,scalars,scalar[val/nll_r],-0.0027415677905082703,float,outputs/save_data/ryc/tht_tripgen_20260212_234749/logs/scalars.csv,ok,scalars,,16,val/nll_r,val/nll_r
scalar_point,scalars,strategy_tht_scalars,scalars,scalar[val/nll_passenger],0.7484999895095825,float,outputs/save_data/ryc/tht_tripgen_20260212_234749/logs/scalars.csv,ok,scalars,,16,val/nll_passenger,val/nll_passenger
scalar_point,scalars,strategy_tht_scalars,scalars,scalar[val/nll_total_amount],0.4150714576244354,float,outputs/save_data/ryc/tht_tripgen_20260212_234749/logs/scalars.csv,ok,scalars,,16,val/nll_total_amount,val/nll_total_amount
scalar_point,scalars,strategy_tht_scalars,scalars,scalar[train/grad_norm],1.4283637719301225,float,outputs/save_data/ryc/tht_tripgen_20260212_234749/logs/scalars.csv,ok,scalars,,16,train/grad_norm,train/grad_norm
scalar_point,scalars,strategy_tht_scalars,scalars,scalar[train/param_norm],153.17885254586497,float,outputs/save_data/ryc/tht_tripgen_20260212_234749/logs/scalars.csv,ok,scalars,,16,train/param_norm,train/param_norm
scalar_point,scalars,strategy_tht_scalars,scalars,scalar[flow/layer_logdet_mean_4],0.010429119691252708,float,outputs/save_data/ryc/tht_tripgen_20260212_234749/logs/scalars.csv,ok,scalars,,16,flow/layer_logdet_mean_4,flow/layer_logdet_mean_4
scalar_point,scalars,strategy_tht_scalars,scalars,scalar[flow/layer_logdet_std_4],0.14976200461387634,float,outputs/save_data/ryc/tht_tripgen_20260212_234749/logs/scalars.csv,ok,scalars,,16,flow/layer_logdet_std_4,flow/layer_logdet_std_4
scalar_point,scalars,strategy_tht_scalars,scalars,scalar[flow/layer_logdet_mean_3],-0.007058258168399334,float,outputs/save_data/ryc/tht_tripgen_20260212_234749/logs/scalars.csv,ok,scalars,,16,flow/layer_logdet_mean_3,flow/layer_logdet_mean_3
scalar_point,scalars,strategy_tht_scalars,scalars,scalar[flow/layer_logdet_std_3],0.06094067171216011,float,outputs/save_data/ryc/tht_tripgen_20260212_234749/logs/scalars.csv,ok,scalars,,16,flow/layer_logdet_std_3,flow/layer_logdet_std_3
scalar_point,scalars,strategy_tht_scalars,scalars,scalar[flow/layer_logdet_mean_2],-0.0035744537599384785,float,outputs/save_data/ryc/tht_tripgen_20260212_234749/logs/scalars.csv,ok,scalars,,16,flow/layer_logdet_mean_2,flow/layer_logdet_mean_2
scalar_point,scalars,strategy_tht_scalars,scalars,scalar[flow/layer_logdet_std_2],0.0669550895690918,float,outputs/save_data/ryc/tht_tripgen_20260212_234749/logs/scalars.csv,ok,scalars,,16,flow/layer_logdet_std_2,flow/layer_logdet_std_2
scalar_point,scalars,strategy_tht_scalars,scalars,scalar[flow/layer_logdet_mean_1],-0.008413816802203655,float,outputs/save_data/ryc/tht_tripgen_20260212_234749/logs/scalars.csv,ok,scalars,,16,flow/layer_logdet_mean_1,flow/layer_logdet_mean_1
scalar_point,scalars,strategy_tht_scalars,scalars,scalar[flow/layer_logdet_std_1],0.09573014080524445,float,outputs/save_data/ryc/tht_tripgen_20260212_234749/logs/scalars.csv,ok,scalars,,16,flow/layer_logdet_std_1,flow/layer_logdet_std_1
scalar_point,scalars,strategy_tht_scalars,scalars,scalar[flow/layer_logdet_mean_0],0.004489447455853224,float,outputs/save_data/ryc/tht_tripgen_20260212_234749/logs/scalars.csv,ok,scalars,,16,flow/layer_logdet_mean_0,flow/layer_logdet_mean_0
scalar_point,scalars,strategy_tht_scalars,scalars,scalar[flow/layer_logdet_std_0],0.11649299412965775,float,outputs/save_data/ryc/tht_tripgen_20260212_234749/logs/scalars.csv,ok,scalars,,16,flow/layer_logdet_std_0,flow/layer_logdet_std_0
scalar_point,scalars,strategy_tht_scalars,scalars,scalar[train/nll_total],11.789790153503418,float,outputs/save_data/ryc/tht_tripgen_20260212_234749/logs/scalars.csv,ok,scalars,,17,train/nll_total,train/nll_total
scalar_point,scalars,strategy_tht_scalars,scalars,scalar[train/nll_h],2.9747073650360107,float,outputs/save_data/ryc/tht_tripgen_20260212_234749/logs/scalars.csv,ok,scalars,,17,train/nll_h,train/nll_h
scalar_point,scalars,strategy_tht_scalars,scalars,scalar[train/nll_o],3.790153741836548,float,outputs/save_data/ryc/tht_tripgen_20260212_234749/logs/scalars.csv,ok,scalars,,17,train/nll_o,train/nll_o
scalar_point,scalars,strategy_tht_scalars,scalars,scalar[train/nll_d],3.8503549098968506,float,outputs/save_data/ryc/tht_tripgen_20260212_234749/logs/scalars.csv,ok,scalars,,17,train/nll_d,train/nll_d
scalar_point,scalars,strategy_tht_scalars,scalars,scalar[train/nll_r],-0.0032676069531589746,float,outputs/save_data/ryc/tht_tripgen_20260212_234749/logs/scalars.csv,ok,scalars,,17,train/nll_r,train/nll_r
scalar_point,scalars,strategy_tht_scalars,scalars,scalar[train/nll_passenger],0.7679895162582397,float,outputs/save_data/ryc/tht_tripgen_20260212_234749/logs/scalars.csv,ok,scalars,,17,train/nll_passenger,train/nll_passenger
scalar_point,scalars,strategy_tht_scalars,scalars,scalar[train/nll_total_amount],0.40985414385795593,float,outputs/save_data/ryc/tht_tripgen_20260212_234749/logs/scalars.csv,ok,scalars,,17,train/nll_total_amount,train/nll_total_amount
scalar_point,scalars,strategy_tht_scalars,scalars,scalar[val/nll_total],11.76272964477539,float,outputs/save_data/ryc/tht_tripgen_20260212_234749/logs/scalars.csv,ok,scalars,,17,val/nll_total,val/nll_total
scalar_point,scalars,strategy_tht_scalars,scalars,scalar[val/nll_h],2.9785659313201904,float,outputs/save_data/ryc/tht_tripgen_20260212_234749/logs/scalars.csv,ok,scalars,,17,val/nll_h,val/nll_h
scalar_point,scalars,strategy_tht_scalars,scalars,scalar[val/nll_o],3.781862258911133,float,outputs/save_data/ryc/tht_tripgen_20260212_234749/logs/scalars.csv,ok,scalars,,17,val/nll_o,val/nll_o
scalar_point,scalars,strategy_tht_scalars,scalars,scalar[val/nll_d],3.8446645736694336,float,outputs/save_data/ryc/tht_tripgen_20260212_234749/logs/scalars.csv,ok,scalars,,17,val/nll_d,val/nll_d
scalar_point,scalars,strategy_tht_scalars,scalars,scalar[val/nll_r],-0.0031561139039695263,float,outputs/save_data/ryc/tht_tripgen_20260212_234749/logs/scalars.csv,ok,scalars,,17,val/nll_r,val/nll_r
scalar_point,scalars,strategy_tht_scalars,scalars,scalar[val/nll_passenger],0.7482362389564514,float,outputs/save_data/ryc/tht_tripgen_20260212_234749/logs/scalars.csv,ok,scalars,,17,val/nll_passenger,val/nll_passenger
scalar_point,scalars,strategy_tht_scalars,scalars,scalar[val/nll_total_amount],0.41255736351013184,float,outputs/save_data/ryc/tht_tripgen_20260212_234749/logs/scalars.csv,ok,scalars,,17,val/nll_total_amount,val/nll_total_amount
scalar_point,scalars,strategy_tht_scalars,scalars,scalar[train/grad_norm],1.2014490813885967,float,outputs/save_data/ryc/tht_tripgen_20260212_234749/logs/scalars.csv,ok,scalars,,17,train/grad_norm,train/grad_norm
scalar_point,scalars,strategy_tht_scalars,scalars,scalar[train/param_norm],154.99128970810867,float,outputs/save_data/ryc/tht_tripgen_20260212_234749/logs/scalars.csv,ok,scalars,,17,train/param_norm,train/param_norm
scalar_point,scalars,strategy_tht_scalars,scalars,scalar[flow/layer_logdet_mean_4],0.012289263308048248,float,outputs/save_data/ryc/tht_tripgen_20260212_234749/logs/scalars.csv,ok,scalars,,17,flow/layer_logdet_mean_4,flow/layer_logdet_mean_4
scalar_point,scalars,strategy_tht_scalars,scalars,scalar[flow/layer_logdet_std_4],0.14893046021461487,float,outputs/save_data/ryc/tht_tripgen_20260212_234749/logs/scalars.csv,ok,scalars,,17,flow/layer_logdet_std_4,flow/layer_logdet_std_4
scalar_point,scalars,strategy_tht_scalars,scalars,scalar[flow/layer_logdet_mean_3],-0.005340803414583206,float,outputs/save_data/ryc/tht_tripgen_20260212_234749/logs/scalars.csv,ok,scalars,,17,flow/layer_logdet_mean_3,flow/layer_logdet_mean_3
scalar_point,scalars,strategy_tht_scalars,scalars,scalar[flow/layer_logdet_std_3],0.06091178208589554,float,outputs/save_data/ryc/tht_tripgen_20260212_234749/logs/scalars.csv,ok,scalars,,17,flow/layer_logdet_std_3,flow/layer_logdet_std_3
scalar_point,scalars,strategy_tht_scalars,scalars,scalar[flow/layer_logdet_mean_2],-0.00163282360881567,float,outputs/save_data/ryc/tht_tripgen_20260212_234749/logs/scalars.csv,ok,scalars,,17,flow/layer_logdet_mean_2,flow/layer_logdet_mean_2
scalar_point,scalars,strategy_tht_scalars,scalars,scalar[flow/layer_logdet_std_2],0.06613229215145111,float,outputs/save_data/ryc/tht_tripgen_20260212_234749/logs/scalars.csv,ok,scalars,,17,flow/layer_logdet_std_2,flow/layer_logdet_std_2
scalar_point,scalars,strategy_tht_scalars,scalars,scalar[flow/layer_logdet_mean_1],-0.006148424930870533,float,outputs/save_data/ryc/tht_tripgen_20260212_234749/logs/scalars.csv,ok,scalars,,17,flow/layer_logdet_mean_1,flow/layer_logdet_mean_1
scalar_point,scalars,strategy_tht_scalars,scalars,scalar[flow/layer_logdet_std_1],0.09723478555679321,float,outputs/save_data/ryc/tht_tripgen_20260212_234749/logs/scalars.csv,ok,scalars,,17,flow/layer_logdet_std_1,flow/layer_logdet_std_1
scalar_point,scalars,strategy_tht_scalars,scalars,scalar[flow/layer_logdet_mean_0],0.002452306915074587,float,outputs/save_data/ryc/tht_tripgen_20260212_234749/logs/scalars.csv,ok,scalars,,17,flow/layer_logdet_mean_0,flow/layer_logdet_mean_0
scalar_point,scalars,strategy_tht_scalars,scalars,scalar[flow/layer_logdet_std_0],0.12266679853200912,float,outputs/save_data/ryc/tht_tripgen_20260212_234749/logs/scalars.csv,ok,scalars,,17,flow/layer_logdet_std_0,flow/layer_logdet_std_0
scalar_point,scalars,strategy_tht_scalars,scalars,scalar[train/nll_total],11.785131454467773,float,outputs/save_data/ryc/tht_tripgen_20260212_234749/logs/scalars.csv,ok,scalars,,18,train/nll_total,train/nll_total
scalar_point,scalars,strategy_tht_scalars,scalars,scalar[train/nll_h],2.974708318710327,float,outputs/save_data/ryc/tht_tripgen_20260212_234749/logs/scalars.csv,ok,scalars,,18,train/nll_h,train/nll_h
scalar_point,scalars,strategy_tht_scalars,scalars,scalar[train/nll_o],3.7901296615600586,float,outputs/save_data/ryc/tht_tripgen_20260212_234749/logs/scalars.csv,ok,scalars,,18,train/nll_o,train/nll_o
scalar_point,scalars,strategy_tht_scalars,scalars,scalar[train/nll_d],3.8496057987213135,float,outputs/save_data/ryc/tht_tripgen_20260212_234749/logs/scalars.csv,ok,scalars,,18,train/nll_d,train/nll_d
scalar_point,scalars,strategy_tht_scalars,scalars,scalar[train/nll_r],-0.0033409809693694115,float,outputs/save_data/ryc/tht_tripgen_20260212_234749/logs/scalars.csv,ok,scalars,,18,train/nll_r,train/nll_r
scalar_point,scalars,strategy_tht_scalars,scalars,scalar[train/nll_passenger],0.7679204344749451,float,outputs/save_data/ryc/tht_tripgen_20260212_234749/logs/scalars.csv,ok,scalars,,18,train/nll_passenger,train/nll_passenger
scalar_point,scalars,strategy_tht_scalars,scalars,scalar[train/nll_total_amount],0.4061107039451599,float,outputs/save_data/ryc/tht_tripgen_20260212_234749/logs/scalars.csv,ok,scalars,,18,train/nll_total_amount,train/nll_total_amount
scalar_point,scalars,strategy_tht_scalars,scalars,scalar[val/nll_total],11.754542350769043,float,outputs/save_data/ryc/tht_tripgen_20260212_234749/logs/scalars.csv,ok,scalars,,18,val/nll_total,val/nll_total
scalar_point,scalars,strategy_tht_scalars,scalars,scalar[val/nll_h],2.9785830974578857,float,outputs/save_data/ryc/tht_tripgen_20260212_234749/logs/scalars.csv,ok,scalars,,18,val/nll_h,val/nll_h
scalar_point,scalars,strategy_tht_scalars,scalars,scalar[val/nll_o],3.7817585468292236,float,outputs/save_data/ryc/tht_tripgen_20260212_234749/logs/scalars.csv,ok,scalars,,18,val/nll_o,val/nll_o
scalar_point,scalars,strategy_tht_scalars,scalars,scalar[val/nll_d],3.8440070152282715,float,outputs/save_data/ryc/tht_tripgen_20260212_234749/logs/scalars.csv,ok,scalars,,18,val/nll_d,val/nll_d
scalar_point,scalars,strategy_tht_scalars,scalars,scalar[val/nll_r],-0.002989906119182706,float,outputs/save_data/ryc/tht_tripgen_20260212_234749/logs/scalars.csv,ok,scalars,,18,val/nll_r,val/nll_r
scalar_point,scalars,strategy_tht_scalars,scalars,scalar[val/nll_passenger],0.7482826709747314,float,outputs/save_data/ryc/tht_tripgen_20260212_234749/logs/scalars.csv,ok,scalars,,18,val/nll_passenger,val/nll_passenger
scalar_point,scalars,strategy_tht_scalars,scalars,scalar[val/nll_total_amount],0.40489813685417175,float,outputs/save_data/ryc/tht_tripgen_20260212_234749/logs/scalars.csv,ok,scalars,,18,val/nll_total_amount,val/nll_total_amount
scalar_point,scalars,strategy_tht_scalars,scalars,scalar[train/grad_norm],1.2973330564526164,float,outputs/save_data/ryc/tht_tripgen_20260212_234749/logs/scalars.csv,ok,scalars,,18,train/grad_norm,train/grad_norm
scalar_point,scalars,strategy_tht_scalars,scalars,scalar[train/param_norm],156.75709578638757,float,outputs/save_data/ryc/tht_tripgen_20260212_234749/logs/scalars.csv,ok,scalars,,18,train/param_norm,train/param_norm
scalar_point,scalars,strategy_tht_scalars,scalars,scalar[flow/layer_logdet_mean_4],0.012226179242134094,float,outputs/save_data/ryc/tht_tripgen_20260212_234749/logs/scalars.csv,ok,scalars,,18,flow/layer_logdet_mean_4,flow/layer_logdet_mean_4
scalar_point,scalars,strategy_tht_scalars,scalars,scalar[flow/layer_logdet_std_4],0.1497405767440796,float,outputs/save_data/ryc/tht_tripgen_20260212_234749/logs/scalars.csv,ok,scalars,,18,flow/layer_logdet_std_4,flow/layer_logdet_std_4
scalar_point,scalars,strategy_tht_scalars,scalars,scalar[flow/layer_logdet_mean_3],-0.004829712212085724,float,outputs/save_data/ryc/tht_tripgen_20260212_234749/logs/scalars.csv,ok,scalars,,18,flow/layer_logdet_mean_3,flow/layer_logdet_mean_3
scalar_point,scalars,strategy_tht_scalars,scalars,scalar[flow/layer_logdet_std_3],0.05774910748004913,float,outputs/save_data/ryc/tht_tripgen_20260212_234749/logs/scalars.csv,ok,scalars,,18,flow/layer_logdet_std_3,flow/layer_logdet_std_3
scalar_point,scalars,strategy_tht_scalars,scalars,scalar[flow/layer_logdet_mean_2],-0.0017188356723636389,float,outputs/save_data/ryc/tht_tripgen_20260212_234749/logs/scalars.csv,ok,scalars,,18,flow/layer_logdet_mean_2,flow/layer_logdet_mean_2
scalar_point,scalars,strategy_tht_scalars,scalars,scalar[flow/layer_logdet_std_2],0.06829290091991425,float,outputs/save_data/ryc/tht_tripgen_20260212_234749/logs/scalars.csv,ok,scalars,,18,flow/layer_logdet_std_2,flow/layer_logdet_std_2
scalar_point,scalars,strategy_tht_scalars,scalars,scalar[flow/layer_logdet_mean_1],-0.005665213335305452,float,outputs/save_data/ryc/tht_tripgen_20260212_234749/logs/scalars.csv,ok,scalars,,18,flow/layer_logdet_mean_1,flow/layer_logdet_mean_1
scalar_point,scalars,strategy_tht_scalars,scalars,scalar[flow/layer_logdet_std_1],0.09441772848367691,float,outputs/save_data/ryc/tht_tripgen_20260212_234749/logs/scalars.csv,ok,scalars,,18,flow/layer_logdet_std_1,flow/layer_logdet_std_1
scalar_point,scalars,strategy_tht_scalars,scalars,scalar[flow/layer_logdet_mean_0],0.004148842301219702,float,outputs/save_data/ryc/tht_tripgen_20260212_234749/logs/scalars.csv,ok,scalars,,18,flow/layer_logdet_mean_0,flow/layer_logdet_mean_0
scalar_point,scalars,strategy_tht_scalars,scalars,scalar[flow/layer_logdet_std_0],0.12305795401334763,float,outputs/save_data/ryc/tht_tripgen_20260212_234749/logs/scalars.csv,ok,scalars,,18,flow/layer_logdet_std_0,flow/layer_logdet_std_0
scalar_point,scalars,strategy_tht_scalars,scalars,scalar[train/nll_total],11.780115127563477,float,outputs/save_data/ryc/tht_tripgen_20260212_234749/logs/scalars.csv,ok,scalars,,19,train/nll_total,train/nll_total
scalar_point,scalars,strategy_tht_scalars,scalars,scalar[train/nll_h],2.9747087955474854,float,outputs/save_data/ryc/tht_tripgen_20260212_234749/logs/scalars.csv,ok,scalars,,19,train/nll_h,train/nll_h
scalar_point,scalars,strategy_tht_scalars,scalars,scalar[train/nll_o],3.7900493144989014,float,outputs/save_data/ryc/tht_tripgen_20260212_234749/logs/scalars.csv,ok,scalars,,19,train/nll_o,train/nll_o
scalar_point,scalars,strategy_tht_scalars,scalars,scalar[train/nll_d],3.8484556674957275,float,outputs/save_data/ryc/tht_tripgen_20260212_234749/logs/scalars.csv,ok,scalars,,19,train/nll_d,train/nll_d
scalar_point,scalars,strategy_tht_scalars,scalars,scalar[train/nll_r],-0.003346686251461506,float,outputs/save_data/ryc/tht_tripgen_20260212_234749/logs/scalars.csv,ok,scalars,,19,train/nll_r,train/nll_r
scalar_point,scalars,strategy_tht_scalars,scalars,scalar[train/nll_passenger],0.7678097486495972,float,outputs/save_data/ryc/tht_tripgen_20260212_234749/logs/scalars.csv,ok,scalars,,19,train/nll_passenger,train/nll_passenger
scalar_point,scalars,strategy_tht_scalars,scalars,scalar[train/nll_total_amount],0.40244370698928833,float,outputs/save_data/ryc/tht_tripgen_20260212_234749/logs/scalars.csv,ok,scalars,,19,train/nll_total_amount,train/nll_total_amount
scalar_point,scalars,strategy_tht_scalars,scalars,scalar[val/nll_total],11.756669044494629,float,outputs/save_data/ryc/tht_tripgen_20260212_234749/logs/scalars.csv,ok,scalars,,19,val/nll_total,val/nll_total
scalar_point,scalars,strategy_tht_scalars,scalars,scalar[val/nll_h],2.9785568714141846,float,outputs/save_data/ryc/tht_tripgen_20260212_234749/logs/scalars.csv,ok,scalars,,19,val/nll_h,val/nll_h
scalar_point,scalars,strategy_tht_scalars,scalars,scalar[val/nll_o],3.781886100769043,float,outputs/save_data/ryc/tht_tripgen_20260212_234749/logs/scalars.csv,ok,scalars,,19,val/nll_o,val/nll_o
scalar_point,scalars,strategy_tht_scalars,scalars,scalar[val/nll_d],3.844298839569092,float,outputs/save_data/ryc/tht_tripgen_20260212_234749/logs/scalars.csv,ok,scalars,,19,val/nll_d,val/nll_d
scalar_point,scalars,strategy_tht_scalars,scalars,scalar[val/nll_r],-0.003253599628806114,float,outputs/save_data/ryc/tht_tripgen_20260212_234749/logs/scalars.csv,ok,scalars,,19,val/nll_r,val/nll_r
scalar_point,scalars,strategy_tht_scalars,scalars,scalar[val/nll_passenger],0.7481388449668884,float,outputs/save_data/ryc/tht_tripgen_20260212_234749/logs/scalars.csv,ok,scalars,,19,val/nll_passenger,val/nll_passenger
scalar_point,scalars,strategy_tht_scalars,scalars,scalar[val/nll_total_amount],0.4070432782173157,float,outputs/save_data/ryc/tht_tripgen_20260212_234749/logs/scalars.csv,ok,scalars,,19,val/nll_total_amount,val/nll_total_amount
scalar_point,scalars,strategy_tht_scalars,scalars,scalar[train/grad_norm],1.205155857256488,float,outputs/save_data/ryc/tht_tripgen_20260212_234749/logs/scalars.csv,ok,scalars,,19,train/grad_norm,train/grad_norm
scalar_point,scalars,strategy_tht_scalars,scalars,scalar[train/param_norm],158.45209131866076,float,outputs/save_data/ryc/tht_tripgen_20260212_234749/logs/scalars.csv,ok,scalars,,19,train/param_norm,train/param_norm
scalar_point,scalars,strategy_tht_scalars,scalars,scalar[flow/layer_logdet_mean_4],0.011743756942451,float,outputs/save_data/ryc/tht_tripgen_20260212_234749/logs/scalars.csv,ok,scalars,,19,flow/layer_logdet_mean_4,flow/layer_logdet_mean_4
scalar_point,scalars,strategy_tht_scalars,scalars,scalar[flow/layer_logdet_std_4],0.14707009494304657,float,outputs/save_data/ryc/tht_tripgen_20260212_234749/logs/scalars.csv,ok,scalars,,19,flow/layer_logdet_std_4,flow/layer_logdet_std_4
scalar_point,scalars,strategy_tht_scalars,scalars,scalar[flow/layer_logdet_mean_3],-0.005406287498772144,float,outputs/save_data/ryc/tht_tripgen_20260212_234749/logs/scalars.csv,ok,scalars,,19,flow/layer_logdet_mean_3,flow/layer_logdet_mean_3
scalar_point,scalars,strategy_tht_scalars,scalars,scalar[flow/layer_logdet_std_3],0.05973914638161659,float,outputs/save_data/ryc/tht_tripgen_20260212_234749/logs/scalars.csv,ok,scalars,,19,flow/layer_logdet_std_3,flow/layer_logdet_std_3
scalar_point,scalars,strategy_tht_scalars,scalars,scalar[flow/layer_logdet_mean_2],0.00021308544091880322,float,outputs/save_data/ryc/tht_tripgen_20260212_234749/logs/scalars.csv,ok,scalars,,19,flow/layer_logdet_mean_2,flow/layer_logdet_mean_2
scalar_point,scalars,strategy_tht_scalars,scalars,scalar[flow/layer_logdet_std_2],0.06544361263513565,float,outputs/save_data/ryc/tht_tripgen_20260212_234749/logs/scalars.csv,ok,scalars,,19,flow/layer_logdet_std_2,flow/layer_logdet_std_2
scalar_point,scalars,strategy_tht_scalars,scalars,scalar[flow/layer_logdet_mean_1],-0.003503089305013418,float,outputs/save_data/ryc/tht_tripgen_20260212_234749/logs/scalars.csv,ok,scalars,,19,flow/layer_logdet_mean_1,flow/layer_logdet_mean_1
scalar_point,scalars,strategy_tht_scalars,scalars,scalar[flow/layer_logdet_std_1],0.10104209184646606,float,outputs/save_data/ryc/tht_tripgen_20260212_234749/logs/scalars.csv,ok,scalars,,19,flow/layer_logdet_std_1,flow/layer_logdet_std_1
scalar_point,scalars,strategy_tht_scalars,scalars,scalar[flow/layer_logdet_mean_0],0.0027104285545647144,float,outputs/save_data/ryc/tht_tripgen_20260212_234749/logs/scalars.csv,ok,scalars,,19,flow/layer_logdet_mean_0,flow/layer_logdet_mean_0
scalar_point,scalars,strategy_tht_scalars,scalars,scalar[flow/layer_logdet_std_0],0.12539079785346985,float,outputs/save_data/ryc/tht_tripgen_20260212_234749/logs/scalars.csv,ok,scalars,,19,flow/layer_logdet_std_0,flow/layer_logdet_std_0
scalar_point,scalars,strategy_tht_scalars,scalars,scalar[train/nll_total],11.776721000671387,float,outputs/save_data/ryc/tht_tripgen_20260212_234749/logs/scalars.csv,ok,scalars,,20,train/nll_total,train/nll_total
scalar_point,scalars,strategy_tht_scalars,scalars,scalar[train/nll_h],2.974714517593384,float,outputs/save_data/ryc/tht_tripgen_20260212_234749/logs/scalars.csv,ok,scalars,,20,train/nll_h,train/nll_h
scalar_point,scalars,strategy_tht_scalars,scalars,scalar[train/nll_o],3.7899904251098633,float,outputs/save_data/ryc/tht_tripgen_20260212_234749/logs/scalars.csv,ok,scalars,,20,train/nll_o,train/nll_o
scalar_point,scalars,strategy_tht_scalars,scalars,scalar[train/nll_d],3.8477206230163574,float,outputs/save_data/ryc/tht_tripgen_20260212_234749/logs/scalars.csv,ok,scalars,,20,train/nll_d,train/nll_d
scalar_point,scalars,strategy_tht_scalars,scalars,scalar[train/nll_r],-0.0034852693788707256,float,outputs/save_data/ryc/tht_tripgen_20260212_234749/logs/scalars.csv,ok,scalars,,20,train/nll_r,train/nll_r
scalar_point,scalars,strategy_tht_scalars,scalars,scalar[train/nll_passenger],0.7675643563270569,float,outputs/save_data/ryc/tht_tripgen_20260212_234749/logs/scalars.csv,ok,scalars,,20,train/nll_passenger,train/nll_passenger
scalar_point,scalars,strategy_tht_scalars,scalars,scalar[train/nll_total_amount],0.40021950006484985,float,outputs/save_data/ryc/tht_tripgen_20260212_234749/logs/scalars.csv,ok,scalars,,20,train/nll_total_amount,train/nll_total_amount
scalar_point,scalars,strategy_tht_scalars,scalars,scalar[val/nll_total],11.754026412963867,float,outputs/save_data/ryc/tht_tripgen_20260212_234749/logs/scalars.csv,ok,scalars,,20,val/nll_total,val/nll_total
scalar_point,scalars,strategy_tht_scalars,scalars,scalar[val/nll_h],2.978605031967163,float,outputs/save_data/ryc/tht_tripgen_20260212_234749/logs/scalars.csv,ok,scalars,,20,val/nll_h,val/nll_h
scalar_point,scalars,strategy_tht_scalars,scalars,scalar[val/nll_o],3.78166127204895,float,outputs/save_data/ryc/tht_tripgen_20260212_234749/logs/scalars.csv,ok,scalars,,20,val/nll_o,val/nll_o
scalar_point,scalars,strategy_tht_scalars,scalars,scalar[val/nll_d],3.8433053493499756,float,outputs/save_data/ryc/tht_tripgen_20260212_234749/logs/scalars.csv,ok,scalars,,20,val/nll_d,val/nll_d
scalar_point,scalars,strategy_tht_scalars,scalars,scalar[val/nll_r],-0.0031848757062107325,float,outputs/save_data/ryc/tht_tripgen_20260212_234749/logs/scalars.csv,ok,scalars,,20,val/nll_r,val/nll_r
scalar_point,scalars,strategy_tht_scalars,scalars,scalar[val/nll_passenger],0.7480138540267944,float,outputs/save_data/ryc/tht_tripgen_20260212_234749/logs/scalars.csv,ok,scalars,,20,val/nll_passenger,val/nll_passenger
scalar_point,scalars,strategy_tht_scalars,scalars,scalar[val/nll_total_amount],0.405624121427536,float,outputs/save_data/ryc/tht_tripgen_20260212_234749/logs/scalars.csv,ok,scalars,,20,val/nll_total_amount,val/nll_total_amount
scalar_point,scalars,strategy_tht_scalars,scalars,scalar[train/grad_norm],1.4042591185677484,float,outputs/save_data/ryc/tht_tripgen_20260212_234749/logs/scalars.csv,ok,scalars,,20,train/grad_norm,train/grad_norm
scalar_point,scalars,strategy_tht_scalars,scalars,scalar[train/param_norm],160.12582483087792,float,outputs/save_data/ryc/tht_tripgen_20260212_234749/logs/scalars.csv,ok,scalars,,20,train/param_norm,train/param_norm
scalar_point,scalars,strategy_tht_scalars,scalars,scalar[flow/layer_logdet_mean_4],0.011390315368771553,float,outputs/save_data/ryc/tht_tripgen_20260212_234749/logs/scalars.csv,ok,scalars,,20,flow/layer_logdet_mean_4,flow/layer_logdet_mean_4
scalar_point,scalars,strategy_tht_scalars,scalars,scalar[flow/layer_logdet_std_4],0.14850226044654846,float,outputs/save_data/ryc/tht_tripgen_20260212_234749/logs/scalars.csv,ok,scalars,,20,flow/layer_logdet_std_4,flow/layer_logdet_std_4
scalar_point,scalars,strategy_tht_scalars,scalars,scalar[flow/layer_logdet_mean_3],-0.006482810713350773,float,outputs/save_data/ryc/tht_tripgen_20260212_234749/logs/scalars.csv,ok,scalars,,20,flow/layer_logdet_mean_3,flow/layer_logdet_mean_3
scalar_point,scalars,strategy_tht_scalars,scalars,scalar[flow/layer_logdet_std_3],0.06259173899888992,float,outputs/save_data/ryc/tht_tripgen_20260212_234749/logs/scalars.csv,ok,scalars,,20,flow/layer_logdet_std_3,flow/layer_logdet_std_3
scalar_point,scalars,strategy_tht_scalars,scalars,scalar[flow/layer_logdet_mean_2],0.0007111915037967265,float,outputs/save_data/ryc/tht_tripgen_20260212_234749/logs/scalars.csv,ok,scalars,,20,flow/layer_logdet_mean_2,flow/layer_logdet_mean_2
scalar_point,scalars,strategy_tht_scalars,scalars,scalar[flow/layer_logdet_std_2],0.06256218999624252,float,outputs/save_data/ryc/tht_tripgen_20260212_234749/logs/scalars.csv,ok,scalars,,20,flow/layer_logdet_std_2,flow/layer_logdet_std_2
scalar_point,scalars,strategy_tht_scalars,scalars,scalar[flow/layer_logdet_mean_1],-0.005432971753180027,float,outputs/save_data/ryc/tht_tripgen_20260212_234749/logs/scalars.csv,ok,scalars,,20,flow/layer_logdet_mean_1,flow/layer_logdet_mean_1
scalar_point,scalars,strategy_tht_scalars,scalars,scalar[flow/layer_logdet_std_1],0.10072933882474899,float,outputs/save_data/ryc/tht_tripgen_20260212_234749/logs/scalars.csv,ok,scalars,,20,flow/layer_logdet_std_1,flow/layer_logdet_std_1
scalar_point,scalars,strategy_tht_scalars,scalars,scalar[flow/layer_logdet_mean_0],0.0006420754361897707,float,outputs/save_data/ryc/tht_tripgen_20260212_234749/logs/scalars.csv,ok,scalars,,20,flow/layer_logdet_mean_0,flow/layer_logdet_mean_0
scalar_point,scalars,strategy_tht_scalars,scalars,scalar[flow/layer_logdet_std_0],0.12668561935424805,float,outputs/save_data/ryc/tht_tripgen_20260212_234749/logs/scalars.csv,ok,scalars,,20,flow/layer_logdet_std_0,flow/layer_logdet_std_0
scalar_point,scalars,strategy_tht_scalars,scalars,scalar[metrics/n_real],5000.0,float,outputs/save_data/ryc/tht_tripgen_20260212_234749/logs/scalars.csv,ok,scalars,,20,metrics/n_real,metrics/n_real
scalar_point,scalars,strategy_tht_scalars,scalars,scalar[metrics/n_synth],5000.0,float,outputs/save_data/ryc/tht_tripgen_20260212_234749/logs/scalars.csv,ok,scalars,,20,metrics/n_synth,metrics/n_synth
scalar_point,scalars,strategy_tht_scalars,scalars,scalar[metrics/hour_of_day_jsd],0.0010634095704118588,float,outputs/save_data/ryc/tht_tripgen_20260212_234749/logs/scalars.csv,ok,scalars,,20,metrics/hour_of_day_jsd,metrics/hour_of_day_jsd
scalar_point,scalars,strategy_tht_scalars,scalars,scalar[metrics/hour_of_day_chi2],0.008570683843415978,float,outputs/save_data/ryc/tht_tripgen_20260212_234749/logs/scalars.csv,ok,scalars,,20,metrics/hour_of_day_chi2,metrics/hour_of_day_chi2
scalar_point,scalars,strategy_tht_scalars,scalars,scalar[metrics/day_of_week_jsd],0.0,float,outputs/save_data/ryc/tht_tripgen_20260212_234749/logs/scalars.csv,ok,scalars,,20,metrics/day_of_week_jsd,metrics/day_of_week_jsd
scalar_point,scalars,strategy_tht_scalars,scalars,scalar[metrics/day_of_week_chi2],0.0,float,outputs/save_data/ryc/tht_tripgen_20260212_234749/logs/scalars.csv,ok,scalars,,20,metrics/day_of_week_chi2,metrics/day_of_week_chi2
scalar_point,scalars,strategy_tht_scalars,scalars,scalar[metrics/pickup_id_jsd],0.008867918506818121,float,outputs/save_data/ryc/tht_tripgen_20260212_234749/logs/scalars.csv,ok,scalars,,20,metrics/pickup_id_jsd,metrics/pickup_id_jsd
scalar_point,scalars,strategy_tht_scalars,scalars,scalar[metrics/pickup_id_chi2],3640000.034393708,float,outputs/save_data/ryc/tht_tripgen_20260212_234749/logs/scalars.csv,ok,scalars,,20,metrics/pickup_id_chi2,metrics/pickup_id_chi2
scalar_point,scalars,strategy_tht_scalars,scalars,scalar[metrics/dropoff_id_jsd],0.011496890275745466,float,outputs/save_data/ryc/tht_tripgen_20260212_234749/logs/scalars.csv,ok,scalars,,20,metrics/dropoff_id_jsd,metrics/dropoff_id_jsd
scalar_point,scalars,strategy_tht_scalars,scalars,scalar[metrics/dropoff_id_chi2],2680000.0707243592,float,outputs/save_data/ryc/tht_tripgen_20260212_234749/logs/scalars.csv,ok,scalars,,20,metrics/dropoff_id_chi2,metrics/dropoff_id_chi2
scalar_point,scalars,strategy_tht_scalars,scalars,scalar[metrics/od_jsd],0.18090234732097382,float,outputs/save_data/ryc/tht_tripgen_20260212_234749/logs/scalars.csv,ok,scalars,,20,metrics/od_jsd,metrics/od_jsd
scalar_point,scalars,strategy_tht_scalars,scalars,scalar[metrics/od_chi2],73600000.65947235,float,outputs/save_data/ryc/tht_tripgen_20260212_234749/logs/scalars.csv,ok,scalars,,20,metrics/od_chi2,metrics/od_chi2
scalar_point,scalars,strategy_tht_scalars,scalars,scalar[metrics/od_coverage_real],0.6205472379969025,float,outputs/save_data/ryc/tht_tripgen_20260212_234749/logs/scalars.csv,ok,scalars,,20,metrics/od_coverage_real,metrics/od_coverage_real
scalar_point,scalars,strategy_tht_scalars,scalars,scalar[metrics/od_coverage_synth],0.5912444663059518,float,outputs/save_data/ryc/tht_tripgen_20260212_234749/logs/scalars.csv,ok,scalars,,20,metrics/od_coverage_synth,metrics/od_coverage_synth
scalar_point,scalars,strategy_tht_scalars,scalars,scalar[metrics/od_unique_real],1937.0,float,outputs/save_data/ryc/tht_tripgen_20260212_234749/logs/scalars.csv,ok,scalars,,20,metrics/od_unique_real,metrics/od_unique_real
scalar_point,scalars,strategy_tht_scalars,scalars,scalar[metrics/od_unique_synth],2033.0,float,outputs/save_data/ryc/tht_tripgen_20260212_234749/logs/scalars.csv,ok,scalars,,20,metrics/od_unique_synth,metrics/od_unique_synth
scalar_point,scalars,strategy_tht_scalars,scalars,scalar[metrics/time_jsd],0.007090337266996196,float,outputs/save_data/ryc/tht_tripgen_20260212_234749/logs/scalars.csv,ok,scalars,,20,metrics/time_jsd,metrics/time_jsd
scalar_point,scalars,strategy_tht_scalars,scalars,scalar[metrics/time_chi2],160000.06119855907,float,outputs/save_data/ryc/tht_tripgen_20260212_234749/logs/scalars.csv,ok,scalars,,20,metrics/time_chi2,metrics/time_chi2
scalar_point,scalars,strategy_tht_scalars,scalars,scalar[metrics/time_coverage_real],0.9929577464788732,float,outputs/save_data/ryc/tht_tripgen_20260212_234749/logs/scalars.csv,ok,scalars,,20,metrics/time_coverage_real,metrics/time_coverage_real
scalar_point,scalars,strategy_tht_scalars,scalars,scalar[metrics/time_coverage_synth],0.986013986013986,float,outputs/save_data/ryc/tht_tripgen_20260212_234749/logs/scalars.csv,ok,scalars,,20,metrics/time_coverage_synth,metrics/time_coverage_synth
scalar_point,scalars,strategy_tht_scalars,scalars,scalar[metrics/time_unique_real],142.0,float,outputs/save_data/ryc/tht_tripgen_20260212_234749/logs/scalars.csv,ok,scalars,,20,metrics/time_unique_real,metrics/time_unique_real
scalar_point,scalars,strategy_tht_scalars,scalars,scalar[metrics/time_unique_synth],143.0,float,outputs/save_data/ryc/tht_tripgen_20260212_234749/logs/scalars.csv,ok,scalars,,20,metrics/time_unique_synth,metrics/time_unique_synth
scalar_point,scalars,strategy_tht_scalars,scalars,scalar[metrics/joint_jsd],0.659358865547565,float,outputs/save_data/ryc/tht_tripgen_20260212_234749/logs/scalars.csv,ok,scalars,,20,metrics/joint_jsd,metrics/joint_jsd
scalar_point,scalars,strategy_tht_scalars,scalars,scalar[metrics/joint_chi2],199960000.95593333,float,outputs/save_data/ryc/tht_tripgen_20260212_234749/logs/scalars.csv,ok,scalars,,20,metrics/joint_chi2,metrics/joint_chi2
scalar_point,scalars,strategy_tht_scalars,scalars,scalar[metrics/joint_coverage_real],0.04785376874101458,float,outputs/save_data/ryc/tht_tripgen_20260212_234749/logs/scalars.csv,ok,scalars,,20,metrics/joint_coverage_real,metrics/joint_coverage_real
scalar_point,scalars,strategy_tht_scalars,scalars,scalar[metrics/joint_coverage_synth],0.047609317531671434,float,outputs/save_data/ryc/tht_tripgen_20260212_234749/logs/scalars.csv,ok,scalars,,20,metrics/joint_coverage_synth,metrics/joint_coverage_synth
scalar_point,scalars,strategy_tht_scalars,scalars,scalar[metrics/joint_unique_real],4869.0,float,outputs/save_data/ryc/tht_tripgen_20260212_234749/logs/scalars.csv,ok,scalars,,20,metrics/joint_unique_real,metrics/joint_unique_real
scalar_point,scalars,strategy_tht_scalars,scalars,scalar[metrics/joint_unique_synth],4894.0,float,outputs/save_data/ryc/tht_tripgen_20260212_234749/logs/scalars.csv,ok,scalars,,20,metrics/joint_unique_synth,metrics/joint_unique_synth
scalar_point,scalars,strategy_tht_scalars,scalars,scalar[metrics/joint_mode_dropping_ratio],0.9521462312589855,float,outputs/save_data/ryc/tht_tripgen_20260212_234749/logs/scalars.csv,ok,scalars,,20,metrics/joint_mode_dropping_ratio,metrics/joint_mode_dropping_ratio
scalar_point,scalars,strategy_tht_scalars,scalars,scalar[metrics/joint_invalid_ratio],0.9523906824683286,float,outputs/save_data/ryc/tht_tripgen_20260212_234749/logs/scalars.csv,ok,scalars,,20,metrics/joint_invalid_ratio,metrics/joint_invalid_ratio
scalar_point,scalars,strategy_tht_scalars,scalars,scalar[train/nll_total],11.77269172668457,float,outputs/save_data/ryc/tht_tripgen_20260212_234749/logs/scalars.csv,ok,scalars,,21,train/nll_total,train/nll_total
scalar_point,scalars,strategy_tht_scalars,scalars,scalar[train/nll_h],2.9747047424316406,float,outputs/save_data/ryc/tht_tripgen_20260212_234749/logs/scalars.csv,ok,scalars,,21,train/nll_h,train/nll_h
scalar_point,scalars,strategy_tht_scalars,scalars,scalar[train/nll_o],3.789855718612671,float,outputs/save_data/ryc/tht_tripgen_20260212_234749/logs/scalars.csv,ok,scalars,,21,train/nll_o,train/nll_o
scalar_point,scalars,strategy_tht_scalars,scalars,scalar[train/nll_d],3.846912384033203,float,outputs/save_data/ryc/tht_tripgen_20260212_234749/logs/scalars.csv,ok,scalars,,21,train/nll_d,train/nll_d
scalar_point,scalars,strategy_tht_scalars,scalars,scalar[train/nll_r],-0.003567533800378442,float,outputs/save_data/ryc/tht_tripgen_20260212_234749/logs/scalars.csv,ok,scalars,,21,train/nll_r,train/nll_r
scalar_point,scalars,strategy_tht_scalars,scalars,scalar[train/nll_passenger],0.7673925161361694,float,outputs/save_data/ryc/tht_tripgen_20260212_234749/logs/scalars.csv,ok,scalars,,21,train/nll_passenger,train/nll_passenger
scalar_point,scalars,strategy_tht_scalars,scalars,scalar[train/nll_total_amount],0.39739325642585754,float,outputs/save_data/ryc/tht_tripgen_20260212_234749/logs/scalars.csv,ok,scalars,,21,train/nll_total_amount,train/nll_total_amount
scalar_point,scalars,strategy_tht_scalars,scalars,scalar[val/nll_total],11.751368522644043,float,outputs/save_data/ryc/tht_tripgen_20260212_234749/logs/scalars.csv,ok,scalars,,21,val/nll_total,val/nll_total
scalar_point,scalars,strategy_tht_scalars,scalars,scalar[val/nll_h],2.97868013381958,float,outputs/save_data/ryc/tht_tripgen_20260212_234749/logs/scalars.csv,ok,scalars,,21,val/nll_h,val/nll_h
scalar_point,scalars,strategy_tht_scalars,scalars,scalar[val/nll_o],3.7817182540893555,float,outputs/save_data/ryc/tht_tripgen_20260212_234749/logs/scalars.csv,ok,scalars,,21,val/nll_o,val/nll_o
scalar_point,scalars,strategy_tht_scalars,scalars,scalar[val/nll_d],3.842477560043335,float,outputs/save_data/ryc/tht_tripgen_20260212_234749/logs/scalars.csv,ok,scalars,,21,val/nll_d,val/nll_d
scalar_point,scalars,strategy_tht_scalars,scalars,scalar[val/nll_r],-0.0030668273102492094,float,outputs/save_data/ryc/tht_tripgen_20260212_234749/logs/scalars.csv,ok,scalars,,21,val/nll_r,val/nll_r
scalar_point,scalars,strategy_tht_scalars,scalars,scalar[val/nll_passenger],0.7476980686187744,float,outputs/save_data/ryc/tht_tripgen_20260212_234749/logs/scalars.csv,ok,scalars,,21,val/nll_passenger,val/nll_passenger
scalar_point,scalars,strategy_tht_scalars,scalars,scalar[val/nll_total_amount],0.4038635790348053,float,outputs/save_data/ryc/tht_tripgen_20260212_234749/logs/scalars.csv,ok,scalars,,21,val/nll_total_amount,val/nll_total_amount
scalar_point,scalars,strategy_tht_scalars,scalars,scalar[train/grad_norm],1.0351929471719565,float,outputs/save_data/ryc/tht_tripgen_20260212_234749/logs/scalars.csv,ok,scalars,,21,train/grad_norm,train/grad_norm
scalar_point,scalars,strategy_tht_scalars,scalars,scalar[train/param_norm],161.7346742968199,float,outputs/save_data/ryc/tht_tripgen_20260212_234749/logs/scalars.csv,ok,scalars,,21,train/param_norm,train/param_norm
scalar_point,scalars,strategy_tht_scalars,scalars,scalar[flow/layer_logdet_mean_4],0.012516597285866737,float,outputs/save_data/ryc/tht_tripgen_20260212_234749/logs/scalars.csv,ok,scalars,,21,flow/layer_logdet_mean_4,flow/layer_logdet_mean_4
scalar_point,scalars,strategy_tht_scalars,scalars,scalar[flow/layer_logdet_std_4],0.14653898775577545,float,outputs/save_data/ryc/tht_tripgen_20260212_234749/logs/scalars.csv,ok,scalars,,21,flow/layer_logdet_std_4,flow/layer_logdet_std_4
scalar_point,scalars,strategy_tht_scalars,scalars,scalar[flow/layer_logdet_mean_3],-0.006044183857738972,float,outputs/save_data/ryc/tht_tripgen_20260212_234749/logs/scalars.csv,ok,scalars,,21,flow/layer_logdet_mean_3,flow/layer_logdet_mean_3
scalar_point,scalars,strategy_tht_scalars,scalars,scalar[flow/layer_logdet_std_3],0.0627242922782898,float,outputs/save_data/ryc/tht_tripgen_20260212_234749/logs/scalars.csv,ok,scalars,,21,flow/layer_logdet_std_3,flow/layer_logdet_std_3
scalar_point,scalars,strategy_tht_scalars,scalars,scalar[flow/layer_logdet_mean_2],-0.00014291747356764972,float,outputs/save_data/ryc/tht_tripgen_20260212_234749/logs/scalars.csv,ok,scalars,,21,flow/layer_logdet_mean_2,flow/layer_logdet_mean_2
scalar_point,scalars,strategy_tht_scalars,scalars,scalar[flow/layer_logdet_std_2],0.06348972767591476,float,outputs/save_data/ryc/tht_tripgen_20260212_234749/logs/scalars.csv,ok,scalars,,21,flow/layer_logdet_std_2,flow/layer_logdet_std_2
scalar_point,scalars,strategy_tht_scalars,scalars,scalar[flow/layer_logdet_mean_1],-0.006843238137662411,float,outputs/save_data/ryc/tht_tripgen_20260212_234749/logs/scalars.csv,ok,scalars,,21,flow/layer_logdet_mean_1,flow/layer_logdet_mean_1
scalar_point,scalars,strategy_tht_scalars,scalars,scalar[flow/layer_logdet_std_1],0.10662124305963516,float,outputs/save_data/ryc/tht_tripgen_20260212_234749/logs/scalars.csv,ok,scalars,,21,flow/layer_logdet_std_1,flow/layer_logdet_std_1
scalar_point,scalars,strategy_tht_scalars,scalars,scalar[flow/layer_logdet_mean_0],0.0041501387022435665,float,outputs/save_data/ryc/tht_tripgen_20260212_234749/logs/scalars.csv,ok,scalars,,21,flow/layer_logdet_mean_0,flow/layer_logdet_mean_0
scalar_point,scalars,strategy_tht_scalars,scalars,scalar[flow/layer_logdet_std_0],0.12841971218585968,float,outputs/save_data/ryc/tht_tripgen_20260212_234749/logs/scalars.csv,ok,scalars,,21,flow/layer_logdet_std_0,flow/layer_logdet_std_0
scalar_point,scalars,strategy_tht_scalars,scalars,scalar[train/nll_total],11.769486427307129,float,outputs/save_data/ryc/tht_tripgen_20260212_234749/logs/scalars.csv,ok,scalars,,22,train/nll_total,train/nll_total
scalar_point,scalars,strategy_tht_scalars,scalars,scalar[train/nll_h],2.9747111797332764,float,outputs/save_data/ryc/tht_tripgen_20260212_234749/logs/scalars.csv,ok,scalars,,22,train/nll_h,train/nll_h
scalar_point,scalars,strategy_tht_scalars,scalars,scalar[train/nll_o],3.789828062057495,float,outputs/save_data/ryc/tht_tripgen_20260212_234749/logs/scalars.csv,ok,scalars,,22,train/nll_o,train/nll_o
scalar_point,scalars,strategy_tht_scalars,scalars,scalar[train/nll_d],3.846118927001953,float,outputs/save_data/ryc/tht_tripgen_20260212_234749/logs/scalars.csv,ok,scalars,,22,train/nll_d,train/nll_d
scalar_point,scalars,strategy_tht_scalars,scalars,scalar[train/nll_r],-0.0036874008364975452,float,outputs/save_data/ryc/tht_tripgen_20260212_234749/logs/scalars.csv,ok,scalars,,22,train/nll_r,train/nll_r
scalar_point,scalars,strategy_tht_scalars,scalars,scalar[train/nll_passenger],0.7673109769821167,float,outputs/save_data/ryc/tht_tripgen_20260212_234749/logs/scalars.csv,ok,scalars,,22,train/nll_passenger,train/nll_passenger
scalar_point,scalars,strategy_tht_scalars,scalars,scalar[train/nll_total_amount],0.39520788192749023,float,outputs/save_data/ryc/tht_tripgen_20260212_234749/logs/scalars.csv,ok,scalars,,22,train/nll_total_amount,train/nll_total_amount
scalar_point,scalars,strategy_tht_scalars,scalars,scalar[val/nll_total],11.751644134521484,float,outputs/save_data/ryc/tht_tripgen_20260212_234749/logs/scalars.csv,ok,scalars,,22,val/nll_total,val/nll_total
scalar_point,scalars,strategy_tht_scalars,scalars,scalar[val/nll_h],2.978529691696167,float,outputs/save_data/ryc/tht_tripgen_20260212_234749/logs/scalars.csv,ok,scalars,,22,val/nll_h,val/nll_h
scalar_point,scalars,strategy_tht_scalars,scalars,scalar[val/nll_o],3.7816522121429443,float,outputs/save_data/ryc/tht_tripgen_20260212_234749/logs/scalars.csv,ok,scalars,,22,val/nll_o,val/nll_o
scalar_point,scalars,strategy_tht_scalars,scalars,scalar[val/nll_d],3.8409764766693115,float,outputs/save_data/ryc/tht_tripgen_20260212_234749/logs/scalars.csv,ok,scalars,,22,val/nll_d,val/nll_d
scalar_point,scalars,strategy_tht_scalars,scalars,scalar[val/nll_r],-0.0028553048614412546,float,outputs/save_data/ryc/tht_tripgen_20260212_234749/logs/scalars.csv,ok,scalars,,22,val/nll_r,val/nll_r
scalar_point,scalars,strategy_tht_scalars,scalars,scalar[val/nll_passenger],0.7481235861778259,float,outputs/save_data/ryc/tht_tripgen_20260212_234749/logs/scalars.csv,ok,scalars,,22,val/nll_passenger,val/nll_passenger
scalar_point,scalars,strategy_tht_scalars,scalars,scalar[val/nll_total_amount],0.40521958470344543,float,outputs/save_data/ryc/tht_tripgen_20260212_234749/logs/scalars.csv,ok,scalars,,22,val/nll_total_amount,val/nll_total_amount
scalar_point,scalars,strategy_tht_scalars,scalars,scalar[train/grad_norm],1.391794504929537,float,outputs/save_data/ryc/tht_tripgen_20260212_234749/logs/scalars.csv,ok,scalars,,22,train/grad_norm,train/grad_norm
scalar_point,scalars,strategy_tht_scalars,scalars,scalar[train/param_norm],163.31160557765335,float,outputs/save_data/ryc/tht_tripgen_20260212_234749/logs/scalars.csv,ok,scalars,,22,train/param_norm,train/param_norm
scalar_point,scalars,strategy_tht_scalars,scalars,scalar[flow/layer_logdet_mean_4],0.01175711490213871,float,outputs/save_data/ryc/tht_tripgen_20260212_234749/logs/scalars.csv,ok,scalars,,22,flow/layer_logdet_mean_4,flow/layer_logdet_mean_4
scalar_point,scalars,strategy_tht_scalars,scalars,scalar[flow/layer_logdet_std_4],0.1554190218448639,float,outputs/save_data/ryc/tht_tripgen_20260212_234749/logs/scalars.csv,ok,scalars,,22,flow/layer_logdet_std_4,flow/layer_logdet_std_4
scalar_point,scalars,strategy_tht_scalars,scalars,scalar[flow/layer_logdet_mean_3],-0.005473148077726364,float,outputs/save_data/ryc/tht_tripgen_20260212_234749/logs/scalars.csv,ok,scalars,,22,flow/layer_logdet_mean_3,flow/layer_logdet_mean_3
scalar_point,scalars,strategy_tht_scalars,scalars,scalar[flow/layer_logdet_std_3],0.0622425377368927,float,outputs/save_data/ryc/tht_tripgen_20260212_234749/logs/scalars.csv,ok,scalars,,22,flow/layer_logdet_std_3,flow/layer_logdet_std_3
scalar_point,scalars,strategy_tht_scalars,scalars,scalar[flow/layer_logdet_mean_2],0.0014226060593500733,float,outputs/save_data/ryc/tht_tripgen_20260212_234749/logs/scalars.csv,ok,scalars,,22,flow/layer_logdet_mean_2,flow/layer_logdet_mean_2
scalar_point,scalars,strategy_tht_scalars,scalars,scalar[flow/layer_logdet_std_2],0.05980608984827995,float,outputs/save_data/ryc/tht_tripgen_20260212_234749/logs/scalars.csv,ok,scalars,,22,flow/layer_logdet_std_2,flow/layer_logdet_std_2
scalar_point,scalars,strategy_tht_scalars,scalars,scalar[flow/layer_logdet_mean_1],-0.005371517036110163,float,outputs/save_data/ryc/tht_tripgen_20260212_234749/logs/scalars.csv,ok,scalars,,22,flow/layer_logdet_mean_1,flow/layer_logdet_mean_1
scalar_point,scalars,strategy_tht_scalars,scalars,scalar[flow/layer_logdet_std_1],0.10639146715402603,float,outputs/save_data/ryc/tht_tripgen_20260212_234749/logs/scalars.csv,ok,scalars,,22,flow/layer_logdet_std_1,flow/layer_logdet_std_1
scalar_point,scalars,strategy_tht_scalars,scalars,scalar[flow/layer_logdet_mean_0],0.0018480948638170958,float,outputs/save_data/ryc/tht_tripgen_20260212_234749/logs/scalars.csv,ok,scalars,,22,flow/layer_logdet_mean_0,flow/layer_logdet_mean_0
scalar_point,scalars,strategy_tht_scalars,scalars,scalar[flow/layer_logdet_std_0],0.13044579327106476,float,outputs/save_data/ryc/tht_tripgen_20260212_234749/logs/scalars.csv,ok,scalars,,22,flow/layer_logdet_std_0,flow/layer_logdet_std_0
scalar_point,scalars,strategy_tht_scalars,scalars,scalar[train/nll_total],11.766974449157715,float,outputs/save_data/ryc/tht_tripgen_20260212_234749/logs/scalars.csv,ok,scalars,,23,train/nll_total,train/nll_total
scalar_point,scalars,strategy_tht_scalars,scalars,scalar[train/nll_h],2.974701166152954,float,outputs/save_data/ryc/tht_tripgen_20260212_234749/logs/scalars.csv,ok,scalars,,23,train/nll_h,train/nll_h
scalar_point,scalars,strategy_tht_scalars,scalars,scalar[train/nll_o],3.7897024154663086,float,outputs/save_data/ryc/tht_tripgen_20260212_234749/logs/scalars.csv,ok,scalars,,23,train/nll_o,train/nll_o
scalar_point,scalars,strategy_tht_scalars,scalars,scalar[train/nll_d],3.8454980850219727,float,outputs/save_data/ryc/tht_tripgen_20260212_234749/logs/scalars.csv,ok,scalars,,23,train/nll_d,train/nll_d
scalar_point,scalars,strategy_tht_scalars,scalars,scalar[train/nll_r],-0.003702448680996895,float,outputs/save_data/ryc/tht_tripgen_20260212_234749/logs/scalars.csv,ok,scalars,,23,train/nll_r,train/nll_r
scalar_point,scalars,strategy_tht_scalars,scalars,scalar[train/nll_passenger],0.7672430276870728,float,outputs/save_data/ryc/tht_tripgen_20260212_234749/logs/scalars.csv,ok,scalars,,23,train/nll_passenger,train/nll_passenger
scalar_point,scalars,strategy_tht_scalars,scalars,scalar[train/nll_total_amount],0.393530011177063,float,outputs/save_data/ryc/tht_tripgen_20260212_234749/logs/scalars.csv,ok,scalars,,23,train/nll_total_amount,train/nll_total_amount
scalar_point,scalars,strategy_tht_scalars,scalars,scalar[val/nll_total],11.747543334960938,float,outputs/save_data/ryc/tht_tripgen_20260212_234749/logs/scalars.csv,ok,scalars,,23,val/nll_total,val/nll_total
scalar_point,scalars,strategy_tht_scalars,scalars,scalar[val/nll_h],2.9786012172698975,float,outputs/save_data/ryc/tht_tripgen_20260212_234749/logs/scalars.csv,ok,scalars,,23,val/nll_h,val/nll_h
scalar_point,scalars,strategy_tht_scalars,scalars,scalar[val/nll_o],3.781939744949341,float,outputs/save_data/ryc/tht_tripgen_20260212_234749/logs/scalars.csv,ok,scalars,,23,val/nll_o,val/nll_o
scalar_point,scalars,strategy_tht_scalars,scalars,scalar[val/nll_d],3.8421218395233154,float,outputs/save_data/ryc/tht_tripgen_20260212_234749/logs/scalars.csv,ok,scalars,,23,val/nll_d,val/nll_d
scalar_point,scalars,strategy_tht_scalars,scalars,scalar[val/nll_r],-0.002934063784778118,float,outputs/save_data/ryc/tht_tripgen_20260212_234749/logs/scalars.csv,ok,scalars,,23,val/nll_r,val/nll_r
scalar_point,scalars,strategy_tht_scalars,scalars,scalar[val/nll_passenger],0.748121976852417,float,outputs/save_data/ryc/tht_tripgen_20260212_234749/logs/scalars.csv,ok,scalars,,23,val/nll_passenger,val/nll_passenger
scalar_point,scalars,strategy_tht_scalars,scalars,scalar[val/nll_total_amount],0.39969488978385925,float,outputs/save_data/ryc/tht_tripgen_20260212_234749/logs/scalars.csv,ok,scalars,,23,val/nll_total_amount,val/nll_total_amount
scalar_point,scalars,strategy_tht_scalars,scalars,scalar[train/grad_norm],1.104513832906227,float,outputs/save_data/ryc/tht_tripgen_20260212_234749/logs/scalars.csv,ok,scalars,,23,train/grad_norm,train/grad_norm
scalar_point,scalars,strategy_tht_scalars,scalars,scalar[train/param_norm],164.82392650820856,float,outputs/save_data/ryc/tht_tripgen_20260212_234749/logs/scalars.csv,ok,scalars,,23,train/param_norm,train/param_norm
scalar_point,scalars,strategy_tht_scalars,scalars,scalar[flow/layer_logdet_mean_4],0.01185079850256443,float,outputs/save_data/ryc/tht_tripgen_20260212_234749/logs/scalars.csv,ok,scalars,,23,flow/layer_logdet_mean_4,flow/layer_logdet_mean_4
scalar_point,scalars,strategy_tht_scalars,scalars,scalar[flow/layer_logdet_std_4],0.1488320231437683,float,outputs/save_data/ryc/tht_tripgen_20260212_234749/logs/scalars.csv,ok,scalars,,23,flow/layer_logdet_std_4,flow/layer_logdet_std_4
scalar_point,scalars,strategy_tht_scalars,scalars,scalar[flow/layer_logdet_mean_3],-0.007118707988411188,float,outputs/save_data/ryc/tht_tripgen_20260212_234749/logs/scalars.csv,ok,scalars,,23,flow/layer_logdet_mean_3,flow/layer_logdet_mean_3
scalar_point,scalars,strategy_tht_scalars,scalars,scalar[flow/layer_logdet_std_3],0.06443513184785843,float,outputs/save_data/ryc/tht_tripgen_20260212_234749/logs/scalars.csv,ok,scalars,,23,flow/layer_logdet_std_3,flow/layer_logdet_std_3
scalar_point,scalars,strategy_tht_scalars,scalars,scalar[flow/layer_logdet_mean_2],7.205147994682193e-06,float,outputs/save_data/ryc/tht_tripgen_20260212_234749/logs/scalars.csv,ok,scalars,,23,flow/layer_logdet_mean_2,flow/layer_logdet_mean_2
scalar_point,scalars,strategy_tht_scalars,scalars,scalar[flow/layer_logdet_std_2],0.0608513243496418,float,outputs/save_data/ryc/tht_tripgen_20260212_234749/logs/scalars.csv,ok,scalars,,23,flow/layer_logdet_std_2,flow/layer_logdet_std_2
scalar_point,scalars,strategy_tht_scalars,scalars,scalar[flow/layer_logdet_mean_1],-0.00612711813300848,float,outputs/save_data/ryc/tht_tripgen_20260212_234749/logs/scalars.csv,ok,scalars,,23,flow/layer_logdet_mean_1,flow/layer_logdet_mean_1
scalar_point,scalars,strategy_tht_scalars,scalars,scalar[flow/layer_logdet_std_1],0.10736032575368881,float,outputs/save_data/ryc/tht_tripgen_20260212_234749/logs/scalars.csv,ok,scalars,,23,flow/layer_logdet_std_1,flow/layer_logdet_std_1
scalar_point,scalars,strategy_tht_scalars,scalars,scalar[flow/layer_logdet_mean_0],0.0036203833296895027,float,outputs/save_data/ryc/tht_tripgen_20260212_234749/logs/scalars.csv,ok,scalars,,23,flow/layer_logdet_mean_0,flow/layer_logdet_mean_0
scalar_point,scalars,strategy_tht_scalars,scalars,scalar[flow/layer_logdet_std_0],0.13008517026901245,float,outputs/save_data/ryc/tht_tripgen_20260212_234749/logs/scalars.csv,ok,scalars,,23,flow/layer_logdet_std_0,flow/layer_logdet_std_0
scalar_point,scalars,strategy_tht_scalars,scalars,scalar[train/nll_total],11.763713836669922,float,outputs/save_data/ryc/tht_tripgen_20260212_234749/logs/scalars.csv,ok,scalars,,24,train/nll_total,train/nll_total
scalar_point,scalars,strategy_tht_scalars,scalars,scalar[train/nll_h],2.9747040271759033,float,outputs/save_data/ryc/tht_tripgen_20260212_234749/logs/scalars.csv,ok,scalars,,24,train/nll_h,train/nll_h
scalar_point,scalars,strategy_tht_scalars,scalars,scalar[train/nll_o],3.7896292209625244,float,outputs/save_data/ryc/tht_tripgen_20260212_234749/logs/scalars.csv,ok,scalars,,24,train/nll_o,train/nll_o
scalar_point,scalars,strategy_tht_scalars,scalars,scalar[train/nll_d],3.844871997833252,float,outputs/save_data/ryc/tht_tripgen_20260212_234749/logs/scalars.csv,ok,scalars,,24,train/nll_d,train/nll_d
scalar_point,scalars,strategy_tht_scalars,scalars,scalar[train/nll_r],-0.003819897072389722,float,outputs/save_data/ryc/tht_tripgen_20260212_234749/logs/scalars.csv,ok,scalars,,24,train/nll_r,train/nll_r
scalar_point,scalars,strategy_tht_scalars,scalars,scalar[train/nll_passenger],0.7670179605484009,float,outputs/save_data/ryc/tht_tripgen_20260212_234749/logs/scalars.csv,ok,scalars,,24,train/nll_passenger,train/nll_passenger
scalar_point,scalars,strategy_tht_scalars,scalars,scalar[train/nll_total_amount],0.3913065195083618,float,outputs/save_data/ryc/tht_tripgen_20260212_234749/logs/scalars.csv,ok,scalars,,24,train/nll_total_amount,train/nll_total_amount
scalar_point,scalars,strategy_tht_scalars,scalars,scalar[val/nll_total],11.747337341308594,float,outputs/save_data/ryc/tht_tripgen_20260212_234749/logs/scalars.csv,ok,scalars,,24,val/nll_total,val/nll_total
scalar_point,scalars,strategy_tht_scalars,scalars,scalar[val/nll_h],2.9785006046295166,float,outputs/save_data/ryc/tht_tripgen_20260212_234749/logs/scalars.csv,ok,scalars,,24,val/nll_h,val/nll_h
scalar_point,scalars,strategy_tht_scalars,scalars,scalar[val/nll_o],3.782071113586426,float,outputs/save_data/ryc/tht_tripgen_20260212_234749/logs/scalars.csv,ok,scalars,,24,val/nll_o,val/nll_o
scalar_point,scalars,strategy_tht_scalars,scalars,scalar[val/nll_d],3.8400251865386963,float,outputs/save_data/ryc/tht_tripgen_20260212_234749/logs/scalars.csv,ok,scalars,,24,val/nll_d,val/nll_d
scalar_point,scalars,strategy_tht_scalars,scalars,scalar[val/nll_r],-0.003041375195607543,float,outputs/save_data/ryc/tht_tripgen_20260212_234749/logs/scalars.csv,ok,scalars,,24,val/nll_r,val/nll_r
scalar_point,scalars,strategy_tht_scalars,scalars,scalar[val/nll_passenger],0.7478492259979248,float,outputs/save_data/ryc/tht_tripgen_20260212_234749/logs/scalars.csv,ok,scalars,,24,val/nll_passenger,val/nll_passenger
scalar_point,scalars,strategy_tht_scalars,scalars,scalar[val/nll_total_amount],0.4019290804862976,float,outputs/save_data/ryc/tht_tripgen_20260212_234749/logs/scalars.csv,ok,scalars,,24,val/nll_total_amount,val/nll_total_amount
scalar_point,scalars,strategy_tht_scalars,scalars,scalar[train/grad_norm],1.3482662877640097,float,outputs/save_data/ryc/tht_tripgen_20260212_234749/logs/scalars.csv,ok,scalars,,24,train/grad_norm,train/grad_norm
scalar_point,scalars,strategy_tht_scalars,scalars,scalar[train/param_norm],166.32302696110622,float,outputs/save_data/ryc/tht_tripgen_20260212_234749/logs/scalars.csv,ok,scalars,,24,train/param_norm,train/param_norm
scalar_point,scalars,strategy_tht_scalars,scalars,scalar[flow/layer_logdet_mean_4],0.011537794023752213,float,outputs/save_data/ryc/tht_tripgen_20260212_234749/logs/scalars.csv,ok,scalars,,24,flow/layer_logdet_mean_4,flow/layer_logdet_mean_4
scalar_point,scalars,strategy_tht_scalars,scalars,scalar[flow/layer_logdet_std_4],0.1516609489917755,float,outputs/save_data/ryc/tht_tripgen_20260212_234749/logs/scalars.csv,ok,scalars,,24,flow/layer_logdet_std_4,flow/layer_logdet_std_4
scalar_point,scalars,strategy_tht_scalars,scalars,scalar[flow/layer_logdet_mean_3],-0.007429990917444229,float,outputs/save_data/ryc/tht_tripgen_20260212_234749/logs/scalars.csv,ok,scalars,,24,flow/layer_logdet_mean_3,flow/layer_logdet_mean_3
scalar_point,scalars,strategy_tht_scalars,scalars,scalar[flow/layer_logdet_std_3],0.06488054990768433,float,outputs/save_data/ryc/tht_tripgen_20260212_234749/logs/scalars.csv,ok,scalars,,24,flow/layer_logdet_std_3,flow/layer_logdet_std_3
scalar_point,scalars,strategy_tht_scalars,scalars,scalar[flow/layer_logdet_mean_2],-0.0006623340887017548,float,outputs/save_data/ryc/tht_tripgen_20260212_234749/logs/scalars.csv,ok,scalars,,24,flow/layer_logdet_mean_2,flow/layer_logdet_mean_2
scalar_point,scalars,strategy_tht_scalars,scalars,scalar[flow/layer_logdet_std_2],0.06763439625501633,float,outputs/save_data/ryc/tht_tripgen_20260212_234749/logs/scalars.csv,ok,scalars,,24,flow/layer_logdet_std_2,flow/layer_logdet_std_2
scalar_point,scalars,strategy_tht_scalars,scalars,scalar[flow/layer_logdet_mean_1],-0.00803939625620842,float,outputs/save_data/ryc/tht_tripgen_20260212_234749/logs/scalars.csv,ok,scalars,,24,flow/layer_logdet_mean_1,flow/layer_logdet_mean_1
scalar_point,scalars,strategy_tht_scalars,scalars,scalar[flow/layer_logdet_std_1],0.11088888347148895,float,outputs/save_data/ryc/tht_tripgen_20260212_234749/logs/scalars.csv,ok,scalars,,24,flow/layer_logdet_std_1,flow/layer_logdet_std_1
scalar_point,scalars,strategy_tht_scalars,scalars,scalar[flow/layer_logdet_mean_0],0.0005680478643625975,float,outputs/save_data/ryc/tht_tripgen_20260212_234749/logs/scalars.csv,ok,scalars,,24,flow/layer_logdet_mean_0,flow/layer_logdet_mean_0
scalar_point,scalars,strategy_tht_scalars,scalars,scalar[flow/layer_logdet_std_0],0.1317056268453598,float,outputs/save_data/ryc/tht_tripgen_20260212_234749/logs/scalars.csv,ok,scalars,,24,flow/layer_logdet_std_0,flow/layer_logdet_std_0
scalar_point,scalars,strategy_tht_scalars,scalars,scalar[train/nll_total],11.761202812194824,float,outputs/save_data/ryc/tht_tripgen_20260212_234749/logs/scalars.csv,ok,scalars,,25,train/nll_total,train/nll_total
scalar_point,scalars,strategy_tht_scalars,scalars,scalar[train/nll_h],2.974698543548584,float,outputs/save_data/ryc/tht_tripgen_20260212_234749/logs/scalars.csv,ok,scalars,,25,train/nll_h,train/nll_h
scalar_point,scalars,strategy_tht_scalars,scalars,scalar[train/nll_o],3.789532423019409,float,outputs/save_data/ryc/tht_tripgen_20260212_234749/logs/scalars.csv,ok,scalars,,25,train/nll_o,train/nll_o
scalar_point,scalars,strategy_tht_scalars,scalars,scalar[train/nll_d],3.8443450927734375,float,outputs/save_data/ryc/tht_tripgen_20260212_234749/logs/scalars.csv,ok,scalars,,25,train/nll_d,train/nll_d
scalar_point,scalars,strategy_tht_scalars,scalars,scalar[train/nll_r],-0.0038628620095551014,float,outputs/save_data/ryc/tht_tripgen_20260212_234749/logs/scalars.csv,ok,scalars,,25,train/nll_r,train/nll_r
scalar_point,scalars,strategy_tht_scalars,scalars,scalar[train/nll_passenger],0.7670089602470398,float,outputs/save_data/ryc/tht_tripgen_20260212_234749/logs/scalars.csv,ok,scalars,,25,train/nll_passenger,train/nll_passenger
scalar_point,scalars,strategy_tht_scalars,scalars,scalar[train/nll_total_amount],0.38946959376335144,float,outputs/save_data/ryc/tht_tripgen_20260212_234749/logs/scalars.csv,ok,scalars,,25,train/nll_total_amount,train/nll_total_amount
scalar_point,scalars,strategy_tht_scalars,scalars,scalar[val/nll_total],11.743182182312012,float,outputs/save_data/ryc/tht_tripgen_20260212_234749/logs/scalars.csv,ok,scalars,,25,val/nll_total,val/nll_total
scalar_point,scalars,strategy_tht_scalars,scalars,scalar[val/nll_h],2.9786245822906494,float,outputs/save_data/ryc/tht_tripgen_20260212_234749/logs/scalars.csv,ok,scalars,,25,val/nll_h,val/nll_h
scalar_point,scalars,strategy_tht_scalars,scalars,scalar[val/nll_o],3.781700372695923,float,outputs/save_data/ryc/tht_tripgen_20260212_234749/logs/scalars.csv,ok,scalars,,25,val/nll_o,val/nll_o
scalar_point,scalars,strategy_tht_scalars,scalars,scalar[val/nll_d],3.840541124343872,float,outputs/save_data/ryc/tht_tripgen_20260212_234749/logs/scalars.csv,ok,scalars,,25,val/nll_d,val/nll_d
scalar_point,scalars,strategy_tht_scalars,scalars,scalar[val/nll_r],-0.0035580506082624197,float,outputs/save_data/ryc/tht_tripgen_20260212_234749/logs/scalars.csv,ok,scalars,,25,val/nll_r,val/nll_r
scalar_point,scalars,strategy_tht_scalars,scalars,scalar[val/nll_passenger],0.74756920337677,float,outputs/save_data/ryc/tht_tripgen_20260212_234749/logs/scalars.csv,ok,scalars,,25,val/nll_passenger,val/nll_passenger
scalar_point,scalars,strategy_tht_scalars,scalars,scalar[val/nll_total_amount],0.3983044922351837,float,outputs/save_data/ryc/tht_tripgen_20260212_234749/logs/scalars.csv,ok,scalars,,25,val/nll_total_amount,val/nll_total_amount
scalar_point,scalars,strategy_tht_scalars,scalars,scalar[train/grad_norm],1.1725793297653093,float,outputs/save_data/ryc/tht_tripgen_20260212_234749/logs/scalars.csv,ok,scalars,,25,train/grad_norm,train/grad_norm
scalar_point,scalars,strategy_tht_scalars,scalars,scalar[train/param_norm],167.77471962076945,float,outputs/save_data/ryc/tht_tripgen_20260212_234749/logs/scalars.csv,ok,scalars,,25,train/param_norm,train/param_norm
scalar_point,scalars,strategy_tht_scalars,scalars,scalar[flow/layer_logdet_mean_4],0.01229056715965271,float,outputs/save_data/ryc/tht_tripgen_20260212_234749/logs/scalars.csv,ok,scalars,,25,flow/layer_logdet_mean_4,flow/layer_logdet_mean_4
scalar_point,scalars,strategy_tht_scalars,scalars,scalar[flow/layer_logdet_std_4],0.14899170398712158,float,outputs/save_data/ryc/tht_tripgen_20260212_234749/logs/scalars.csv,ok,scalars,,25,flow/layer_logdet_std_4,flow/layer_logdet_std_4
scalar_point,scalars,strategy_tht_scalars,scalars,scalar[flow/layer_logdet_mean_3],-0.0074430229142308235,float,outputs/save_data/ryc/tht_tripgen_20260212_234749/logs/scalars.csv,ok,scalars,,25,flow/layer_logdet_mean_3,flow/layer_logdet_mean_3
scalar_point,scalars,strategy_tht_scalars,scalars,scalar[flow/layer_logdet_std_3],0.0669408068060875,float,outputs/save_data/ryc/tht_tripgen_20260212_234749/logs/scalars.csv,ok,scalars,,25,flow/layer_logdet_std_3,flow/layer_logdet_std_3
scalar_point,scalars,strategy_tht_scalars,scalars,scalar[flow/layer_logdet_mean_2],0.00019831937970593572,float,outputs/save_data/ryc/tht_tripgen_20260212_234749/logs/scalars.csv,ok,scalars,,25,flow/layer_logdet_mean_2,flow/layer_logdet_mean_2
scalar_point,scalars,strategy_tht_scalars,scalars,scalar[flow/layer_logdet_std_2],0.06696195900440216,float,outputs/save_data/ryc/tht_tripgen_20260212_234749/logs/scalars.csv,ok,scalars,,25,flow/layer_logdet_std_2,flow/layer_logdet_std_2
scalar_point,scalars,strategy_tht_scalars,scalars,scalar[flow/layer_logdet_mean_1],-0.006921963766217232,float,outputs/save_data/ryc/tht_tripgen_20260212_234749/logs/scalars.csv,ok,scalars,,25,flow/layer_logdet_mean_1,flow/layer_logdet_mean_1
scalar_point,scalars,strategy_tht_scalars,scalars,scalar[flow/layer_logdet_std_1],0.10782019793987274,float,outputs/save_data/ryc/tht_tripgen_20260212_234749/logs/scalars.csv,ok,scalars,,25,flow/layer_logdet_std_1,flow/layer_logdet_std_1
scalar_point,scalars,strategy_tht_scalars,scalars,scalar[flow/layer_logdet_mean_0],0.005391804501414299,float,outputs/save_data/ryc/tht_tripgen_20260212_234749/logs/scalars.csv,ok,scalars,,25,flow/layer_logdet_mean_0,flow/layer_logdet_mean_0
scalar_point,scalars,strategy_tht_scalars,scalars,scalar[flow/layer_logdet_std_0],0.12891161441802979,float,outputs/save_data/ryc/tht_tripgen_20260212_234749/logs/scalars.csv,ok,scalars,,25,flow/layer_logdet_std_0,flow/layer_logdet_std_0
scalar_point,scalars,strategy_tht_scalars,scalars,scalar[metrics/n_real],5000.0,float,outputs/save_data/ryc/tht_tripgen_20260212_234749/logs/scalars.csv,ok,scalars,,25,metrics/n_real,metrics/n_real
scalar_point,scalars,strategy_tht_scalars,scalars,scalar[metrics/n_synth],5000.0,float,outputs/save_data/ryc/tht_tripgen_20260212_234749/logs/scalars.csv,ok,scalars,,25,metrics/n_synth,metrics/n_synth
scalar_point,scalars,strategy_tht_scalars,scalars,scalar[metrics/hour_of_day_jsd],0.0015652367621674691,float,outputs/save_data/ryc/tht_tripgen_20260212_234749/logs/scalars.csv,ok,scalars,,25,metrics/hour_of_day_jsd,metrics/hour_of_day_jsd
scalar_point,scalars,strategy_tht_scalars,scalars,scalar[metrics/hour_of_day_chi2],0.012667881864009235,float,outputs/save_data/ryc/tht_tripgen_20260212_234749/logs/scalars.csv,ok,scalars,,25,metrics/hour_of_day_chi2,metrics/hour_of_day_chi2
scalar_point,scalars,strategy_tht_scalars,scalars,scalar[metrics/day_of_week_jsd],0.0,float,outputs/save_data/ryc/tht_tripgen_20260212_234749/logs/scalars.csv,ok,scalars,,25,metrics/day_of_week_jsd,metrics/day_of_week_jsd
scalar_point,scalars,strategy_tht_scalars,scalars,scalar[metrics/day_of_week_chi2],0.0,float,outputs/save_data/ryc/tht_tripgen_20260212_234749/logs/scalars.csv,ok,scalars,,25,metrics/day_of_week_chi2,metrics/day_of_week_chi2
scalar_point,scalars,strategy_tht_scalars,scalars,scalar[metrics/pickup_id_jsd],0.00928026279129589,float,outputs/save_data/ryc/tht_tripgen_20260212_234749/logs/scalars.csv,ok,scalars,,25,metrics/pickup_id_jsd,metrics/pickup_id_jsd
scalar_point,scalars,strategy_tht_scalars,scalars,scalar[metrics/pickup_id_chi2],2880000.0372457,float,outputs/save_data/ryc/tht_tripgen_20260212_234749/logs/scalars.csv,ok,scalars,,25,metrics/pickup_id_chi2,metrics/pickup_id_chi2
scalar_point,scalars,strategy_tht_scalars,scalars,scalar[metrics/dropoff_id_jsd],0.013266161055489435,float,outputs/save_data/ryc/tht_tripgen_20260212_234749/logs/scalars.csv,ok,scalars,,25,metrics/dropoff_id_jsd,metrics/dropoff_id_jsd
scalar_point,scalars,strategy_tht_scalars,scalars,scalar[metrics/dropoff_id_chi2],3280000.071463138,float,outputs/save_data/ryc/tht_tripgen_20260212_234749/logs/scalars.csv,ok,scalars,,25,metrics/dropoff_id_chi2,metrics/dropoff_id_chi2
scalar_point,scalars,strategy_tht_scalars,scalars,scalar[metrics/od_jsd],0.18598027616992296,float,outputs/save_data/ryc/tht_tripgen_20260212_234749/logs/scalars.csv,ok,scalars,,25,metrics/od_jsd,metrics/od_jsd
scalar_point,scalars,strategy_tht_scalars,scalars,scalar[metrics/od_chi2],73120000.67200807,float,outputs/save_data/ryc/tht_tripgen_20260212_234749/logs/scalars.csv,ok,scalars,,25,metrics/od_chi2,metrics/od_chi2
scalar_point,scalars,strategy_tht_scalars,scalars,scalar[metrics/od_coverage_real],0.60557563242127,float,outputs/save_data/ryc/tht_tripgen_20260212_234749/logs/scalars.csv,ok,scalars,,25,metrics/od_coverage_real,metrics/od_coverage_real
scalar_point,scalars,strategy_tht_scalars,scalars,scalar[metrics/od_coverage_synth],0.5927235977766548,float,outputs/save_data/ryc/tht_tripgen_20260212_234749/logs/scalars.csv,ok,scalars,,25,metrics/od_coverage_synth,metrics/od_coverage_synth
scalar_point,scalars,strategy_tht_scalars,scalars,scalar[metrics/od_unique_real],1937.0,float,outputs/save_data/ryc/tht_tripgen_20260212_234749/logs/scalars.csv,ok,scalars,,25,metrics/od_unique_real,metrics/od_unique_real
scalar_point,scalars,strategy_tht_scalars,scalars,scalar[metrics/od_unique_synth],1979.0,float,outputs/save_data/ryc/tht_tripgen_20260212_234749/logs/scalars.csv,ok,scalars,,25,metrics/od_unique_synth,metrics/od_unique_synth
scalar_point,scalars,strategy_tht_scalars,scalars,scalar[metrics/time_jsd],0.008009379699874527,float,outputs/save_data/ryc/tht_tripgen_20260212_234749/logs/scalars.csv,ok,scalars,,25,metrics/time_jsd,metrics/time_jsd
scalar_point,scalars,strategy_tht_scalars,scalars,scalar[metrics/time_chi2],0.07165417231130428,float,outputs/save_data/ryc/tht_tripgen_20260212_234749/logs/scalars.csv,ok,scalars,,25,metrics/time_chi2,metrics/time_chi2
scalar_point,scalars,strategy_tht_scalars,scalars,scalar[metrics/time_coverage_real],1.0,float,outputs/save_data/ryc/tht_tripgen_20260212_234749/logs/scalars.csv,ok,scalars,,25,metrics/time_coverage_real,metrics/time_coverage_real
scalar_point,scalars,strategy_tht_scalars,scalars,scalar[metrics/time_coverage_synth],0.9861111111111112,float,outputs/save_data/ryc/tht_tripgen_20260212_234749/logs/scalars.csv,ok,scalars,,25,metrics/time_coverage_synth,metrics/time_coverage_synth
scalar_point,scalars,strategy_tht_scalars,scalars,scalar[metrics/time_unique_real],142.0,float,outputs/save_data/ryc/tht_tripgen_20260212_234749/logs/scalars.csv,ok,scalars,,25,metrics/time_unique_real,metrics/time_unique_real
scalar_point,scalars,strategy_tht_scalars,scalars,scalar[metrics/time_unique_synth],144.0,float,outputs/save_data/ryc/tht_tripgen_20260212_234749/logs/scalars.csv,ok,scalars,,25,metrics/time_unique_synth,metrics/time_unique_synth
scalar_point,scalars,strategy_tht_scalars,scalars,scalar[metrics/joint_jsd],0.6635953405722226,float,outputs/save_data/ryc/tht_tripgen_20260212_234749/logs/scalars.csv,ok,scalars,,25,metrics/joint_jsd,metrics/joint_jsd
scalar_point,scalars,strategy_tht_scalars,scalars,scalar[metrics/joint_chi2],201520000.96096668,float,outputs/save_data/ryc/tht_tripgen_20260212_234749/logs/scalars.csv,ok,scalars,,25,metrics/joint_chi2,metrics/joint_chi2
scalar_point,scalars,strategy_tht_scalars,scalars,scalar[metrics/joint_coverage_real],0.041281577325939615,float,outputs/save_data/ryc/tht_tripgen_20260212_234749/logs/scalars.csv,ok,scalars,,25,metrics/joint_coverage_real,metrics/joint_coverage_real
scalar_point,scalars,strategy_tht_scalars,scalars,scalar[metrics/joint_coverage_synth],0.041154791154791155,float,outputs/save_data/ryc/tht_tripgen_20260212_234749/logs/scalars.csv,ok,scalars,,25,metrics/joint_coverage_synth,metrics/joint_coverage_synth
scalar_point,scalars,strategy_tht_scalars,scalars,scalar[metrics/joint_unique_real],4869.0,float,outputs/save_data/ryc/tht_tripgen_20260212_234749/logs/scalars.csv,ok,scalars,,25,metrics/joint_unique_real,metrics/joint_unique_real
scalar_point,scalars,strategy_tht_scalars,scalars,scalar[metrics/joint_unique_synth],4884.0,float,outputs/save_data/ryc/tht_tripgen_20260212_234749/logs/scalars.csv,ok,scalars,,25,metrics/joint_unique_synth,metrics/joint_unique_synth
scalar_point,scalars,strategy_tht_scalars,scalars,scalar[metrics/joint_mode_dropping_ratio],0.9587184226740604,float,outputs/save_data/ryc/tht_tripgen_20260212_234749/logs/scalars.csv,ok,scalars,,25,metrics/joint_mode_dropping_ratio,metrics/joint_mode_dropping_ratio
scalar_point,scalars,strategy_tht_scalars,scalars,scalar[metrics/joint_invalid_ratio],0.9588452088452089,float,outputs/save_data/ryc/tht_tripgen_20260212_234749/logs/scalars.csv,ok,scalars,,25,metrics/joint_invalid_ratio,metrics/joint_invalid_ratio
scalar_point,scalars,strategy_tht_scalars,scalars,scalar[train/nll_total],11.758548736572266,float,outputs/save_data/ryc/tht_tripgen_20260212_234749/logs/scalars.csv,ok,scalars,,26,train/nll_total,train/nll_total
scalar_point,scalars,strategy_tht_scalars,scalars,scalar[train/nll_h],2.974705219268799,float,outputs/save_data/ryc/tht_tripgen_20260212_234749/logs/scalars.csv,ok,scalars,,26,train/nll_h,train/nll_h
scalar_point,scalars,strategy_tht_scalars,scalars,scalar[train/nll_o],3.789551019668579,float,outputs/save_data/ryc/tht_tripgen_20260212_234749/logs/scalars.csv,ok,scalars,,26,train/nll_o,train/nll_o
scalar_point,scalars,strategy_tht_scalars,scalars,scalar[train/nll_d],3.843705892562866,float,outputs/save_data/ryc/tht_tripgen_20260212_234749/logs/scalars.csv,ok,scalars,,26,train/nll_d,train/nll_d
scalar_point,scalars,strategy_tht_scalars,scalars,scalar[train/nll_r],-0.003982799127697945,float,outputs/save_data/ryc/tht_tripgen_20260212_234749/logs/scalars.csv,ok,scalars,,26,train/nll_r,train/nll_r
scalar_point,scalars,strategy_tht_scalars,scalars,scalar[train/nll_passenger],0.7668238282203674,float,outputs/save_data/ryc/tht_tripgen_20260212_234749/logs/scalars.csv,ok,scalars,,26,train/nll_passenger,train/nll_passenger
scalar_point,scalars,strategy_tht_scalars,scalars,scalar[train/nll_total_amount],0.3877488970756531,float,outputs/save_data/ryc/tht_tripgen_20260212_234749/logs/scalars.csv,ok,scalars,,26,train/nll_total_amount,train/nll_total_amount
scalar_point,scalars,strategy_tht_scalars,scalars,scalar[val/nll_total],11.742384910583496,float,outputs/save_data/ryc/tht_tripgen_20260212_234749/logs/scalars.csv,ok,scalars,,26,val/nll_total,val/nll_total
scalar_point,scalars,strategy_tht_scalars,scalars,scalar[val/nll_h],2.978632926940918,float,outputs/save_data/ryc/tht_tripgen_20260212_234749/logs/scalars.csv,ok,scalars,,26,val/nll_h,val/nll_h
scalar_point,scalars,strategy_tht_scalars,scalars,scalar[val/nll_o],3.781816005706787,float,outputs/save_data/ryc/tht_tripgen_20260212_234749/logs/scalars.csv,ok,scalars,,26,val/nll_o,val/nll_o
scalar_point,scalars,strategy_tht_scalars,scalars,scalar[val/nll_d],3.839620590209961,float,outputs/save_data/ryc/tht_tripgen_20260212_234749/logs/scalars.csv,ok,scalars,,26,val/nll_d,val/nll_d
scalar_point,scalars,strategy_tht_scalars,scalars,scalar[val/nll_r],-0.003444019006565213,float,outputs/save_data/ryc/tht_tripgen_20260212_234749/logs/scalars.csv,ok,scalars,,26,val/nll_r,val/nll_r
scalar_point,scalars,strategy_tht_scalars,scalars,scalar[val/nll_passenger],0.7477288246154785,float,outputs/save_data/ryc/tht_tripgen_20260212_234749/logs/scalars.csv,ok,scalars,,26,val/nll_passenger,val/nll_passenger
scalar_point,scalars,strategy_tht_scalars,scalars,scalar[val/nll_total_amount],0.39803147315979004,float,outputs/save_data/ryc/tht_tripgen_20260212_234749/logs/scalars.csv,ok,scalars,,26,val/nll_total_amount,val/nll_total_amount
scalar_point,scalars,strategy_tht_scalars,scalars,scalar[train/grad_norm],0.9973875573652542,float,outputs/save_data/ryc/tht_tripgen_20260212_234749/logs/scalars.csv,ok,scalars,,26,train/grad_norm,train/grad_norm
scalar_point,scalars,strategy_tht_scalars,scalars,scalar[train/param_norm],169.18833950897152,float,outputs/save_data/ryc/tht_tripgen_20260212_234749/logs/scalars.csv,ok,scalars,,26,train/param_norm,train/param_norm
scalar_point,scalars,strategy_tht_scalars,scalars,scalar[flow/layer_logdet_mean_4],0.01272592507302761,float,outputs/save_data/ryc/tht_tripgen_20260212_234749/logs/scalars.csv,ok,scalars,,26,flow/layer_logdet_mean_4,flow/layer_logdet_mean_4
scalar_point,scalars,strategy_tht_scalars,scalars,scalar[flow/layer_logdet_std_4],0.1548030823469162,float,outputs/save_data/ryc/tht_tripgen_20260212_234749/logs/scalars.csv,ok,scalars,,26,flow/layer_logdet_std_4,flow/layer_logdet_std_4
scalar_point,scalars,strategy_tht_scalars,scalars,scalar[flow/layer_logdet_mean_3],-0.007541533559560776,float,outputs/save_data/ryc/tht_tripgen_20260212_234749/logs/scalars.csv,ok,scalars,,26,flow/layer_logdet_mean_3,flow/layer_logdet_mean_3
scalar_point,scalars,strategy_tht_scalars,scalars,scalar[flow/layer_logdet_std_3],0.06460393965244293,float,outputs/save_data/ryc/tht_tripgen_20260212_234749/logs/scalars.csv,ok,scalars,,26,flow/layer_logdet_std_3,flow/layer_logdet_std_3
scalar_point,scalars,strategy_tht_scalars,scalars,scalar[flow/layer_logdet_mean_2],9.819286060519516e-05,float,outputs/save_data/ryc/tht_tripgen_20260212_234749/logs/scalars.csv,ok,scalars,,26,flow/layer_logdet_mean_2,flow/layer_logdet_mean_2
scalar_point,scalars,strategy_tht_scalars,scalars,scalar[flow/layer_logdet_std_2],0.06884200870990753,float,outputs/save_data/ryc/tht_tripgen_20260212_234749/logs/scalars.csv,ok,scalars,,26,flow/layer_logdet_std_2,flow/layer_logdet_std_2
scalar_point,scalars,strategy_tht_scalars,scalars,scalar[flow/layer_logdet_mean_1],-0.008086995221674442,float,outputs/save_data/ryc/tht_tripgen_20260212_234749/logs/scalars.csv,ok,scalars,,26,flow/layer_logdet_mean_1,flow/layer_logdet_mean_1
scalar_point,scalars,strategy_tht_scalars,scalars,scalar[flow/layer_logdet_std_1],0.1155954897403717,float,outputs/save_data/ryc/tht_tripgen_20260212_234749/logs/scalars.csv,ok,scalars,,26,flow/layer_logdet_std_1,flow/layer_logdet_std_1
scalar_point,scalars,strategy_tht_scalars,scalars,scalar[flow/layer_logdet_mean_0],0.002612265758216381,float,outputs/save_data/ryc/tht_tripgen_20260212_234749/logs/scalars.csv,ok,scalars,,26,flow/layer_logdet_mean_0,flow/layer_logdet_mean_0
scalar_point,scalars,strategy_tht_scalars,scalars,scalar[flow/layer_logdet_std_0],0.1387343853712082,float,outputs/save_data/ryc/tht_tripgen_20260212_234749/logs/scalars.csv,ok,scalars,,26,flow/layer_logdet_std_0,flow/layer_logdet_std_0
scalar_point,scalars,strategy_tht_scalars,scalars,scalar[train/nll_total],11.755751609802246,float,outputs/save_data/ryc/tht_tripgen_20260212_234749/logs/scalars.csv,ok,scalars,,27,train/nll_total,train/nll_total
scalar_point,scalars,strategy_tht_scalars,scalars,scalar[train/nll_h],2.974710702896118,float,outputs/save_data/ryc/tht_tripgen_20260212_234749/logs/scalars.csv,ok,scalars,,27,train/nll_h,train/nll_h
scalar_point,scalars,strategy_tht_scalars,scalars,scalar[train/nll_o],3.789484977722168,float,outputs/save_data/ryc/tht_tripgen_20260212_234749/logs/scalars.csv,ok,scalars,,27,train/nll_o,train/nll_o
scalar_point,scalars,strategy_tht_scalars,scalars,scalar[train/nll_d],3.843085765838623,float,outputs/save_data/ryc/tht_tripgen_20260212_234749/logs/scalars.csv,ok,scalars,,27,train/nll_d,train/nll_d
scalar_point,scalars,strategy_tht_scalars,scalars,scalar[train/nll_r],-0.004025548696517944,float,outputs/save_data/ryc/tht_tripgen_20260212_234749/logs/scalars.csv,ok,scalars,,27,train/nll_r,train/nll_r
scalar_point,scalars,strategy_tht_scalars,scalars,scalar[train/nll_passenger],0.7667638063430786,float,outputs/save_data/ryc/tht_tripgen_20260212_234749/logs/scalars.csv,ok,scalars,,27,train/nll_passenger,train/nll_passenger
scalar_point,scalars,strategy_tht_scalars,scalars,scalar[train/nll_total_amount],0.38572511076927185,float,outputs/save_data/ryc/tht_tripgen_20260212_234749/logs/scalars.csv,ok,scalars,,27,train/nll_total_amount,train/nll_total_amount
scalar_point,scalars,strategy_tht_scalars,scalars,scalar[val/nll_total],11.740898132324219,float,outputs/save_data/ryc/tht_tripgen_20260212_234749/logs/scalars.csv,ok,scalars,,27,val/nll_total,val/nll_total
scalar_point,scalars,strategy_tht_scalars,scalars,scalar[val/nll_h],2.9785618782043457,float,outputs/save_data/ryc/tht_tripgen_20260212_234749/logs/scalars.csv,ok,scalars,,27,val/nll_h,val/nll_h
scalar_point,scalars,strategy_tht_scalars,scalars,scalar[val/nll_o],3.7818996906280518,float,outputs/save_data/ryc/tht_tripgen_20260212_234749/logs/scalars.csv,ok,scalars,,27,val/nll_o,val/nll_o
scalar_point,scalars,strategy_tht_scalars,scalars,scalar[val/nll_d],3.8394174575805664,float,outputs/save_data/ryc/tht_tripgen_20260212_234749/logs/scalars.csv,ok,scalars,,27,val/nll_d,val/nll_d
scalar_point,scalars,strategy_tht_scalars,scalars,scalar[val/nll_r],-0.0033820001408457756,float,outputs/save_data/ryc/tht_tripgen_20260212_234749/logs/scalars.csv,ok,scalars,,27,val/nll_r,val/nll_r
scalar_point,scalars,strategy_tht_scalars,scalars,scalar[val/nll_passenger],0.7474279403686523,float,outputs/save_data/ryc/tht_tripgen_20260212_234749/logs/scalars.csv,ok,scalars,,27,val/nll_passenger,val/nll_passenger
scalar_point,scalars,strategy_tht_scalars,scalars,scalar[val/nll_total_amount],0.39697855710983276,float,outputs/save_data/ryc/tht_tripgen_20260212_234749/logs/scalars.csv,ok,scalars,,27,val/nll_total_amount,val/nll_total_amount
scalar_point,scalars,strategy_tht_scalars,scalars,scalar[train/grad_norm],1.1720753503970311,float,outputs/save_data/ryc/tht_tripgen_20260212_234749/logs/scalars.csv,ok,scalars,,27,train/grad_norm,train/grad_norm
scalar_point,scalars,strategy_tht_scalars,scalars,scalar[train/param_norm],170.5708119902214,float,outputs/save_data/ryc/tht_tripgen_20260212_234749/logs/scalars.csv,ok,scalars,,27,train/param_norm,train/param_norm
scalar_point,scalars,strategy_tht_scalars,scalars,scalar[flow/layer_logdet_mean_4],0.011474883183836937,float,outputs/save_data/ryc/tht_tripgen_20260212_234749/logs/scalars.csv,ok,scalars,,27,flow/layer_logdet_mean_4,flow/layer_logdet_mean_4
scalar_point,scalars,strategy_tht_scalars,scalars,scalar[flow/layer_logdet_std_4],0.14954757690429688,float,outputs/save_data/ryc/tht_tripgen_20260212_234749/logs/scalars.csv,ok,scalars,,27,flow/layer_logdet_std_4,flow/layer_logdet_std_4
scalar_point,scalars,strategy_tht_scalars,scalars,scalar[flow/layer_logdet_mean_3],-0.007378792390227318,float,outputs/save_data/ryc/tht_tripgen_20260212_234749/logs/scalars.csv,ok,scalars,,27,flow/layer_logdet_mean_3,flow/layer_logdet_mean_3
scalar_point,scalars,strategy_tht_scalars,scalars,scalar[flow/layer_logdet_std_3],0.06336913257837296,float,outputs/save_data/ryc/tht_tripgen_20260212_234749/logs/scalars.csv,ok,scalars,,27,flow/layer_logdet_std_3,flow/layer_logdet_std_3
scalar_point,scalars,strategy_tht_scalars,scalars,scalar[flow/layer_logdet_mean_2],-0.0011855365009978414,float,outputs/save_data/ryc/tht_tripgen_20260212_234749/logs/scalars.csv,ok,scalars,,27,flow/layer_logdet_mean_2,flow/layer_logdet_mean_2
scalar_point,scalars,strategy_tht_scalars,scalars,scalar[flow/layer_logdet_std_2],0.06760603189468384,float,outputs/save_data/ryc/tht_tripgen_20260212_234749/logs/scalars.csv,ok,scalars,,27,flow/layer_logdet_std_2,flow/layer_logdet_std_2
scalar_point,scalars,strategy_tht_scalars,scalars,scalar[flow/layer_logdet_mean_1],-0.008988032117486,float,outputs/save_data/ryc/tht_tripgen_20260212_234749/logs/scalars.csv,ok,scalars,,27,flow/layer_logdet_mean_1,flow/layer_logdet_mean_1
scalar_point,scalars,strategy_tht_scalars,scalars,scalar[flow/layer_logdet_std_1],0.11772198975086212,float,outputs/save_data/ryc/tht_tripgen_20260212_234749/logs/scalars.csv,ok,scalars,,27,flow/layer_logdet_std_1,flow/layer_logdet_std_1
scalar_point,scalars,strategy_tht_scalars,scalars,scalar[flow/layer_logdet_mean_0],0.0020354334264993668,float,outputs/save_data/ryc/tht_tripgen_20260212_234749/logs/scalars.csv,ok,scalars,,27,flow/layer_logdet_mean_0,flow/layer_logdet_mean_0
scalar_point,scalars,strategy_tht_scalars,scalars,scalar[flow/layer_logdet_std_0],0.13761691749095917,float,outputs/save_data/ryc/tht_tripgen_20260212_234749/logs/scalars.csv,ok,scalars,,27,flow/layer_logdet_std_0,flow/layer_logdet_std_0
scalar_point,scalars,strategy_tht_scalars,scalars,scalar[train/nll_total],11.753933906555176,float,outputs/save_data/ryc/tht_tripgen_20260212_234749/logs/scalars.csv,ok,scalars,,28,train/nll_total,train/nll_total
scalar_point,scalars,strategy_tht_scalars,scalars,scalar[train/nll_h],2.9746994972229004,float,outputs/save_data/ryc/tht_tripgen_20260212_234749/logs/scalars.csv,ok,scalars,,28,train/nll_h,train/nll_h
scalar_point,scalars,strategy_tht_scalars,scalars,scalar[train/nll_o],3.78940749168396,float,outputs/save_data/ryc/tht_tripgen_20260212_234749/logs/scalars.csv,ok,scalars,,28,train/nll_o,train/nll_o
scalar_point,scalars,strategy_tht_scalars,scalars,scalar[train/nll_d],3.842661142349243,float,outputs/save_data/ryc/tht_tripgen_20260212_234749/logs/scalars.csv,ok,scalars,,28,train/nll_d,train/nll_d
scalar_point,scalars,strategy_tht_scalars,scalars,scalar[train/nll_r],-0.0041194031946361065,float,outputs/save_data/ryc/tht_tripgen_20260212_234749/logs/scalars.csv,ok,scalars,,28,train/nll_r,train/nll_r
scalar_point,scalars,strategy_tht_scalars,scalars,scalar[train/nll_passenger],0.7666990160942078,float,outputs/save_data/ryc/tht_tripgen_20260212_234749/logs/scalars.csv,ok,scalars,,28,train/nll_passenger,train/nll_passenger
scalar_point,scalars,strategy_tht_scalars,scalars,scalar[train/nll_total_amount],0.3845859467983246,float,outputs/save_data/ryc/tht_tripgen_20260212_234749/logs/scalars.csv,ok,scalars,,28,train/nll_total_amount,train/nll_total_amount
scalar_point,scalars,strategy_tht_scalars,scalars,scalar[val/nll_total],11.743180274963379,float,outputs/save_data/ryc/tht_tripgen_20260212_234749/logs/scalars.csv,ok,scalars,,28,val/nll_total,val/nll_total
scalar_point,scalars,strategy_tht_scalars,scalars,scalar[val/nll_h],2.978649616241455,float,outputs/save_data/ryc/tht_tripgen_20260212_234749/logs/scalars.csv,ok,scalars,,28,val/nll_h,val/nll_h
scalar_point,scalars,strategy_tht_scalars,scalars,scalar[val/nll_o],3.7817537784576416,float,outputs/save_data/ryc/tht_tripgen_20260212_234749/logs/scalars.csv,ok,scalars,,28,val/nll_o,val/nll_o
scalar_point,scalars,strategy_tht_scalars,scalars,scalar[val/nll_d],3.8385069370269775,float,outputs/save_data/ryc/tht_tripgen_20260212_234749/logs/scalars.csv,ok,scalars,,28,val/nll_d,val/nll_d
scalar_point,scalars,strategy_tht_scalars,scalars,scalar[val/nll_r],-0.0034492206759750843,float,outputs/save_data/ryc/tht_tripgen_20260212_234749/logs/scalars.csv,ok,scalars,,28,val/nll_r,val/nll_r
scalar_point,scalars,strategy_tht_scalars,scalars,scalar[val/nll_passenger],0.7478436231613159,float,outputs/save_data/ryc/tht_tripgen_20260212_234749/logs/scalars.csv,ok,scalars,,28,val/nll_passenger,val/nll_passenger
scalar_point,scalars,strategy_tht_scalars,scalars,scalar[val/nll_total_amount],0.3998764157295227,float,outputs/save_data/ryc/tht_tripgen_20260212_234749/logs/scalars.csv,ok,scalars,,28,val/nll_total_amount,val/nll_total_amount
scalar_point,scalars,strategy_tht_scalars,scalars,scalar[train/grad_norm],1.0836918244689615,float,outputs/save_data/ryc/tht_tripgen_20260212_234749/logs/scalars.csv,ok,scalars,,28,train/grad_norm,train/grad_norm
scalar_point,scalars,strategy_tht_scalars,scalars,scalar[train/param_norm],171.9687622270319,float,outputs/save_data/ryc/tht_tripgen_20260212_234749/logs/scalars.csv,ok,scalars,,28,train/param_norm,train/param_norm
scalar_point,scalars,strategy_tht_scalars,scalars,scalar[flow/layer_logdet_mean_4],0.011713238433003426,float,outputs/save_data/ryc/tht_tripgen_20260212_234749/logs/scalars.csv,ok,scalars,,28,flow/layer_logdet_mean_4,flow/layer_logdet_mean_4
scalar_point,scalars,strategy_tht_scalars,scalars,scalar[flow/layer_logdet_std_4],0.15239539742469788,float,outputs/save_data/ryc/tht_tripgen_20260212_234749/logs/scalars.csv,ok,scalars,,28,flow/layer_logdet_std_4,flow/layer_logdet_std_4
scalar_point,scalars,strategy_tht_scalars,scalars,scalar[flow/layer_logdet_mean_3],-0.006332126911729574,float,outputs/save_data/ryc/tht_tripgen_20260212_234749/logs/scalars.csv,ok,scalars,,28,flow/layer_logdet_mean_3,flow/layer_logdet_mean_3
scalar_point,scalars,strategy_tht_scalars,scalars,scalar[flow/layer_logdet_std_3],0.0641828328371048,float,outputs/save_data/ryc/tht_tripgen_20260212_234749/logs/scalars.csv,ok,scalars,,28,flow/layer_logdet_std_3,flow/layer_logdet_std_3
scalar_point,scalars,strategy_tht_scalars,scalars,scalar[flow/layer_logdet_mean_2],-0.001111027435399592,float,outputs/save_data/ryc/tht_tripgen_20260212_234749/logs/scalars.csv,ok,scalars,,28,flow/layer_logdet_mean_2,flow/layer_logdet_mean_2
scalar_point,scalars,strategy_tht_scalars,scalars,scalar[flow/layer_logdet_std_2],0.07145898044109344,float,outputs/save_data/ryc/tht_tripgen_20260212_234749/logs/scalars.csv,ok,scalars,,28,flow/layer_logdet_std_2,flow/layer_logdet_std_2
scalar_point,scalars,strategy_tht_scalars,scalars,scalar[flow/layer_logdet_mean_1],-0.00953429751098156,float,outputs/save_data/ryc/tht_tripgen_20260212_234749/logs/scalars.csv,ok,scalars,,28,flow/layer_logdet_mean_1,flow/layer_logdet_mean_1
scalar_point,scalars,strategy_tht_scalars,scalars,scalar[flow/layer_logdet_std_1],0.12232618778944016,float,outputs/save_data/ryc/tht_tripgen_20260212_234749/logs/scalars.csv,ok,scalars,,28,flow/layer_logdet_std_1,flow/layer_logdet_std_1
scalar_point,scalars,strategy_tht_scalars,scalars,scalar[flow/layer_logdet_mean_0],0.001892612548545003,float,outputs/save_data/ryc/tht_tripgen_20260212_234749/logs/scalars.csv,ok,scalars,,28,flow/layer_logdet_mean_0,flow/layer_logdet_mean_0
scalar_point,scalars,strategy_tht_scalars,scalars,scalar[flow/layer_logdet_std_0],0.14179719984531403,float,outputs/save_data/ryc/tht_tripgen_20260212_234749/logs/scalars.csv,ok,scalars,,28,flow/layer_logdet_std_0,flow/layer_logdet_std_0
scalar_point,scalars,strategy_tht_scalars,scalars,scalar[train/nll_total],11.751691818237305,float,outputs/save_data/ryc/tht_tripgen_20260212_234749/logs/scalars.csv,ok,scalars,,29,train/nll_total,train/nll_total
scalar_point,scalars,strategy_tht_scalars,scalars,scalar[train/nll_h],2.974698305130005,float,outputs/save_data/ryc/tht_tripgen_20260212_234749/logs/scalars.csv,ok,scalars,,29,train/nll_h,train/nll_h
scalar_point,scalars,strategy_tht_scalars,scalars,scalar[train/nll_o],3.789344310760498,float,outputs/save_data/ryc/tht_tripgen_20260212_234749/logs/scalars.csv,ok,scalars,,29,train/nll_o,train/nll_o
scalar_point,scalars,strategy_tht_scalars,scalars,scalar[train/nll_d],3.842343807220459,float,outputs/save_data/ryc/tht_tripgen_20260212_234749/logs/scalars.csv,ok,scalars,,29,train/nll_d,train/nll_d
scalar_point,scalars,strategy_tht_scalars,scalars,scalar[train/nll_r],-0.004137199837714434,float,outputs/save_data/ryc/tht_tripgen_20260212_234749/logs/scalars.csv,ok,scalars,,29,train/nll_r,train/nll_r
scalar_point,scalars,strategy_tht_scalars,scalars,scalar[train/nll_passenger],0.7665950655937195,float,outputs/save_data/ryc/tht_tripgen_20260212_234749/logs/scalars.csv,ok,scalars,,29,train/nll_passenger,train/nll_passenger
scalar_point,scalars,strategy_tht_scalars,scalars,scalar[train/nll_total_amount],0.3828575313091278,float,outputs/save_data/ryc/tht_tripgen_20260212_234749/logs/scalars.csv,ok,scalars,,29,train/nll_total_amount,train/nll_total_amount
scalar_point,scalars,strategy_tht_scalars,scalars,scalar[val/nll_total],11.739381790161133,float,outputs/save_data/ryc/tht_tripgen_20260212_234749/logs/scalars.csv,ok,scalars,,29,val/nll_total,val/nll_total
scalar_point,scalars,strategy_tht_scalars,scalars,scalar[val/nll_h],2.9785690307617188,float,outputs/save_data/ryc/tht_tripgen_20260212_234749/logs/scalars.csv,ok,scalars,,29,val/nll_h,val/nll_h
scalar_point,scalars,strategy_tht_scalars,scalars,scalar[val/nll_o],3.7818634510040283,float,outputs/save_data/ryc/tht_tripgen_20260212_234749/logs/scalars.csv,ok,scalars,,29,val/nll_o,val/nll_o
scalar_point,scalars,strategy_tht_scalars,scalars,scalar[val/nll_d],3.8388044834136963,float,outputs/save_data/ryc/tht_tripgen_20260212_234749/logs/scalars.csv,ok,scalars,,29,val/nll_d,val/nll_d
scalar_point,scalars,strategy_tht_scalars,scalars,scalar[val/nll_r],-0.0033957031555473804,float,outputs/save_data/ryc/tht_tripgen_20260212_234749/logs/scalars.csv,ok,scalars,,29,val/nll_r,val/nll_r
scalar_point,scalars,strategy_tht_scalars,scalars,scalar[val/nll_passenger],0.7477141618728638,float,outputs/save_data/ryc/tht_tripgen_20260212_234749/logs/scalars.csv,ok,scalars,,29,val/nll_passenger,val/nll_passenger
scalar_point,scalars,strategy_tht_scalars,scalars,scalar[val/nll_total_amount],0.39582327008247375,float,outputs/save_data/ryc/tht_tripgen_20260212_234749/logs/scalars.csv,ok,scalars,,29,val/nll_total_amount,val/nll_total_amount
scalar_point,scalars,strategy_tht_scalars,scalars,scalar[train/grad_norm],1.141687184716539,float,outputs/save_data/ryc/tht_tripgen_20260212_234749/logs/scalars.csv,ok,scalars,,29,train/grad_norm,train/grad_norm
scalar_point,scalars,strategy_tht_scalars,scalars,scalar[train/param_norm],173.28986342263386,float,outputs/save_data/ryc/tht_tripgen_20260212_234749/logs/scalars.csv,ok,scalars,,29,train/param_norm,train/param_norm
scalar_point,scalars,strategy_tht_scalars,scalars,scalar[flow/layer_logdet_mean_4],0.011951879598200321,float,outputs/save_data/ryc/tht_tripgen_20260212_234749/logs/scalars.csv,ok,scalars,,29,flow/layer_logdet_mean_4,flow/layer_logdet_mean_4
scalar_point,scalars,strategy_tht_scalars,scalars,scalar[flow/layer_logdet_std_4],0.15335170924663544,float,outputs/save_data/ryc/tht_tripgen_20260212_234749/logs/scalars.csv,ok,scalars,,29,flow/layer_logdet_std_4,flow/layer_logdet_std_4
scalar_point,scalars,strategy_tht_scalars,scalars,scalar[flow/layer_logdet_mean_3],-0.007505154702812433,float,outputs/save_data/ryc/tht_tripgen_20260212_234749/logs/scalars.csv,ok,scalars,,29,flow/layer_logdet_mean_3,flow/layer_logdet_mean_3
scalar_point,scalars,strategy_tht_scalars,scalars,scalar[flow/layer_logdet_std_3],0.06621874868869781,float,outputs/save_data/ryc/tht_tripgen_20260212_234749/logs/scalars.csv,ok,scalars,,29,flow/layer_logdet_std_3,flow/layer_logdet_std_3
scalar_point,scalars,strategy_tht_scalars,scalars,scalar[flow/layer_logdet_mean_2],0.0006957332952879369,float,outputs/save_data/ryc/tht_tripgen_20260212_234749/logs/scalars.csv,ok,scalars,,29,flow/layer_logdet_mean_2,flow/layer_logdet_mean_2
scalar_point,scalars,strategy_tht_scalars,scalars,scalar[flow/layer_logdet_std_2],0.07060205936431885,float,outputs/save_data/ryc/tht_tripgen_20260212_234749/logs/scalars.csv,ok,scalars,,29,flow/layer_logdet_std_2,flow/layer_logdet_std_2
scalar_point,scalars,strategy_tht_scalars,scalars,scalar[flow/layer_logdet_mean_1],-0.006651420146226883,float,outputs/save_data/ryc/tht_tripgen_20260212_234749/logs/scalars.csv,ok,scalars,,29,flow/layer_logdet_mean_1,flow/layer_logdet_mean_1
scalar_point,scalars,strategy_tht_scalars,scalars,scalar[flow/layer_logdet_std_1],0.11640369147062302,float,outputs/save_data/ryc/tht_tripgen_20260212_234749/logs/scalars.csv,ok,scalars,,29,flow/layer_logdet_std_1,flow/layer_logdet_std_1
scalar_point,scalars,strategy_tht_scalars,scalars,scalar[flow/layer_logdet_mean_0],0.0019363929750397801,float,outputs/save_data/ryc/tht_tripgen_20260212_234749/logs/scalars.csv,ok,scalars,,29,flow/layer_logdet_mean_0,flow/layer_logdet_mean_0
scalar_point,scalars,strategy_tht_scalars,scalars,scalar[flow/layer_logdet_std_0],0.13948115706443787,float,outputs/save_data/ryc/tht_tripgen_20260212_234749/logs/scalars.csv,ok,scalars,,29,flow/layer_logdet_std_0,flow/layer_logdet_std_0
scalar_point,scalars,strategy_tht_scalars,scalars,scalar[train/nll_total],11.750235557556152,float,outputs/save_data/ryc/tht_tripgen_20260212_234749/logs/scalars.csv,ok,scalars,,30,train/nll_total,train/nll_total
scalar_point,scalars,strategy_tht_scalars,scalars,scalar[train/nll_h],2.9746997356414795,float,outputs/save_data/ryc/tht_tripgen_20260212_234749/logs/scalars.csv,ok,scalars,,30,train/nll_h,train/nll_h
scalar_point,scalars,strategy_tht_scalars,scalars,scalar[train/nll_o],3.789320707321167,float,outputs/save_data/ryc/tht_tripgen_20260212_234749/logs/scalars.csv,ok,scalars,,30,train/nll_o,train/nll_o
scalar_point,scalars,strategy_tht_scalars,scalars,scalar[train/nll_d],3.8417134284973145,float,outputs/save_data/ryc/tht_tripgen_20260212_234749/logs/scalars.csv,ok,scalars,,30,train/nll_d,train/nll_d
scalar_point,scalars,strategy_tht_scalars,scalars,scalar[train/nll_r],-0.004241333343088627,float,outputs/save_data/ryc/tht_tripgen_20260212_234749/logs/scalars.csv,ok,scalars,,30,train/nll_r,train/nll_r
scalar_point,scalars,strategy_tht_scalars,scalars,scalar[train/nll_passenger],0.766552209854126,float,outputs/save_data/ryc/tht_tripgen_20260212_234749/logs/scalars.csv,ok,scalars,,30,train/nll_passenger,train/nll_passenger
scalar_point,scalars,strategy_tht_scalars,scalars,scalar[train/nll_total_amount],0.38219237327575684,float,outputs/save_data/ryc/tht_tripgen_20260212_234749/logs/scalars.csv,ok,scalars,,30,train/nll_total_amount,train/nll_total_amount
scalar_point,scalars,strategy_tht_scalars,scalars,scalar[val/nll_total],11.737275123596191,float,outputs/save_data/ryc/tht_tripgen_20260212_234749/logs/scalars.csv,ok,scalars,,30,val/nll_total,val/nll_total
scalar_point,scalars,strategy_tht_scalars,scalars,scalar[val/nll_h],2.9785587787628174,float,outputs/save_data/ryc/tht_tripgen_20260212_234749/logs/scalars.csv,ok,scalars,,30,val/nll_h,val/nll_h
scalar_point,scalars,strategy_tht_scalars,scalars,scalar[val/nll_o],3.7817916870117188,float,outputs/save_data/ryc/tht_tripgen_20260212_234749/logs/scalars.csv,ok,scalars,,30,val/nll_o,val/nll_o
scalar_point,scalars,strategy_tht_scalars,scalars,scalar[val/nll_d],3.838168144226074,float,outputs/save_data/ryc/tht_tripgen_20260212_234749/logs/scalars.csv,ok,scalars,,30,val/nll_d,val/nll_d
scalar_point,scalars,strategy_tht_scalars,scalars,scalar[val/nll_r],-0.003481832332909107,float,outputs/save_data/ryc/tht_tripgen_20260212_234749/logs/scalars.csv,ok,scalars,,30,val/nll_r,val/nll_r
scalar_point,scalars,strategy_tht_scalars,scalars,scalar[val/nll_passenger],0.7473950386047363,float,outputs/save_data/ryc/tht_tripgen_20260212_234749/logs/scalars.csv,ok,scalars,,30,val/nll_passenger,val/nll_passenger
scalar_point,scalars,strategy_tht_scalars,scalars,scalar[val/nll_total_amount],0.39484360814094543,float,outputs/save_data/ryc/tht_tripgen_20260212_234749/logs/scalars.csv,ok,scalars,,30,val/nll_total_amount,val/nll_total_amount
scalar_point,scalars,strategy_tht_scalars,scalars,scalar[train/grad_norm],1.1374550160046786,float,outputs/save_data/ryc/tht_tripgen_20260212_234749/logs/scalars.csv,ok,scalars,,30,train/grad_norm,train/grad_norm
scalar_point,scalars,strategy_tht_scalars,scalars,scalar[train/param_norm],174.61231118852675,float,outputs/save_data/ryc/tht_tripgen_20260212_234749/logs/scalars.csv,ok,scalars,,30,train/param_norm,train/param_norm
scalar_point,scalars,strategy_tht_scalars,scalars,scalar[flow/layer_logdet_mean_4],0.011093408800661564,float,outputs/save_data/ryc/tht_tripgen_20260212_234749/logs/scalars.csv,ok,scalars,,30,flow/layer_logdet_mean_4,flow/layer_logdet_mean_4
scalar_point,scalars,strategy_tht_scalars,scalars,scalar[flow/layer_logdet_std_4],0.1519475281238556,float,outputs/save_data/ryc/tht_tripgen_20260212_234749/logs/scalars.csv,ok,scalars,,30,flow/layer_logdet_std_4,flow/layer_logdet_std_4
scalar_point,scalars,strategy_tht_scalars,scalars,scalar[flow/layer_logdet_mean_3],-0.007500373758375645,float,outputs/save_data/ryc/tht_tripgen_20260212_234749/logs/scalars.csv,ok,scalars,,30,flow/layer_logdet_mean_3,flow/layer_logdet_mean_3
scalar_point,scalars,strategy_tht_scalars,scalars,scalar[flow/layer_logdet_std_3],0.06858570873737335,float,outputs/save_data/ryc/tht_tripgen_20260212_234749/logs/scalars.csv,ok,scalars,,30,flow/layer_logdet_std_3,flow/layer_logdet_std_3
scalar_point,scalars,strategy_tht_scalars,scalars,scalar[flow/layer_logdet_mean_2],0.0007183636189438403,float,outputs/save_data/ryc/tht_tripgen_20260212_234749/logs/scalars.csv,ok,scalars,,30,flow/layer_logdet_mean_2,flow/layer_logdet_mean_2
scalar_point,scalars,strategy_tht_scalars,scalars,scalar[flow/layer_logdet_std_2],0.07022880017757416,float,outputs/save_data/ryc/tht_tripgen_20260212_234749/logs/scalars.csv,ok,scalars,,30,flow/layer_logdet_std_2,flow/layer_logdet_std_2
scalar_point,scalars,strategy_tht_scalars,scalars,scalar[flow/layer_logdet_mean_1],-0.008980249054729939,float,outputs/save_data/ryc/tht_tripgen_20260212_234749/logs/scalars.csv,ok,scalars,,30,flow/layer_logdet_mean_1,flow/layer_logdet_mean_1
scalar_point,scalars,strategy_tht_scalars,scalars,scalar[flow/layer_logdet_std_1],0.12035071849822998,float,outputs/save_data/ryc/tht_tripgen_20260212_234749/logs/scalars.csv,ok,scalars,,30,flow/layer_logdet_std_1,flow/layer_logdet_std_1
scalar_point,scalars,strategy_tht_scalars,scalars,scalar[flow/layer_logdet_mean_0],0.003474116325378418,float,outputs/save_data/ryc/tht_tripgen_20260212_234749/logs/scalars.csv,ok,scalars,,30,flow/layer_logdet_mean_0,flow/layer_logdet_mean_0
scalar_point,scalars,strategy_tht_scalars,scalars,scalar[flow/layer_logdet_std_0],0.14288455247879028,float,outputs/save_data/ryc/tht_tripgen_20260212_234749/logs/scalars.csv,ok,scalars,,30,flow/layer_logdet_std_0,flow/layer_logdet_std_0
scalar_point,scalars,strategy_tht_scalars,scalars,scalar[metrics/n_real],5000.0,float,outputs/save_data/ryc/tht_tripgen_20260212_234749/logs/scalars.csv,ok,scalars,,30,metrics/n_real,metrics/n_real
scalar_point,scalars,strategy_tht_scalars,scalars,scalar[metrics/n_synth],5000.0,float,outputs/save_data/ryc/tht_tripgen_20260212_234749/logs/scalars.csv,ok,scalars,,30,metrics/n_synth,metrics/n_synth
scalar_point,scalars,strategy_tht_scalars,scalars,scalar[metrics/hour_of_day_jsd],0.0008112127328035244,float,outputs/save_data/ryc/tht_tripgen_20260212_234749/logs/scalars.csv,ok,scalars,,30,metrics/hour_of_day_jsd,metrics/hour_of_day_jsd
scalar_point,scalars,strategy_tht_scalars,scalars,scalar[metrics/hour_of_day_chi2],0.00717913344691644,float,outputs/save_data/ryc/tht_tripgen_20260212_234749/logs/scalars.csv,ok,scalars,,30,metrics/hour_of_day_chi2,metrics/hour_of_day_chi2
scalar_point,scalars,strategy_tht_scalars,scalars,scalar[metrics/day_of_week_jsd],0.0,float,outputs/save_data/ryc/tht_tripgen_20260212_234749/logs/scalars.csv,ok,scalars,,30,metrics/day_of_week_jsd,metrics/day_of_week_jsd
scalar_point,scalars,strategy_tht_scalars,scalars,scalar[metrics/day_of_week_chi2],0.0,float,outputs/save_data/ryc/tht_tripgen_20260212_234749/logs/scalars.csv,ok,scalars,,30,metrics/day_of_week_chi2,metrics/day_of_week_chi2
scalar_point,scalars,strategy_tht_scalars,scalars,scalar[metrics/pickup_id_jsd],0.010062914423424165,float,outputs/save_data/ryc/tht_tripgen_20260212_234749/logs/scalars.csv,ok,scalars,,30,metrics/pickup_id_jsd,metrics/pickup_id_jsd
scalar_point,scalars,strategy_tht_scalars,scalars,scalar[metrics/pickup_id_chi2],2920000.044851788,float,outputs/save_data/ryc/tht_tripgen_20260212_234749/logs/scalars.csv,ok,scalars,,30,metrics/pickup_id_chi2,metrics/pickup_id_chi2
scalar_point,scalars,strategy_tht_scalars,scalars,scalar[metrics/dropoff_id_jsd],0.01133800391131359,float,outputs/save_data/ryc/tht_tripgen_20260212_234749/logs/scalars.csv,ok,scalars,,30,metrics/dropoff_id_jsd,metrics/dropoff_id_jsd
scalar_point,scalars,strategy_tht_scalars,scalars,scalar[metrics/dropoff_id_chi2],3400000.0500568994,float,outputs/save_data/ryc/tht_tripgen_20260212_234749/logs/scalars.csv,ok,scalars,,30,metrics/dropoff_id_chi2,metrics/dropoff_id_chi2
scalar_point,scalars,strategy_tht_scalars,scalars,scalar[metrics/od_jsd],0.17573050176714927,float,outputs/save_data/ryc/tht_tripgen_20260212_234749/logs/scalars.csv,ok,scalars,,30,metrics/od_jsd,metrics/od_jsd
scalar_point,scalars,strategy_tht_scalars,scalars,scalar[metrics/od_chi2],61880000.62059655,float,outputs/save_data/ryc/tht_tripgen_20260212_234749/logs/scalars.csv,ok,scalars,,30,metrics/od_chi2,metrics/od_chi2
scalar_point,scalars,strategy_tht_scalars,scalars,scalar[metrics/od_coverage_real],0.6200309757356737,float,outputs/save_data/ryc/tht_tripgen_20260212_234749/logs/scalars.csv,ok,scalars,,30,metrics/od_coverage_real,metrics/od_coverage_real
scalar_point,scalars,strategy_tht_scalars,scalars,scalar[metrics/od_coverage_synth],0.5999000999000998,float,outputs/save_data/ryc/tht_tripgen_20260212_234749/logs/scalars.csv,ok,scalars,,30,metrics/od_coverage_synth,metrics/od_coverage_synth
scalar_point,scalars,strategy_tht_scalars,scalars,scalar[metrics/od_unique_real],1937.0,float,outputs/save_data/ryc/tht_tripgen_20260212_234749/logs/scalars.csv,ok,scalars,,30,metrics/od_unique_real,metrics/od_unique_real
scalar_point,scalars,strategy_tht_scalars,scalars,scalar[metrics/od_unique_synth],2002.0,float,outputs/save_data/ryc/tht_tripgen_20260212_234749/logs/scalars.csv,ok,scalars,,30,metrics/od_unique_synth,metrics/od_unique_synth
scalar_point,scalars,strategy_tht_scalars,scalars,scalar[metrics/time_jsd],0.007458876741833588,float,outputs/save_data/ryc/tht_tripgen_20260212_234749/logs/scalars.csv,ok,scalars,,30,metrics/time_jsd,metrics/time_jsd
scalar_point,scalars,strategy_tht_scalars,scalars,scalar[metrics/time_chi2],1000000.0727624004,float,outputs/save_data/ryc/tht_tripgen_20260212_234749/logs/scalars.csv,ok,scalars,,30,metrics/time_chi2,metrics/time_chi2
scalar_point,scalars,strategy_tht_scalars,scalars,scalar[metrics/time_coverage_real],0.9859154929577465,float,outputs/save_data/ryc/tht_tripgen_20260212_234749/logs/scalars.csv,ok,scalars,,30,metrics/time_coverage_real,metrics/time_coverage_real
scalar_point,scalars,strategy_tht_scalars,scalars,scalar[metrics/time_coverage_synth],0.9859154929577465,float,outputs/save_data/ryc/tht_tripgen_20260212_234749/logs/scalars.csv,ok,scalars,,30,metrics/time_coverage_synth,metrics/time_coverage_synth
scalar_point,scalars,strategy_tht_scalars,scalars,scalar[metrics/time_unique_real],142.0,float,outputs/save_data/ryc/tht_tripgen_20260212_234749/logs/scalars.csv,ok,scalars,,30,metrics/time_unique_real,metrics/time_unique_real
scalar_point,scalars,strategy_tht_scalars,scalars,scalar[metrics/time_unique_synth],142.0,float,outputs/save_data/ryc/tht_tripgen_20260212_234749/logs/scalars.csv,ok,scalars,,30,metrics/time_unique_synth,metrics/time_unique_synth
scalar_point,scalars,strategy_tht_scalars,scalars,scalar[metrics/joint_jsd],0.6593841327039865,float,outputs/save_data/ryc/tht_tripgen_20260212_234749/logs/scalars.csv,ok,scalars,,30,metrics/joint_jsd,metrics/joint_jsd
scalar_point,scalars,strategy_tht_scalars,scalars,scalar[metrics/joint_chi2],200240000.9544,float,outputs/save_data/ryc/tht_tripgen_20260212_234749/logs/scalars.csv,ok,scalars,,30,metrics/joint_chi2,metrics/joint_chi2
scalar_point,scalars,strategy_tht_scalars,scalars,scalar[metrics/joint_coverage_real],0.04826453070445677,float,outputs/save_data/ryc/tht_tripgen_20260212_234749/logs/scalars.csv,ok,scalars,,30,metrics/joint_coverage_real,metrics/joint_coverage_real
scalar_point,scalars,strategy_tht_scalars,scalars,scalar[metrics/joint_coverage_synth],0.04802779480891069,float,outputs/save_data/ryc/tht_tripgen_20260212_234749/logs/scalars.csv,ok,scalars,,30,metrics/joint_coverage_synth,metrics/joint_coverage_synth
scalar_point,scalars,strategy_tht_scalars,scalars,scalar[metrics/joint_unique_real],4869.0,float,outputs/save_data/ryc/tht_tripgen_20260212_234749/logs/scalars.csv,ok,scalars,,30,metrics/joint_unique_real,metrics/joint_unique_real
scalar_point,scalars,strategy_tht_scalars,scalars,scalar[metrics/joint_unique_synth],4893.0,float,outputs/save_data/ryc/tht_tripgen_20260212_234749/logs/scalars.csv,ok,scalars,,30,metrics/joint_unique_synth,metrics/joint_unique_synth
scalar_point,scalars,strategy_tht_scalars,scalars,scalar[metrics/joint_mode_dropping_ratio],0.9517354692955432,float,outputs/save_data/ryc/tht_tripgen_20260212_234749/logs/scalars.csv,ok,scalars,,30,metrics/joint_mode_dropping_ratio,metrics/joint_mode_dropping_ratio
scalar_point,scalars,strategy_tht_scalars,scalars,scalar[metrics/joint_invalid_ratio],0.9519722051910893,float,outputs/save_data/ryc/tht_tripgen_20260212_234749/logs/scalars.csv,ok,scalars,,30,metrics/joint_invalid_ratio,metrics/joint_invalid_ratio
log_event_train,log,strategy_tht_log,log,log.train_metric,13.024,float,outputs/logs/tht_tripgen_20260212_234749/train_tht_tripgen.log,ok,log,1,,,train_metric
log_event_val,log,strategy_tht_log,log,log.val_metric,12.4621,float,outputs/logs/tht_tripgen_20260212_234749/train_tht_tripgen.log,ok,log,1,,,val_metric
log_event_train,log,strategy_tht_log,log,log.train_metric,12.3762,float,outputs/logs/tht_tripgen_20260212_234749/train_tht_tripgen.log,ok,log,2,,,train_metric
log_event_val,log,strategy_tht_log,log,log.val_metric,12.1925,float,outputs/logs/tht_tripgen_20260212_234749/train_tht_tripgen.log,ok,log,2,,,val_metric
log_event_train,log,strategy_tht_log,log,log.train_metric,12.1756,float,outputs/logs/tht_tripgen_20260212_234749/train_tht_tripgen.log,ok,log,3,,,train_metric
log_event_val,log,strategy_tht_log,log,log.val_metric,12.032,float,outputs/logs/tht_tripgen_20260212_234749/train_tht_tripgen.log,ok,log,3,,,val_metric
log_event_train,log,strategy_tht_log,log,log.train_metric,12.0541,float,outputs/logs/tht_tripgen_20260212_234749/train_tht_tripgen.log,ok,log,4,,,train_metric
log_event_val,log,strategy_tht_log,log,log.val_metric,11.9516,float,outputs/logs/tht_tripgen_20260212_234749/train_tht_tripgen.log,ok,log,4,,,val_metric
log_event_train,log,strategy_tht_log,log,log.train_metric,11.9863,float,outputs/logs/tht_tripgen_20260212_234749/train_tht_tripgen.log,ok,log,5,,,train_metric
log_event_val,log,strategy_tht_log,log,log.val_metric,11.9082,float,outputs/logs/tht_tripgen_20260212_234749/train_tht_tripgen.log,ok,log,5,,,val_metric
log_event_train,log,strategy_tht_log,log,log.train_metric,11.9421,float,outputs/logs/tht_tripgen_20260212_234749/train_tht_tripgen.log,ok,log,6,,,train_metric
log_event_val,log,strategy_tht_log,log,log.val_metric,11.8692,float,outputs/logs/tht_tripgen_20260212_234749/train_tht_tripgen.log,ok,log,6,,,val_metric
log_event_train,log,strategy_tht_log,log,log.train_metric,11.9099,float,outputs/logs/tht_tripgen_20260212_234749/train_tht_tripgen.log,ok,log,7,,,train_metric
log_event_val,log,strategy_tht_log,log,log.val_metric,11.8568,float,outputs/logs/tht_tripgen_20260212_234749/train_tht_tripgen.log,ok,log,7,,,val_metric
log_event_train,log,strategy_tht_log,log,log.train_metric,11.885,float,outputs/logs/tht_tripgen_20260212_234749/train_tht_tripgen.log,ok,log,8,,,train_metric
log_event_val,log,strategy_tht_log,log,log.val_metric,11.8299,float,outputs/logs/tht_tripgen_20260212_234749/train_tht_tripgen.log,ok,log,8,,,val_metric
log_event_train,log,strategy_tht_log,log,log.train_metric,11.8651,float,outputs/logs/tht_tripgen_20260212_234749/train_tht_tripgen.log,ok,log,9,,,train_metric
log_event_val,log,strategy_tht_log,log,log.val_metric,11.8157,float,outputs/logs/tht_tripgen_20260212_234749/train_tht_tripgen.log,ok,log,9,,,val_metric
log_event_train,log,strategy_tht_log,log,log.train_metric,11.8488,float,outputs/logs/tht_tripgen_20260212_234749/train_tht_tripgen.log,ok,log,10,,,train_metric
log_event_val,log,strategy_tht_log,log,log.val_metric,11.8046,float,outputs/logs/tht_tripgen_20260212_234749/train_tht_tripgen.log,ok,log,10,,,val_metric
log_event_train,log,strategy_tht_log,log,log.train_metric,11.836,float,outputs/logs/tht_tripgen_20260212_234749/train_tht_tripgen.log,ok,log,11,,,train_metric
log_event_val,log,strategy_tht_log,log,log.val_metric,11.7863,float,outputs/logs/tht_tripgen_20260212_234749/train_tht_tripgen.log,ok,log,11,,,val_metric
log_event_train,log,strategy_tht_log,log,log.train_metric,11.8254,float,outputs/logs/tht_tripgen_20260212_234749/train_tht_tripgen.log,ok,log,12,,,train_metric
log_event_val,log,strategy_tht_log,log,log.val_metric,11.7876,float,outputs/logs/tht_tripgen_20260212_234749/train_tht_tripgen.log,ok,log,12,,,val_metric
log_event_train,log,strategy_tht_log,log,log.train_metric,11.8161,float,outputs/logs/tht_tripgen_20260212_234749/train_tht_tripgen.log,ok,log,13,,,train_metric
log_event_val,log,strategy_tht_log,log,log.val_metric,11.7805,float,outputs/logs/tht_tripgen_20260212_234749/train_tht_tripgen.log,ok,log,13,,,val_metric
log_event_train,log,strategy_tht_log,log,log.train_metric,11.8081,float,outputs/logs/tht_tripgen_20260212_234749/train_tht_tripgen.log,ok,log,14,,,train_metric
log_event_val,log,strategy_tht_log,log,log.val_metric,11.7706,float,outputs/logs/tht_tripgen_20260212_234749/train_tht_tripgen.log,ok,log,14,,,val_metric
log_event_train,log,strategy_tht_log,log,log.train_metric,11.8017,float,outputs/logs/tht_tripgen_20260212_234749/train_tht_tripgen.log,ok,log,15,,,train_metric
log_event_val,log,strategy_tht_log,log,log.val_metric,11.7699,float,outputs/logs/tht_tripgen_20260212_234749/train_tht_tripgen.log,ok,log,15,,,val_metric
log_event_train,log,strategy_tht_log,log,log.train_metric,11.7951,float,outputs/logs/tht_tripgen_20260212_234749/train_tht_tripgen.log,ok,log,16,,,train_metric
log_event_val,log,strategy_tht_log,log,log.val_metric,11.7666,float,outputs/logs/tht_tripgen_20260212_234749/train_tht_tripgen.log,ok,log,16,,,val_metric
log_event_train,log,strategy_tht_log,log,log.train_metric,11.7898,float,outputs/logs/tht_tripgen_20260212_234749/train_tht_tripgen.log,ok,log,17,,,train_metric
log_event_val,log,strategy_tht_log,log,log.val_metric,11.7627,float,outputs/logs/tht_tripgen_20260212_234749/train_tht_tripgen.log,ok,log,17,,,val_metric
log_event_train,log,strategy_tht_log,log,log.train_metric,11.7851,float,outputs/logs/tht_tripgen_20260212_234749/train_tht_tripgen.log,ok,log,18,,,train_metric
log_event_val,log,strategy_tht_log,log,log.val_metric,11.7545,float,outputs/logs/tht_tripgen_20260212_234749/train_tht_tripgen.log,ok,log,18,,,val_metric
log_event_train,log,strategy_tht_log,log,log.train_metric,11.7801,float,outputs/logs/tht_tripgen_20260212_234749/train_tht_tripgen.log,ok,log,19,,,train_metric
log_event_val,log,strategy_tht_log,log,log.val_metric,11.7567,float,outputs/logs/tht_tripgen_20260212_234749/train_tht_tripgen.log,ok,log,19,,,val_metric
log_event_train,log,strategy_tht_log,log,log.train_metric,11.7767,float,outputs/logs/tht_tripgen_20260212_234749/train_tht_tripgen.log,ok,log,20,,,train_metric
log_event_val,log,strategy_tht_log,log,log.val_metric,11.754,float,outputs/logs/tht_tripgen_20260212_234749/train_tht_tripgen.log,ok,log,20,,,val_metric
log_event_train,log,strategy_tht_log,log,log.train_metric,11.7727,float,outputs/logs/tht_tripgen_20260212_234749/train_tht_tripgen.log,ok,log,21,,,train_metric
log_event_val,log,strategy_tht_log,log,log.val_metric,11.7514,float,outputs/logs/tht_tripgen_20260212_234749/train_tht_tripgen.log,ok,log,21,,,val_metric
log_event_train,log,strategy_tht_log,log,log.train_metric,11.7695,float,outputs/logs/tht_tripgen_20260212_234749/train_tht_tripgen.log,ok,log,22,,,train_metric
log_event_val,log,strategy_tht_log,log,log.val_metric,11.7516,float,outputs/logs/tht_tripgen_20260212_234749/train_tht_tripgen.log,ok,log,22,,,val_metric
log_event_train,log,strategy_tht_log,log,log.train_metric,11.767,float,outputs/logs/tht_tripgen_20260212_234749/train_tht_tripgen.log,ok,log,23,,,train_metric
log_event_val,log,strategy_tht_log,log,log.val_metric,11.7475,float,outputs/logs/tht_tripgen_20260212_234749/train_tht_tripgen.log,ok,log,23,,,val_metric
log_event_train,log,strategy_tht_log,log,log.train_metric,11.7637,float,outputs/logs/tht_tripgen_20260212_234749/train_tht_tripgen.log,ok,log,24,,,train_metric
log_event_val,log,strategy_tht_log,log,log.val_metric,11.7473,float,outputs/logs/tht_tripgen_20260212_234749/train_tht_tripgen.log,ok,log,24,,,val_metric
log_event_train,log,strategy_tht_log,log,log.train_metric,11.7612,float,outputs/logs/tht_tripgen_20260212_234749/train_tht_tripgen.log,ok,log,25,,,train_metric
log_event_val,log,strategy_tht_log,log,log.val_metric,11.7432,float,outputs/logs/tht_tripgen_20260212_234749/train_tht_tripgen.log,ok,log,25,,,val_metric
log_event_train,log,strategy_tht_log,log,log.train_metric,11.7585,float,outputs/logs/tht_tripgen_20260212_234749/train_tht_tripgen.log,ok,log,26,,,train_metric
log_event_val,log,strategy_tht_log,log,log.val_metric,11.7424,float,outputs/logs/tht_tripgen_20260212_234749/train_tht_tripgen.log,ok,log,26,,,val_metric
log_event_train,log,strategy_tht_log,log,log.train_metric,11.7558,float,outputs/logs/tht_tripgen_20260212_234749/train_tht_tripgen.log,ok,log,27,,,train_metric
log_event_val,log,strategy_tht_log,log,log.val_metric,11.7409,float,outputs/logs/tht_tripgen_20260212_234749/train_tht_tripgen.log,ok,log,27,,,val_metric
log_event_train,log,strategy_tht_log,log,log.train_metric,11.7539,float,outputs/logs/tht_tripgen_20260212_234749/train_tht_tripgen.log,ok,log,28,,,train_metric
log_event_val,log,strategy_tht_log,log,log.val_metric,11.7432,float,outputs/logs/tht_tripgen_20260212_234749/train_tht_tripgen.log,ok,log,28,,,val_metric
log_event_train,log,strategy_tht_log,log,log.train_metric,11.7517,float,outputs/logs/tht_tripgen_20260212_234749/train_tht_tripgen.log,ok,log,29,,,train_metric
log_event_val,log,strategy_tht_log,log,log.val_metric,11.7394,float,outputs/logs/tht_tripgen_20260212_234749/train_tht_tripgen.log,ok,log,29,,,val_metric
log_event_train,log,strategy_tht_log,log,log.train_metric,11.7502,float,outputs/logs/tht_tripgen_20260212_234749/train_tht_tripgen.log,ok,log,30,,,train_metric
log_event_val,log,strategy_tht_log,log,log.val_metric,11.7373,float,outputs/logs/tht_tripgen_20260212_234749/train_tht_tripgen.log,ok,log,30,,,val_metric
