record_type,run_section,artifact_name,metric_name,step_axis,step,value,value_type,status,source_file
log_point,strategy_tht_log,log,train_metric,epoch,1,13.024,float,ok,outputs/logs/tht_tripgen_20260212_234749/train_tht_tripgen.log
log_point,strategy_tht_log,log,val_metric,epoch,1,12.4621,float,ok,outputs/logs/tht_tripgen_20260212_234749/train_tht_tripgen.log
log_point,strategy_tht_log,log,train_metric,epoch,2,12.3762,float,ok,outputs/logs/tht_tripgen_20260212_234749/train_tht_tripgen.log
log_point,strategy_tht_log,log,val_metric,epoch,2,12.1925,float,ok,outputs/logs/tht_tripgen_20260212_234749/train_tht_tripgen.log
log_point,strategy_tht_log,log,train_metric,epoch,3,12.1756,float,ok,outputs/logs/tht_tripgen_20260212_234749/train_tht_tripgen.log
log_point,strategy_tht_log,log,val_metric,epoch,3,12.032,float,ok,outputs/logs/tht_tripgen_20260212_234749/train_tht_tripgen.log
log_point,strategy_tht_log,log,train_metric,epoch,4,12.0541,float,ok,outputs/logs/tht_tripgen_20260212_234749/train_tht_tripgen.log
log_point,strategy_tht_log,log,val_metric,epoch,4,11.9516,float,ok,outputs/logs/tht_tripgen_20260212_234749/train_tht_tripgen.log
log_point,strategy_tht_log,log,train_metric,epoch,5,11.9863,float,ok,outputs/logs/tht_tripgen_20260212_234749/train_tht_tripgen.log
log_point,strategy_tht_log,log,val_metric,epoch,5,11.9082,float,ok,outputs/logs/tht_tripgen_20260212_234749/train_tht_tripgen.log
log_point,strategy_tht_log,log,train_metric,epoch,6,11.9421,float,ok,outputs/logs/tht_tripgen_20260212_234749/train_tht_tripgen.log
log_point,strategy_tht_log,log,val_metric,epoch,6,11.8692,float,ok,outputs/logs/tht_tripgen_20260212_234749/train_tht_tripgen.log
log_point,strategy_tht_log,log,train_metric,epoch,7,11.9099,float,ok,outputs/logs/tht_tripgen_20260212_234749/train_tht_tripgen.log
log_point,strategy_tht_log,log,val_metric,epoch,7,11.8568,float,ok,outputs/logs/tht_tripgen_20260212_234749/train_tht_tripgen.log
log_point,strategy_tht_log,log,train_metric,epoch,8,11.885,float,ok,outputs/logs/tht_tripgen_20260212_234749/train_tht_tripgen.log
log_point,strategy_tht_log,log,val_metric,epoch,8,11.8299,float,ok,outputs/logs/tht_tripgen_20260212_234749/train_tht_tripgen.log
log_point,strategy_tht_log,log,train_metric,epoch,9,11.8651,float,ok,outputs/logs/tht_tripgen_20260212_234749/train_tht_tripgen.log
log_point,strategy_tht_log,log,val_metric,epoch,9,11.8157,float,ok,outputs/logs/tht_tripgen_20260212_234749/train_tht_tripgen.log
log_point,strategy_tht_log,log,train_metric,epoch,10,11.8488,float,ok,outputs/logs/tht_tripgen_20260212_234749/train_tht_tripgen.log
log_point,strategy_tht_log,log,val_metric,epoch,10,11.8046,float,ok,outputs/logs/tht_tripgen_20260212_234749/train_tht_tripgen.log
log_point,strategy_tht_log,log,train_metric,epoch,11,11.836,float,ok,outputs/logs/tht_tripgen_20260212_234749/train_tht_tripgen.log
log_point,strategy_tht_log,log,val_metric,epoch,11,11.7863,float,ok,outputs/logs/tht_tripgen_20260212_234749/train_tht_tripgen.log
log_point,strategy_tht_log,log,train_metric,epoch,12,11.8254,float,ok,outputs/logs/tht_tripgen_20260212_234749/train_tht_tripgen.log
log_point,strategy_tht_log,log,val_metric,epoch,12,11.7876,float,ok,outputs/logs/tht_tripgen_20260212_234749/train_tht_tripgen.log
log_point,strategy_tht_log,log,train_metric,epoch,13,11.8161,float,ok,outputs/logs/tht_tripgen_20260212_234749/train_tht_tripgen.log
log_point,strategy_tht_log,log,val_metric,epoch,13,11.7805,float,ok,outputs/logs/tht_tripgen_20260212_234749/train_tht_tripgen.log
log_point,strategy_tht_log,log,train_metric,epoch,14,11.8081,float,ok,outputs/logs/tht_tripgen_20260212_234749/train_tht_tripgen.log
log_point,strategy_tht_log,log,val_metric,epoch,14,11.7706,float,ok,outputs/logs/tht_tripgen_20260212_234749/train_tht_tripgen.log
log_point,strategy_tht_log,log,train_metric,epoch,15,11.8017,float,ok,outputs/logs/tht_tripgen_20260212_234749/train_tht_tripgen.log
log_point,strategy_tht_log,log,val_metric,epoch,15,11.7699,float,ok,outputs/logs/tht_tripgen_20260212_234749/train_tht_tripgen.log
log_point,strategy_tht_log,log,train_metric,epoch,16,11.7951,float,ok,outputs/logs/tht_tripgen_20260212_234749/train_tht_tripgen.log
log_point,strategy_tht_log,log,val_metric,epoch,16,11.7666,float,ok,outputs/logs/tht_tripgen_20260212_234749/train_tht_tripgen.log
log_point,strategy_tht_log,log,train_metric,epoch,17,11.7898,float,ok,outputs/logs/tht_tripgen_20260212_234749/train_tht_tripgen.log
log_point,strategy_tht_log,log,val_metric,epoch,17,11.7627,float,ok,outputs/logs/tht_tripgen_20260212_234749/train_tht_tripgen.log
log_point,strategy_tht_log,log,train_metric,epoch,18,11.7851,float,ok,outputs/logs/tht_tripgen_20260212_234749/train_tht_tripgen.log
log_point,strategy_tht_log,log,val_metric,epoch,18,11.7545,float,ok,outputs/logs/tht_tripgen_20260212_234749/train_tht_tripgen.log
log_point,strategy_tht_log,log,train_metric,epoch,19,11.7801,float,ok,outputs/logs/tht_tripgen_20260212_234749/train_tht_tripgen.log
log_point,strategy_tht_log,log,val_metric,epoch,19,11.7567,float,ok,outputs/logs/tht_tripgen_20260212_234749/train_tht_tripgen.log
log_point,strategy_tht_log,log,train_metric,epoch,20,11.7767,float,ok,outputs/logs/tht_tripgen_20260212_234749/train_tht_tripgen.log
log_point,strategy_tht_log,log,val_metric,epoch,20,11.754,float,ok,outputs/logs/tht_tripgen_20260212_234749/train_tht_tripgen.log
log_point,strategy_tht_log,log,train_metric,epoch,21,11.7727,float,ok,outputs/logs/tht_tripgen_20260212_234749/train_tht_tripgen.log
log_point,strategy_tht_log,log,val_metric,epoch,21,11.7514,float,ok,outputs/logs/tht_tripgen_20260212_234749/train_tht_tripgen.log
log_point,strategy_tht_log,log,train_metric,epoch,22,11.7695,float,ok,outputs/logs/tht_tripgen_20260212_234749/train_tht_tripgen.log
log_point,strategy_tht_log,log,val_metric,epoch,22,11.7516,float,ok,outputs/logs/tht_tripgen_20260212_234749/train_tht_tripgen.log
log_point,strategy_tht_log,log,train_metric,epoch,23,11.767,float,ok,outputs/logs/tht_tripgen_20260212_234749/train_tht_tripgen.log
log_point,strategy_tht_log,log,val_metric,epoch,23,11.7475,float,ok,outputs/logs/tht_tripgen_20260212_234749/train_tht_tripgen.log
log_point,strategy_tht_log,log,train_metric,epoch,24,11.7637,float,ok,outputs/logs/tht_tripgen_20260212_234749/train_tht_tripgen.log
log_point,strategy_tht_log,log,val_metric,epoch,24,11.7473,float,ok,outputs/logs/tht_tripgen_20260212_234749/train_tht_tripgen.log
log_point,strategy_tht_log,log,train_metric,epoch,25,11.7612,float,ok,outputs/logs/tht_tripgen_20260212_234749/train_tht_tripgen.log
log_point,strategy_tht_log,log,val_metric,epoch,25,11.7432,float,ok,outputs/logs/tht_tripgen_20260212_234749/train_tht_tripgen.log
log_point,strategy_tht_log,log,train_metric,epoch,26,11.7585,float,ok,outputs/logs/tht_tripgen_20260212_234749/train_tht_tripgen.log
log_point,strategy_tht_log,log,val_metric,epoch,26,11.7424,float,ok,outputs/logs/tht_tripgen_20260212_234749/train_tht_tripgen.log
log_point,strategy_tht_log,log,train_metric,epoch,27,11.7558,float,ok,outputs/logs/tht_tripgen_20260212_234749/train_tht_tripgen.log
log_point,strategy_tht_log,log,val_metric,epoch,27,11.7409,float,ok,outputs/logs/tht_tripgen_20260212_234749/train_tht_tripgen.log
log_point,strategy_tht_log,log,train_metric,epoch,28,11.7539,float,ok,outputs/logs/tht_tripgen_20260212_234749/train_tht_tripgen.log
log_point,strategy_tht_log,log,val_metric,epoch,28,11.7432,float,ok,outputs/logs/tht_tripgen_20260212_234749/train_tht_tripgen.log
log_point,strategy_tht_log,log,train_metric,epoch,29,11.7517,float,ok,outputs/logs/tht_tripgen_20260212_234749/train_tht_tripgen.log
log_point,strategy_tht_log,log,val_metric,epoch,29,11.7394,float,ok,outputs/logs/tht_tripgen_20260212_234749/train_tht_tripgen.log
log_point,strategy_tht_log,log,train_metric,epoch,30,11.7502,float,ok,outputs/logs/tht_tripgen_20260212_234749/train_tht_tripgen.log
log_point,strategy_tht_log,log,val_metric,epoch,30,11.7373,float,ok,outputs/logs/tht_tripgen_20260212_234749/train_tht_tripgen.log
loss_point,strategy_tht_loss,loss,train_nll_total,epoch,1,13.024033546447754,float,ok,outputs/save_data/ryc/tht_tripgen_20260212_234749/loss_tht_tripgen.csv
loss_point,strategy_tht_loss,loss,train_nll_h,epoch,1,3.064527750015259,float,ok,outputs/save_data/ryc/tht_tripgen_20260212_234749/loss_tht_tripgen.csv
loss_point,strategy_tht_loss,loss,train_nll_o,epoch,1,3.8793299198150635,float,ok,outputs/save_data/ryc/tht_tripgen_20260212_234749/loss_tht_tripgen.csv
loss_point,strategy_tht_loss,loss,train_nll_d,epoch,1,4.152364253997803,float,ok,outputs/save_data/ryc/tht_tripgen_20260212_234749/loss_tht_tripgen.csv
loss_point,strategy_tht_loss,loss,train_nll_r,epoch,1,0.006088691763579845,float,ok,outputs/save_data/ryc/tht_tripgen_20260212_234749/loss_tht_tripgen.csv
loss_point,strategy_tht_loss,loss,train_nll_passenger,epoch,1,0.8311333656311035,float,ok,outputs/save_data/ryc/tht_tripgen_20260212_234749/loss_tht_tripgen.csv
loss_point,strategy_tht_loss,loss,train_nll_total_amount,epoch,1,1.0905920267105103,float,ok,outputs/save_data/ryc/tht_tripgen_20260212_234749/loss_tht_tripgen.csv
loss_point,strategy_tht_loss,loss,val_nll_total,epoch,1,12.462056159973145,float,ok,outputs/save_data/ryc/tht_tripgen_20260212_234749/loss_tht_tripgen.csv
loss_point,strategy_tht_loss,loss,val_nll_h,epoch,1,2.9895029067993164,float,ok,outputs/save_data/ryc/tht_tripgen_20260212_234749/loss_tht_tripgen.csv
loss_point,strategy_tht_loss,loss,val_nll_o,epoch,1,3.786299705505371,float,ok,outputs/save_data/ryc/tht_tripgen_20260212_234749/loss_tht_tripgen.csv
loss_point,strategy_tht_loss,loss,val_nll_d,epoch,1,3.9712467193603516,float,ok,outputs/save_data/ryc/tht_tripgen_20260212_234749/loss_tht_tripgen.csv
loss_point,strategy_tht_loss,loss,val_nll_r,epoch,1,0.0004621068073902279,float,ok,outputs/save_data/ryc/tht_tripgen_20260212_234749/loss_tht_tripgen.csv
loss_point,strategy_tht_loss,loss,val_nll_passenger,epoch,1,0.7568913102149963,float,ok,outputs/save_data/ryc/tht_tripgen_20260212_234749/loss_tht_tripgen.csv
loss_point,strategy_tht_loss,loss,val_nll_total_amount,epoch,1,0.9576523900032043,float,ok,outputs/save_data/ryc/tht_tripgen_20260212_234749/loss_tht_tripgen.csv
loss_point,strategy_tht_loss,loss,train_nll_total,epoch,2,12.376243591308594,float,ok,outputs/save_data/ryc/tht_tripgen_20260212_234749/loss_tht_tripgen.csv
loss_point,strategy_tht_loss,loss,train_nll_h,epoch,2,2.9788591861724854,float,ok,outputs/save_data/ryc/tht_tripgen_20260212_234749/loss_tht_tripgen.csv
loss_point,strategy_tht_loss,loss,train_nll_o,epoch,2,3.79990553855896,float,ok,outputs/save_data/ryc/tht_tripgen_20260212_234749/loss_tht_tripgen.csv
loss_point,strategy_tht_loss,loss,train_nll_d,epoch,2,3.944856643676758,float,ok,outputs/save_data/ryc/tht_tripgen_20260212_234749/loss_tht_tripgen.csv
loss_point,strategy_tht_loss,loss,train_nll_r,epoch,2,0.00019886373775079846,float,ok,outputs/save_data/ryc/tht_tripgen_20260212_234749/loss_tht_tripgen.csv
loss_point,strategy_tht_loss,loss,train_nll_passenger,epoch,2,0.7770802974700928,float,ok,outputs/save_data/ryc/tht_tripgen_20260212_234749/loss_tht_tripgen.csv
loss_point,strategy_tht_loss,loss,train_nll_total_amount,epoch,2,0.8753536343574524,float,ok,outputs/save_data/ryc/tht_tripgen_20260212_234749/loss_tht_tripgen.csv
loss_point,strategy_tht_loss,loss,val_nll_total,epoch,2,12.192521095275879,float,ok,outputs/save_data/ryc/tht_tripgen_20260212_234749/loss_tht_tripgen.csv
loss_point,strategy_tht_loss,loss,val_nll_h,epoch,2,2.9795281887054443,float,ok,outputs/save_data/ryc/tht_tripgen_20260212_234749/loss_tht_tripgen.csv
loss_point,strategy_tht_loss,loss,val_nll_o,epoch,2,3.7832350730895996,float,ok,outputs/save_data/ryc/tht_tripgen_20260212_234749/loss_tht_tripgen.csv
loss_point,strategy_tht_loss,loss,val_nll_d,epoch,2,3.906214952468872,float,ok,outputs/save_data/ryc/tht_tripgen_20260212_234749/loss_tht_tripgen.csv
loss_point,strategy_tht_loss,loss,val_nll_r,epoch,2,-0.0010199379175901413,float,ok,outputs/save_data/ryc/tht_tripgen_20260212_234749/loss_tht_tripgen.csv
loss_point,strategy_tht_loss,loss,val_nll_passenger,epoch,2,0.754029393196106,float,ok,outputs/save_data/ryc/tht_tripgen_20260212_234749/loss_tht_tripgen.csv
loss_point,strategy_tht_loss,loss,val_nll_total_amount,epoch,2,0.7705397009849548,float,ok,outputs/save_data/ryc/tht_tripgen_20260212_234749/loss_tht_tripgen.csv
loss_point,strategy_tht_loss,loss,train_nll_total,epoch,3,12.175604820251465,float,ok,outputs/save_data/ryc/tht_tripgen_20260212_234749/loss_tht_tripgen.csv
loss_point,strategy_tht_loss,loss,train_nll_h,epoch,3,2.9752044677734375,float,ok,outputs/save_data/ryc/tht_tripgen_20260212_234749/loss_tht_tripgen.csv
loss_point,strategy_tht_loss,loss,train_nll_o,epoch,3,3.7960638999938965,float,ok,outputs/save_data/ryc/tht_tripgen_20260212_234749/loss_tht_tripgen.csv
loss_point,strategy_tht_loss,loss,train_nll_d,epoch,3,3.9068500995635986,float,ok,outputs/save_data/ryc/tht_tripgen_20260212_234749/loss_tht_tripgen.csv
loss_point,strategy_tht_loss,loss,train_nll_r,epoch,3,-0.0005783244268968701,float,ok,outputs/save_data/ryc/tht_tripgen_20260212_234749/loss_tht_tripgen.csv
loss_point,strategy_tht_loss,loss,train_nll_passenger,epoch,3,0.7746182084083557,float,ok,outputs/save_data/ryc/tht_tripgen_20260212_234749/loss_tht_tripgen.csv
loss_point,strategy_tht_loss,loss,train_nll_total_amount,epoch,3,0.7234355211257935,float,ok,outputs/save_data/ryc/tht_tripgen_20260212_234749/loss_tht_tripgen.csv
loss_point,strategy_tht_loss,loss,val_nll_total,epoch,3,12.032027244567871,float,ok,outputs/save_data/ryc/tht_tripgen_20260212_234749/loss_tht_tripgen.csv
loss_point,strategy_tht_loss,loss,val_nll_h,epoch,3,2.9788479804992676,float,ok,outputs/save_data/ryc/tht_tripgen_20260212_234749/loss_tht_tripgen.csv
loss_point,strategy_tht_loss,loss,val_nll_o,epoch,3,3.782822370529175,float,ok,outputs/save_data/ryc/tht_tripgen_20260212_234749/loss_tht_tripgen.csv
loss_point,strategy_tht_loss,loss,val_nll_d,epoch,3,3.8843367099761963,float,ok,outputs/save_data/ryc/tht_tripgen_20260212_234749/loss_tht_tripgen.csv
loss_point,strategy_tht_loss,loss,val_nll_r,epoch,3,-0.0015783478738740087,float,ok,outputs/save_data/ryc/tht_tripgen_20260212_234749/loss_tht_tripgen.csv
loss_point,strategy_tht_loss,loss,val_nll_passenger,epoch,3,0.7529123425483704,float,ok,outputs/save_data/ryc/tht_tripgen_20260212_234749/loss_tht_tripgen.csv
loss_point,strategy_tht_loss,loss,val_nll_total_amount,epoch,3,0.6346824765205383,float,ok,outputs/save_data/ryc/tht_tripgen_20260212_234749/loss_tht_tripgen.csv
loss_point,strategy_tht_loss,loss,train_nll_total,epoch,4,12.054091453552246,float,ok,outputs/save_data/ryc/tht_tripgen_20260212_234749/loss_tht_tripgen.csv
loss_point,strategy_tht_loss,loss,train_nll_h,epoch,4,2.974837303161621,float,ok,outputs/save_data/ryc/tht_tripgen_20260212_234749/loss_tht_tripgen.csv
loss_point,strategy_tht_loss,loss,train_nll_o,epoch,4,3.7944042682647705,float,ok,outputs/save_data/ryc/tht_tripgen_20260212_234749/loss_tht_tripgen.csv
loss_point,strategy_tht_loss,loss,train_nll_d,epoch,4,3.8901498317718506,float,ok,outputs/save_data/ryc/tht_tripgen_20260212_234749/loss_tht_tripgen.csv
loss_point,strategy_tht_loss,loss,train_nll_r,epoch,4,-0.0012496460694819689,float,ok,outputs/save_data/ryc/tht_tripgen_20260212_234749/loss_tht_tripgen.csv
loss_point,strategy_tht_loss,loss,train_nll_passenger,epoch,4,0.7732648253440857,float,ok,outputs/save_data/ryc/tht_tripgen_20260212_234749/loss_tht_tripgen.csv
loss_point,strategy_tht_loss,loss,train_nll_total_amount,epoch,4,0.6226785182952881,float,ok,outputs/save_data/ryc/tht_tripgen_20260212_234749/loss_tht_tripgen.csv
loss_point,strategy_tht_loss,loss,val_nll_total,epoch,4,11.951554298400879,float,ok,outputs/save_data/ryc/tht_tripgen_20260212_234749/loss_tht_tripgen.csv
loss_point,strategy_tht_loss,loss,val_nll_h,epoch,4,2.9787182807922363,float,ok,outputs/save_data/ryc/tht_tripgen_20260212_234749/loss_tht_tripgen.csv
loss_point,strategy_tht_loss,loss,val_nll_o,epoch,4,3.782661199569702,float,ok,outputs/save_data/ryc/tht_tripgen_20260212_234749/loss_tht_tripgen.csv
loss_point,strategy_tht_loss,loss,val_nll_d,epoch,4,3.873507261276245,float,ok,outputs/save_data/ryc/tht_tripgen_20260212_234749/loss_tht_tripgen.csv
loss_point,strategy_tht_loss,loss,val_nll_r,epoch,4,-0.001584453391842544,float,ok,outputs/save_data/ryc/tht_tripgen_20260212_234749/loss_tht_tripgen.csv
loss_point,strategy_tht_loss,loss,val_nll_passenger,epoch,4,0.7521304488182068,float,ok,outputs/save_data/ryc/tht_tripgen_20260212_234749/loss_tht_tripgen.csv
loss_point,strategy_tht_loss,loss,val_nll_total_amount,epoch,4,0.5661240816116333,float,ok,outputs/save_data/ryc/tht_tripgen_20260212_234749/loss_tht_tripgen.csv
loss_point,strategy_tht_loss,loss,train_nll_total,epoch,5,11.986298561096191,float,ok,outputs/save_data/ryc/tht_tripgen_20260212_234749/loss_tht_tripgen.csv
loss_point,strategy_tht_loss,loss,train_nll_h,epoch,5,2.9747495651245117,float,ok,outputs/save_data/ryc/tht_tripgen_20260212_234749/loss_tht_tripgen.csv
loss_point,strategy_tht_loss,loss,train_nll_o,epoch,5,3.7933804988861084,float,ok,outputs/save_data/ryc/tht_tripgen_20260212_234749/loss_tht_tripgen.csv
loss_point,strategy_tht_loss,loss,train_nll_d,epoch,5,3.8806424140930176,float,ok,outputs/save_data/ryc/tht_tripgen_20260212_234749/loss_tht_tripgen.csv
loss_point,strategy_tht_loss,loss,train_nll_r,epoch,5,-0.0016436740988865495,float,ok,outputs/save_data/ryc/tht_tripgen_20260212_234749/loss_tht_tripgen.csv
loss_point,strategy_tht_loss,loss,train_nll_passenger,epoch,5,0.7724459767341614,float,ok,outputs/save_data/ryc/tht_tripgen_20260212_234749/loss_tht_tripgen.csv
loss_point,strategy_tht_loss,loss,train_nll_total_amount,epoch,5,0.5667172074317932,float,ok,outputs/save_data/ryc/tht_tripgen_20260212_234749/loss_tht_tripgen.csv
loss_point,strategy_tht_loss,loss,val_nll_total,epoch,5,11.908161163330078,float,ok,outputs/save_data/ryc/tht_tripgen_20260212_234749/loss_tht_tripgen.csv
loss_point,strategy_tht_loss,loss,val_nll_h,epoch,5,2.978644847869873,float,ok,outputs/save_data/ryc/tht_tripgen_20260212_234749/loss_tht_tripgen.csv
loss_point,strategy_tht_loss,loss,val_nll_o,epoch,5,3.7817189693450928,float,ok,outputs/save_data/ryc/tht_tripgen_20260212_234749/loss_tht_tripgen.csv
loss_point,strategy_tht_loss,loss,val_nll_d,epoch,5,3.8667707443237305,float,ok,outputs/save_data/ryc/tht_tripgen_20260212_234749/loss_tht_tripgen.csv
loss_point,strategy_tht_loss,loss,val_nll_r,epoch,5,-0.0017224218463525176,float,ok,outputs/save_data/ryc/tht_tripgen_20260212_234749/loss_tht_tripgen.csv
loss_point,strategy_tht_loss,loss,val_nll_passenger,epoch,5,0.7514452934265137,float,ok,outputs/save_data/ryc/tht_tripgen_20260212_234749/loss_tht_tripgen.csv
loss_point,strategy_tht_loss,loss,val_nll_total_amount,epoch,5,0.5313038229942322,float,ok,outputs/save_data/ryc/tht_tripgen_20260212_234749/loss_tht_tripgen.csv
loss_point,strategy_tht_loss,loss,train_nll_total,epoch,6,11.942058563232422,float,ok,outputs/save_data/ryc/tht_tripgen_20260212_234749/loss_tht_tripgen.csv
loss_point,strategy_tht_loss,loss,train_nll_h,epoch,6,2.974719285964966,float,ok,outputs/save_data/ryc/tht_tripgen_20260212_234749/loss_tht_tripgen.csv
loss_point,strategy_tht_loss,loss,train_nll_o,epoch,6,3.7926719188690186,float,ok,outputs/save_data/ryc/tht_tripgen_20260212_234749/loss_tht_tripgen.csv
loss_point,strategy_tht_loss,loss,train_nll_d,epoch,6,3.8744537830352783,float,ok,outputs/save_data/ryc/tht_tripgen_20260212_234749/loss_tht_tripgen.csv
loss_point,strategy_tht_loss,loss,train_nll_r,epoch,6,-0.001877147820778191,float,ok,outputs/save_data/ryc/tht_tripgen_20260212_234749/loss_tht_tripgen.csv
loss_point,strategy_tht_loss,loss,train_nll_passenger,epoch,6,0.7717636227607727,float,ok,outputs/save_data/ryc/tht_tripgen_20260212_234749/loss_tht_tripgen.csv
loss_point,strategy_tht_loss,loss,train_nll_total_amount,epoch,6,0.5303376317024231,float,ok,outputs/save_data/ryc/tht_tripgen_20260212_234749/loss_tht_tripgen.csv
loss_point,strategy_tht_loss,loss,val_nll_total,epoch,6,11.86916446685791,float,ok,outputs/save_data/ryc/tht_tripgen_20260212_234749/loss_tht_tripgen.csv
loss_point,strategy_tht_loss,loss,val_nll_h,epoch,6,2.9785594940185547,float,ok,outputs/save_data/ryc/tht_tripgen_20260212_234749/loss_tht_tripgen.csv
loss_point,strategy_tht_loss,loss,val_nll_o,epoch,6,3.7826249599456787,float,ok,outputs/save_data/ryc/tht_tripgen_20260212_234749/loss_tht_tripgen.csv
loss_point,strategy_tht_loss,loss,val_nll_d,epoch,6,3.862455368041992,float,ok,outputs/save_data/ryc/tht_tripgen_20260212_234749/loss_tht_tripgen.csv
loss_point,strategy_tht_loss,loss,val_nll_r,epoch,6,-0.002298546489328146,float,ok,outputs/save_data/ryc/tht_tripgen_20260212_234749/loss_tht_tripgen.csv
loss_point,strategy_tht_loss,loss,val_nll_passenger,epoch,6,0.7509356737136841,float,ok,outputs/save_data/ryc/tht_tripgen_20260212_234749/loss_tht_tripgen.csv
loss_point,strategy_tht_loss,loss,val_nll_total_amount,epoch,6,0.4968912899494171,float,ok,outputs/save_data/ryc/tht_tripgen_20260212_234749/loss_tht_tripgen.csv
loss_point,strategy_tht_loss,loss,train_nll_total,epoch,7,11.909850120544434,float,ok,outputs/save_data/ryc/tht_tripgen_20260212_234749/loss_tht_tripgen.csv
loss_point,strategy_tht_loss,loss,train_nll_h,epoch,7,2.9747164249420166,float,ok,outputs/save_data/ryc/tht_tripgen_20260212_234749/loss_tht_tripgen.csv
loss_point,strategy_tht_loss,loss,train_nll_o,epoch,7,3.792210817337036,float,ok,outputs/save_data/ryc/tht_tripgen_20260212_234749/loss_tht_tripgen.csv
loss_point,strategy_tht_loss,loss,train_nll_d,epoch,7,3.8698573112487793,float,ok,outputs/save_data/ryc/tht_tripgen_20260212_234749/loss_tht_tripgen.csv
loss_point,strategy_tht_loss,loss,train_nll_r,epoch,7,-0.002139484975486994,float,ok,outputs/save_data/ryc/tht_tripgen_20260212_234749/loss_tht_tripgen.csv
loss_point,strategy_tht_loss,loss,train_nll_passenger,epoch,7,0.7711519598960876,float,ok,outputs/save_data/ryc/tht_tripgen_20260212_234749/loss_tht_tripgen.csv
loss_point,strategy_tht_loss,loss,train_nll_total_amount,epoch,7,0.5040531158447266,float,ok,outputs/save_data/ryc/tht_tripgen_20260212_234749/loss_tht_tripgen.csv
loss_point,strategy_tht_loss,loss,val_nll_total,epoch,7,11.856830596923828,float,ok,outputs/save_data/ryc/tht_tripgen_20260212_234749/loss_tht_tripgen.csv
loss_point,strategy_tht_loss,loss,val_nll_h,epoch,7,2.9785518646240234,float,ok,outputs/save_data/ryc/tht_tripgen_20260212_234749/loss_tht_tripgen.csv
loss_point,strategy_tht_loss,loss,val_nll_o,epoch,7,3.7820069789886475,float,ok,outputs/save_data/ryc/tht_tripgen_20260212_234749/loss_tht_tripgen.csv
loss_point,strategy_tht_loss,loss,val_nll_d,epoch,7,3.858999013900757,float,ok,outputs/save_data/ryc/tht_tripgen_20260212_234749/loss_tht_tripgen.csv
loss_point,strategy_tht_loss,loss,val_nll_r,epoch,7,-0.002425078535452485,float,ok,outputs/save_data/ryc/tht_tripgen_20260212_234749/loss_tht_tripgen.csv
loss_point,strategy_tht_loss,loss,val_nll_passenger,epoch,7,0.7504934072494507,float,ok,outputs/save_data/ryc/tht_tripgen_20260212_234749/loss_tht_tripgen.csv
loss_point,strategy_tht_loss,loss,val_nll_total_amount,epoch,7,0.48920342326164246,float,ok,outputs/save_data/ryc/tht_tripgen_20260212_234749/loss_tht_tripgen.csv
loss_point,strategy_tht_loss,loss,train_nll_total,epoch,8,11.885003089904785,float,ok,outputs/save_data/ryc/tht_tripgen_20260212_234749/loss_tht_tripgen.csv
loss_point,strategy_tht_loss,loss,train_nll_h,epoch,8,2.9747166633605957,float,ok,outputs/save_data/ryc/tht_tripgen_20260212_234749/loss_tht_tripgen.csv
loss_point,strategy_tht_loss,loss,train_nll_o,epoch,8,3.7918550968170166,float,ok,outputs/save_data/ryc/tht_tripgen_20260212_234749/loss_tht_tripgen.csv
loss_point,strategy_tht_loss,loss,train_nll_d,epoch,8,3.8660316467285156,float,ok,outputs/save_data/ryc/tht_tripgen_20260212_234749/loss_tht_tripgen.csv
loss_point,strategy_tht_loss,loss,train_nll_r,epoch,8,-0.002186054131016135,float,ok,outputs/save_data/ryc/tht_tripgen_20260212_234749/loss_tht_tripgen.csv
loss_point,strategy_tht_loss,loss,train_nll_passenger,epoch,8,0.7706294059753418,float,ok,outputs/save_data/ryc/tht_tripgen_20260212_234749/loss_tht_tripgen.csv
loss_point,strategy_tht_loss,loss,train_nll_total_amount,epoch,8,0.4839656949043274,float,ok,outputs/save_data/ryc/tht_tripgen_20260212_234749/loss_tht_tripgen.csv
loss_point,strategy_tht_loss,loss,val_nll_total,epoch,8,11.829850196838379,float,ok,outputs/save_data/ryc/tht_tripgen_20260212_234749/loss_tht_tripgen.csv
loss_point,strategy_tht_loss,loss,val_nll_h,epoch,8,2.978583812713623,float,ok,outputs/save_data/ryc/tht_tripgen_20260212_234749/loss_tht_tripgen.csv
loss_point,strategy_tht_loss,loss,val_nll_o,epoch,8,3.782066583633423,float,ok,outputs/save_data/ryc/tht_tripgen_20260212_234749/loss_tht_tripgen.csv
loss_point,strategy_tht_loss,loss,val_nll_d,epoch,8,3.856137990951538,float,ok,outputs/save_data/ryc/tht_tripgen_20260212_234749/loss_tht_tripgen.csv
loss_point,strategy_tht_loss,loss,val_nll_r,epoch,8,-0.0019979255739599466,float,ok,outputs/save_data/ryc/tht_tripgen_20260212_234749/loss_tht_tripgen.csv
loss_point,strategy_tht_loss,loss,val_nll_passenger,epoch,8,0.7501722574234009,float,ok,outputs/save_data/ryc/tht_tripgen_20260212_234749/loss_tht_tripgen.csv
loss_point,strategy_tht_loss,loss,val_nll_total_amount,epoch,8,0.4648893475532532,float,ok,outputs/save_data/ryc/tht_tripgen_20260212_234749/loss_tht_tripgen.csv
loss_point,strategy_tht_loss,loss,train_nll_total,epoch,9,11.865129470825195,float,ok,outputs/save_data/ryc/tht_tripgen_20260212_234749/loss_tht_tripgen.csv
loss_point,strategy_tht_loss,loss,train_nll_h,epoch,9,2.974703311920166,float,ok,outputs/save_data/ryc/tht_tripgen_20260212_234749/loss_tht_tripgen.csv
loss_point,strategy_tht_loss,loss,train_nll_o,epoch,9,3.791559934616089,float,ok,outputs/save_data/ryc/tht_tripgen_20260212_234749/loss_tht_tripgen.csv
loss_point,strategy_tht_loss,loss,train_nll_d,epoch,9,3.863430976867676,float,ok,outputs/save_data/ryc/tht_tripgen_20260212_234749/loss_tht_tripgen.csv
loss_point,strategy_tht_loss,loss,train_nll_r,epoch,9,-0.0024479625280946493,float,ok,outputs/save_data/ryc/tht_tripgen_20260212_234749/loss_tht_tripgen.csv
loss_point,strategy_tht_loss,loss,train_nll_passenger,epoch,9,0.7702344655990601,float,ok,outputs/save_data/ryc/tht_tripgen_20260212_234749/loss_tht_tripgen.csv
loss_point,strategy_tht_loss,loss,train_nll_total_amount,epoch,9,0.4676418602466583,float,ok,outputs/save_data/ryc/tht_tripgen_20260212_234749/loss_tht_tripgen.csv
loss_point,strategy_tht_loss,loss,val_nll_total,epoch,9,11.815747261047363,float,ok,outputs/save_data/ryc/tht_tripgen_20260212_234749/loss_tht_tripgen.csv
loss_point,strategy_tht_loss,loss,val_nll_h,epoch,9,2.978522777557373,float,ok,outputs/save_data/ryc/tht_tripgen_20260212_234749/loss_tht_tripgen.csv
loss_point,strategy_tht_loss,loss,val_nll_o,epoch,9,3.782146692276001,float,ok,outputs/save_data/ryc/tht_tripgen_20260212_234749/loss_tht_tripgen.csv
loss_point,strategy_tht_loss,loss,val_nll_d,epoch,9,3.8540632724761963,float,ok,outputs/save_data/ryc/tht_tripgen_20260212_234749/loss_tht_tripgen.csv
loss_point,strategy_tht_loss,loss,val_nll_r,epoch,9,-0.002707462990656495,float,ok,outputs/save_data/ryc/tht_tripgen_20260212_234749/loss_tht_tripgen.csv
loss_point,strategy_tht_loss,loss,val_nll_passenger,epoch,9,0.74979168176651,float,ok,outputs/save_data/ryc/tht_tripgen_20260212_234749/loss_tht_tripgen.csv
loss_point,strategy_tht_loss,loss,val_nll_total_amount,epoch,9,0.45393291115760803,float,ok,outputs/save_data/ryc/tht_tripgen_20260212_234749/loss_tht_tripgen.csv
loss_point,strategy_tht_loss,loss,train_nll_total,epoch,10,11.848801612854004,float,ok,outputs/save_data/ryc/tht_tripgen_20260212_234749/loss_tht_tripgen.csv
loss_point,strategy_tht_loss,loss,train_nll_h,epoch,10,2.9747095108032227,float,ok,outputs/save_data/ryc/tht_tripgen_20260212_234749/loss_tht_tripgen.csv
loss_point,strategy_tht_loss,loss,train_nll_o,epoch,10,3.791261911392212,float,ok,outputs/save_data/ryc/tht_tripgen_20260212_234749/loss_tht_tripgen.csv
loss_point,strategy_tht_loss,loss,train_nll_d,epoch,10,3.860837936401367,float,ok,outputs/save_data/ryc/tht_tripgen_20260212_234749/loss_tht_tripgen.csv
loss_point,strategy_tht_loss,loss,train_nll_r,epoch,10,-0.002574558835476637,float,ok,outputs/save_data/ryc/tht_tripgen_20260212_234749/loss_tht_tripgen.csv
loss_point,strategy_tht_loss,loss,train_nll_passenger,epoch,10,0.7698293924331665,float,ok,outputs/save_data/ryc/tht_tripgen_20260212_234749/loss_tht_tripgen.csv
loss_point,strategy_tht_loss,loss,train_nll_total_amount,epoch,10,0.4547266662120819,float,ok,outputs/save_data/ryc/tht_tripgen_20260212_234749/loss_tht_tripgen.csv
loss_point,strategy_tht_loss,loss,val_nll_total,epoch,10,11.804609298706055,float,ok,outputs/save_data/ryc/tht_tripgen_20260212_234749/loss_tht_tripgen.csv
loss_point,strategy_tht_loss,loss,val_nll_h,epoch,10,2.9785714149475098,float,ok,outputs/save_data/ryc/tht_tripgen_20260212_234749/loss_tht_tripgen.csv
loss_point,strategy_tht_loss,loss,val_nll_o,epoch,10,3.782156229019165,float,ok,outputs/save_data/ryc/tht_tripgen_20260212_234749/loss_tht_tripgen.csv
loss_point,strategy_tht_loss,loss,val_nll_d,epoch,10,3.853114366531372,float,ok,outputs/save_data/ryc/tht_tripgen_20260212_234749/loss_tht_tripgen.csv
loss_point,strategy_tht_loss,loss,val_nll_r,epoch,10,-0.0022074992302805185,float,ok,outputs/save_data/ryc/tht_tripgen_20260212_234749/loss_tht_tripgen.csv
loss_point,strategy_tht_loss,loss,val_nll_passenger,epoch,10,0.7494546175003052,float,ok,outputs/save_data/ryc/tht_tripgen_20260212_234749/loss_tht_tripgen.csv
loss_point,strategy_tht_loss,loss,val_nll_total_amount,epoch,10,0.4435194134712219,float,ok,outputs/save_data/ryc/tht_tripgen_20260212_234749/loss_tht_tripgen.csv
loss_point,strategy_tht_loss,loss,train_nll_total,epoch,11,11.836015701293945,float,ok,outputs/save_data/ryc/tht_tripgen_20260212_234749/loss_tht_tripgen.csv
loss_point,strategy_tht_loss,loss,train_nll_h,epoch,11,2.974702835083008,float,ok,outputs/save_data/ryc/tht_tripgen_20260212_234749/loss_tht_tripgen.csv
loss_point,strategy_tht_loss,loss,train_nll_o,epoch,11,3.7911274433135986,float,ok,outputs/save_data/ryc/tht_tripgen_20260212_234749/loss_tht_tripgen.csv
loss_point,strategy_tht_loss,loss,train_nll_d,epoch,11,3.858721971511841,float,ok,outputs/save_data/ryc/tht_tripgen_20260212_234749/loss_tht_tripgen.csv
loss_point,strategy_tht_loss,loss,train_nll_r,epoch,11,-0.0026552854105830193,float,ok,outputs/save_data/ryc/tht_tripgen_20260212_234749/loss_tht_tripgen.csv
loss_point,strategy_tht_loss,loss,train_nll_passenger,epoch,11,0.7694675922393799,float,ok,outputs/save_data/ryc/tht_tripgen_20260212_234749/loss_tht_tripgen.csv
loss_point,strategy_tht_loss,loss,train_nll_total_amount,epoch,11,0.4446530342102051,float,ok,outputs/save_data/ryc/tht_tripgen_20260212_234749/loss_tht_tripgen.csv
loss_point,strategy_tht_loss,loss,val_nll_total,epoch,11,11.786338806152344,float,ok,outputs/save_data/ryc/tht_tripgen_20260212_234749/loss_tht_tripgen.csv
loss_point,strategy_tht_loss,loss,val_nll_h,epoch,11,2.978605270385742,float,ok,outputs/save_data/ryc/tht_tripgen_20260212_234749/loss_tht_tripgen.csv
loss_point,strategy_tht_loss,loss,val_nll_o,epoch,11,3.7819793224334717,float,ok,outputs/save_data/ryc/tht_tripgen_20260212_234749/loss_tht_tripgen.csv
loss_point,strategy_tht_loss,loss,val_nll_d,epoch,11,3.8502840995788574,float,ok,outputs/save_data/ryc/tht_tripgen_20260212_234749/loss_tht_tripgen.csv
loss_point,strategy_tht_loss,loss,val_nll_r,epoch,11,-0.0026163908187299967,float,ok,outputs/save_data/ryc/tht_tripgen_20260212_234749/loss_tht_tripgen.csv
loss_point,strategy_tht_loss,loss,val_nll_passenger,epoch,11,0.7498454451560974,float,ok,outputs/save_data/ryc/tht_tripgen_20260212_234749/loss_tht_tripgen.csv
loss_point,strategy_tht_loss,loss,val_nll_total_amount,epoch,11,0.42824259400367737,float,ok,outputs/save_data/ryc/tht_tripgen_20260212_234749/loss_tht_tripgen.csv
loss_point,strategy_tht_loss,loss,train_nll_total,epoch,12,11.825421333312988,float,ok,outputs/save_data/ryc/tht_tripgen_20260212_234749/loss_tht_tripgen.csv
loss_point,strategy_tht_loss,loss,train_nll_h,epoch,12,2.9747185707092285,float,ok,outputs/save_data/ryc/tht_tripgen_20260212_234749/loss_tht_tripgen.csv
loss_point,strategy_tht_loss,loss,train_nll_o,epoch,12,3.790853977203369,float,ok,outputs/save_data/ryc/tht_tripgen_20260212_234749/loss_tht_tripgen.csv
loss_point,strategy_tht_loss,loss,train_nll_d,epoch,12,3.8571813106536865,float,ok,outputs/save_data/ryc/tht_tripgen_20260212_234749/loss_tht_tripgen.csv
loss_point,strategy_tht_loss,loss,train_nll_r,epoch,12,-0.0028211823664605618,float,ok,outputs/save_data/ryc/tht_tripgen_20260212_234749/loss_tht_tripgen.csv
loss_point,strategy_tht_loss,loss,train_nll_passenger,epoch,12,0.769202470779419,float,ok,outputs/save_data/ryc/tht_tripgen_20260212_234749/loss_tht_tripgen.csv
loss_point,strategy_tht_loss,loss,train_nll_total_amount,epoch,12,0.4362879991531372,float,ok,outputs/save_data/ryc/tht_tripgen_20260212_234749/loss_tht_tripgen.csv
loss_point,strategy_tht_loss,loss,val_nll_total,epoch,12,11.787630081176758,float,ok,outputs/save_data/ryc/tht_tripgen_20260212_234749/loss_tht_tripgen.csv
loss_point,strategy_tht_loss,loss,val_nll_h,epoch,12,2.978574514389038,float,ok,outputs/save_data/ryc/tht_tripgen_20260212_234749/loss_tht_tripgen.csv
loss_point,strategy_tht_loss,loss,val_nll_o,epoch,12,3.7815403938293457,float,ok,outputs/save_data/ryc/tht_tripgen_20260212_234749/loss_tht_tripgen.csv
loss_point,strategy_tht_loss,loss,val_nll_d,epoch,12,3.849168062210083,float,ok,outputs/save_data/ryc/tht_tripgen_20260212_234749/loss_tht_tripgen.csv
loss_point,strategy_tht_loss,loss,val_nll_r,epoch,12,-0.0030736771877855062,float,ok,outputs/save_data/ryc/tht_tripgen_20260212_234749/loss_tht_tripgen.csv
loss_point,strategy_tht_loss,loss,val_nll_passenger,epoch,12,0.7490381598472595,float,ok,outputs/save_data/ryc/tht_tripgen_20260212_234749/loss_tht_tripgen.csv
loss_point,strategy_tht_loss,loss,val_nll_total_amount,epoch,12,0.4323817491531372,float,ok,outputs/save_data/ryc/tht_tripgen_20260212_234749/loss_tht_tripgen.csv
loss_point,strategy_tht_loss,loss,train_nll_total,epoch,13,11.816064834594727,float,ok,outputs/save_data/ryc/tht_tripgen_20260212_234749/loss_tht_tripgen.csv
loss_point,strategy_tht_loss,loss,train_nll_h,epoch,13,2.97471022605896,float,ok,outputs/save_data/ryc/tht_tripgen_20260212_234749/loss_tht_tripgen.csv
loss_point,strategy_tht_loss,loss,train_nll_o,epoch,13,3.7907328605651855,float,ok,outputs/save_data/ryc/tht_tripgen_20260212_234749/loss_tht_tripgen.csv
loss_point,strategy_tht_loss,loss,train_nll_d,epoch,13,3.8555357456207275,float,ok,outputs/save_data/ryc/tht_tripgen_20260212_234749/loss_tht_tripgen.csv
loss_point,strategy_tht_loss,loss,train_nll_r,epoch,13,-0.002935322467237711,float,ok,outputs/save_data/ryc/tht_tripgen_20260212_234749/loss_tht_tripgen.csv
loss_point,strategy_tht_loss,loss,train_nll_passenger,epoch,13,0.768956184387207,float,ok,outputs/save_data/ryc/tht_tripgen_20260212_234749/loss_tht_tripgen.csv
loss_point,strategy_tht_loss,loss,train_nll_total_amount,epoch,13,0.4290713369846344,float,ok,outputs/save_data/ryc/tht_tripgen_20260212_234749/loss_tht_tripgen.csv
loss_point,strategy_tht_loss,loss,val_nll_total,epoch,13,11.780463218688965,float,ok,outputs/save_data/ryc/tht_tripgen_20260212_234749/loss_tht_tripgen.csv
loss_point,strategy_tht_loss,loss,val_nll_h,epoch,13,2.9785938262939453,float,ok,outputs/save_data/ryc/tht_tripgen_20260212_234749/loss_tht_tripgen.csv
loss_point,strategy_tht_loss,loss,val_nll_o,epoch,13,3.7815322875976562,float,ok,outputs/save_data/ryc/tht_tripgen_20260212_234749/loss_tht_tripgen.csv
loss_point,strategy_tht_loss,loss,val_nll_d,epoch,13,3.84826922416687,float,ok,outputs/save_data/ryc/tht_tripgen_20260212_234749/loss_tht_tripgen.csv
loss_point,strategy_tht_loss,loss,val_nll_r,epoch,13,-0.0032065289560705423,float,ok,outputs/save_data/ryc/tht_tripgen_20260212_234749/loss_tht_tripgen.csv
loss_point,strategy_tht_loss,loss,val_nll_passenger,epoch,13,0.7489959001541138,float,ok,outputs/save_data/ryc/tht_tripgen_20260212_234749/loss_tht_tripgen.csv
loss_point,strategy_tht_loss,loss,val_nll_total_amount,epoch,13,0.4262787401676178,float,ok,outputs/save_data/ryc/tht_tripgen_20260212_234749/loss_tht_tripgen.csv
loss_point,strategy_tht_loss,loss,train_nll_total,epoch,14,11.808076858520508,float,ok,outputs/save_data/ryc/tht_tripgen_20260212_234749/loss_tht_tripgen.csv
loss_point,strategy_tht_loss,loss,train_nll_h,epoch,14,2.9747023582458496,float,ok,outputs/save_data/ryc/tht_tripgen_20260212_234749/loss_tht_tripgen.csv
loss_point,strategy_tht_loss,loss,train_nll_o,epoch,14,3.7905173301696777,float,ok,outputs/save_data/ryc/tht_tripgen_20260212_234749/loss_tht_tripgen.csv
loss_point,strategy_tht_loss,loss,train_nll_d,epoch,14,3.8538975715637207,float,ok,outputs/save_data/ryc/tht_tripgen_20260212_234749/loss_tht_tripgen.csv
loss_point,strategy_tht_loss,loss,train_nll_r,epoch,14,-0.0030184099450707436,float,ok,outputs/save_data/ryc/tht_tripgen_20260212_234749/loss_tht_tripgen.csv
loss_point,strategy_tht_loss,loss,train_nll_passenger,epoch,14,0.7687440514564514,float,ok,outputs/save_data/ryc/tht_tripgen_20260212_234749/loss_tht_tripgen.csv
loss_point,strategy_tht_loss,loss,train_nll_total_amount,epoch,14,0.4232332706451416,float,ok,outputs/save_data/ryc/tht_tripgen_20260212_234749/loss_tht_tripgen.csv
loss_point,strategy_tht_loss,loss,val_nll_total,epoch,14,11.7706298828125,float,ok,outputs/save_data/ryc/tht_tripgen_20260212_234749/loss_tht_tripgen.csv
loss_point,strategy_tht_loss,loss,val_nll_h,epoch,14,2.9785187244415283,float,ok,outputs/save_data/ryc/tht_tripgen_20260212_234749/loss_tht_tripgen.csv
loss_point,strategy_tht_loss,loss,val_nll_o,epoch,14,3.7821290493011475,float,ok,outputs/save_data/ryc/tht_tripgen_20260212_234749/loss_tht_tripgen.csv
loss_point,strategy_tht_loss,loss,val_nll_d,epoch,14,3.8469014167785645,float,ok,outputs/save_data/ryc/tht_tripgen_20260212_234749/loss_tht_tripgen.csv
loss_point,strategy_tht_loss,loss,val_nll_r,epoch,14,-0.002879402367398143,float,ok,outputs/save_data/ryc/tht_tripgen_20260212_234749/loss_tht_tripgen.csv
loss_point,strategy_tht_loss,loss,val_nll_passenger,epoch,14,0.7487568855285645,float,ok,outputs/save_data/ryc/tht_tripgen_20260212_234749/loss_tht_tripgen.csv
loss_point,strategy_tht_loss,loss,val_nll_total_amount,epoch,14,0.4172012507915497,float,ok,outputs/save_data/ryc/tht_tripgen_20260212_234749/loss_tht_tripgen.csv
loss_point,strategy_tht_loss,loss,train_nll_total,epoch,15,11.801678657531738,float,ok,outputs/save_data/ryc/tht_tripgen_20260212_234749/loss_tht_tripgen.csv
loss_point,strategy_tht_loss,loss,train_nll_h,epoch,15,2.9747023582458496,float,ok,outputs/save_data/ryc/tht_tripgen_20260212_234749/loss_tht_tripgen.csv
loss_point,strategy_tht_loss,loss,train_nll_o,epoch,15,3.790426015853882,float,ok,outputs/save_data/ryc/tht_tripgen_20260212_234749/loss_tht_tripgen.csv
loss_point,strategy_tht_loss,loss,train_nll_d,epoch,15,3.8527679443359375,float,ok,outputs/save_data/ryc/tht_tripgen_20260212_234749/loss_tht_tripgen.csv
loss_point,strategy_tht_loss,loss,train_nll_r,epoch,15,-0.0030957551207393408,float,ok,outputs/save_data/ryc/tht_tripgen_20260212_234749/loss_tht_tripgen.csv
loss_point,strategy_tht_loss,loss,train_nll_passenger,epoch,15,0.7685014009475708,float,ok,outputs/save_data/ryc/tht_tripgen_20260212_234749/loss_tht_tripgen.csv
loss_point,strategy_tht_loss,loss,train_nll_total_amount,epoch,15,0.4183675944805145,float,ok,outputs/save_data/ryc/tht_tripgen_20260212_234749/loss_tht_tripgen.csv
loss_point,strategy_tht_loss,loss,val_nll_total,epoch,15,11.769929885864258,float,ok,outputs/save_data/ryc/tht_tripgen_20260212_234749/loss_tht_tripgen.csv
loss_point,strategy_tht_loss,loss,val_nll_h,epoch,15,2.9785540103912354,float,ok,outputs/save_data/ryc/tht_tripgen_20260212_234749/loss_tht_tripgen.csv
loss_point,strategy_tht_loss,loss,val_nll_o,epoch,15,3.7815582752227783,float,ok,outputs/save_data/ryc/tht_tripgen_20260212_234749/loss_tht_tripgen.csv
loss_point,strategy_tht_loss,loss,val_nll_d,epoch,15,3.845776319503784,float,ok,outputs/save_data/ryc/tht_tripgen_20260212_234749/loss_tht_tripgen.csv
loss_point,strategy_tht_loss,loss,val_nll_r,epoch,15,-0.0027966750785708427,float,ok,outputs/save_data/ryc/tht_tripgen_20260212_234749/loss_tht_tripgen.csv
loss_point,strategy_tht_loss,loss,val_nll_passenger,epoch,15,0.7487241625785828,float,ok,outputs/save_data/ryc/tht_tripgen_20260212_234749/loss_tht_tripgen.csv
loss_point,strategy_tht_loss,loss,val_nll_total_amount,epoch,15,0.41811349987983704,float,ok,outputs/save_data/ryc/tht_tripgen_20260212_234749/loss_tht_tripgen.csv
loss_point,strategy_tht_loss,loss,train_nll_total,epoch,16,11.795103073120117,float,ok,outputs/save_data/ryc/tht_tripgen_20260212_234749/loss_tht_tripgen.csv
loss_point,strategy_tht_loss,loss,train_nll_h,epoch,16,2.9747118949890137,float,ok,outputs/save_data/ryc/tht_tripgen_20260212_234749/loss_tht_tripgen.csv
loss_point,strategy_tht_loss,loss,train_nll_o,epoch,16,3.790348529815674,float,ok,outputs/save_data/ryc/tht_tripgen_20260212_234749/loss_tht_tripgen.csv
loss_point,strategy_tht_loss,loss,train_nll_d,epoch,16,3.851541757583618,float,ok,outputs/save_data/ryc/tht_tripgen_20260212_234749/loss_tht_tripgen.csv
loss_point,strategy_tht_loss,loss,train_nll_r,epoch,16,-0.003125174902379513,float,ok,outputs/save_data/ryc/tht_tripgen_20260212_234749/loss_tht_tripgen.csv
loss_point,strategy_tht_loss,loss,train_nll_passenger,epoch,16,0.7682726979255676,float,ok,outputs/save_data/ryc/tht_tripgen_20260212_234749/loss_tht_tripgen.csv
loss_point,strategy_tht_loss,loss,train_nll_total_amount,epoch,16,0.4133540987968445,float,ok,outputs/save_data/ryc/tht_tripgen_20260212_234749/loss_tht_tripgen.csv
loss_point,strategy_tht_loss,loss,val_nll_total,epoch,16,11.76662826538086,float,ok,outputs/save_data/ryc/tht_tripgen_20260212_234749/loss_tht_tripgen.csv
loss_point,strategy_tht_loss,loss,val_nll_h,epoch,16,2.978567361831665,float,ok,outputs/save_data/ryc/tht_tripgen_20260212_234749/loss_tht_tripgen.csv
loss_point,strategy_tht_loss,loss,val_nll_o,epoch,16,3.7820374965667725,float,ok,outputs/save_data/ryc/tht_tripgen_20260212_234749/loss_tht_tripgen.csv
loss_point,strategy_tht_loss,loss,val_nll_d,epoch,16,3.8451945781707764,float,ok,outputs/save_data/ryc/tht_tripgen_20260212_234749/loss_tht_tripgen.csv
loss_point,strategy_tht_loss,loss,val_nll_r,epoch,16,-0.0027415677905082703,float,ok,outputs/save_data/ryc/tht_tripgen_20260212_234749/loss_tht_tripgen.csv
loss_point,strategy_tht_loss,loss,val_nll_passenger,epoch,16,0.7484999895095825,float,ok,outputs/save_data/ryc/tht_tripgen_20260212_234749/loss_tht_tripgen.csv
loss_point,strategy_tht_loss,loss,val_nll_total_amount,epoch,16,0.4150714576244354,float,ok,outputs/save_data/ryc/tht_tripgen_20260212_234749/loss_tht_tripgen.csv
loss_point,strategy_tht_loss,loss,train_nll_total,epoch,17,11.789790153503418,float,ok,outputs/save_data/ryc/tht_tripgen_20260212_234749/loss_tht_tripgen.csv
loss_point,strategy_tht_loss,loss,train_nll_h,epoch,17,2.9747073650360107,float,ok,outputs/save_data/ryc/tht_tripgen_20260212_234749/loss_tht_tripgen.csv
loss_point,strategy_tht_loss,loss,train_nll_o,epoch,17,3.790153741836548,float,ok,outputs/save_data/ryc/tht_tripgen_20260212_234749/loss_tht_tripgen.csv
loss_point,strategy_tht_loss,loss,train_nll_d,epoch,17,3.8503549098968506,float,ok,outputs/save_data/ryc/tht_tripgen_20260212_234749/loss_tht_tripgen.csv
loss_point,strategy_tht_loss,loss,train_nll_r,epoch,17,-0.0032676069531589746,float,ok,outputs/save_data/ryc/tht_tripgen_20260212_234749/loss_tht_tripgen.csv
loss_point,strategy_tht_loss,loss,train_nll_passenger,epoch,17,0.7679895162582397,float,ok,outputs/save_data/ryc/tht_tripgen_20260212_234749/loss_tht_tripgen.csv
loss_point,strategy_tht_loss,loss,train_nll_total_amount,epoch,17,0.40985414385795593,float,ok,outputs/save_data/ryc/tht_tripgen_20260212_234749/loss_tht_tripgen.csv
loss_point,strategy_tht_loss,loss,val_nll_total,epoch,17,11.76272964477539,float,ok,outputs/save_data/ryc/tht_tripgen_20260212_234749/loss_tht_tripgen.csv
loss_point,strategy_tht_loss,loss,val_nll_h,epoch,17,2.9785659313201904,float,ok,outputs/save_data/ryc/tht_tripgen_20260212_234749/loss_tht_tripgen.csv
loss_point,strategy_tht_loss,loss,val_nll_o,epoch,17,3.781862258911133,float,ok,outputs/save_data/ryc/tht_tripgen_20260212_234749/loss_tht_tripgen.csv
loss_point,strategy_tht_loss,loss,val_nll_d,epoch,17,3.8446645736694336,float,ok,outputs/save_data/ryc/tht_tripgen_20260212_234749/loss_tht_tripgen.csv
loss_point,strategy_tht_loss,loss,val_nll_r,epoch,17,-0.0031561139039695263,float,ok,outputs/save_data/ryc/tht_tripgen_20260212_234749/loss_tht_tripgen.csv
loss_point,strategy_tht_loss,loss,val_nll_passenger,epoch,17,0.7482362389564514,float,ok,outputs/save_data/ryc/tht_tripgen_20260212_234749/loss_tht_tripgen.csv
loss_point,strategy_tht_loss,loss,val_nll_total_amount,epoch,17,0.41255736351013184,float,ok,outputs/save_data/ryc/tht_tripgen_20260212_234749/loss_tht_tripgen.csv
loss_point,strategy_tht_loss,loss,train_nll_total,epoch,18,11.785131454467773,float,ok,outputs/save_data/ryc/tht_tripgen_20260212_234749/loss_tht_tripgen.csv
loss_point,strategy_tht_loss,loss,train_nll_h,epoch,18,2.974708318710327,float,ok,outputs/save_data/ryc/tht_tripgen_20260212_234749/loss_tht_tripgen.csv
loss_point,strategy_tht_loss,loss,train_nll_o,epoch,18,3.7901296615600586,float,ok,outputs/save_data/ryc/tht_tripgen_20260212_234749/loss_tht_tripgen.csv
loss_point,strategy_tht_loss,loss,train_nll_d,epoch,18,3.8496057987213135,float,ok,outputs/save_data/ryc/tht_tripgen_20260212_234749/loss_tht_tripgen.csv
loss_point,strategy_tht_loss,loss,train_nll_r,epoch,18,-0.0033409809693694115,float,ok,outputs/save_data/ryc/tht_tripgen_20260212_234749/loss_tht_tripgen.csv
loss_point,strategy_tht_loss,loss,train_nll_passenger,epoch,18,0.7679204344749451,float,ok,outputs/save_data/ryc/tht_tripgen_20260212_234749/loss_tht_tripgen.csv
loss_point,strategy_tht_loss,loss,train_nll_total_amount,epoch,18,0.4061107039451599,float,ok,outputs/save_data/ryc/tht_tripgen_20260212_234749/loss_tht_tripgen.csv
loss_point,strategy_tht_loss,loss,val_nll_total,epoch,18,11.754542350769043,float,ok,outputs/save_data/ryc/tht_tripgen_20260212_234749/loss_tht_tripgen.csv
loss_point,strategy_tht_loss,loss,val_nll_h,epoch,18,2.9785830974578857,float,ok,outputs/save_data/ryc/tht_tripgen_20260212_234749/loss_tht_tripgen.csv
loss_point,strategy_tht_loss,loss,val_nll_o,epoch,18,3.7817585468292236,float,ok,outputs/save_data/ryc/tht_tripgen_20260212_234749/loss_tht_tripgen.csv
loss_point,strategy_tht_loss,loss,val_nll_d,epoch,18,3.8440070152282715,float,ok,outputs/save_data/ryc/tht_tripgen_20260212_234749/loss_tht_tripgen.csv
loss_point,strategy_tht_loss,loss,val_nll_r,epoch,18,-0.002989906119182706,float,ok,outputs/save_data/ryc/tht_tripgen_20260212_234749/loss_tht_tripgen.csv
loss_point,strategy_tht_loss,loss,val_nll_passenger,epoch,18,0.7482826709747314,float,ok,outputs/save_data/ryc/tht_tripgen_20260212_234749/loss_tht_tripgen.csv
loss_point,strategy_tht_loss,loss,val_nll_total_amount,epoch,18,0.40489813685417175,float,ok,outputs/save_data/ryc/tht_tripgen_20260212_234749/loss_tht_tripgen.csv
loss_point,strategy_tht_loss,loss,train_nll_total,epoch,19,11.780115127563477,float,ok,outputs/save_data/ryc/tht_tripgen_20260212_234749/loss_tht_tripgen.csv
loss_point,strategy_tht_loss,loss,train_nll_h,epoch,19,2.9747087955474854,float,ok,outputs/save_data/ryc/tht_tripgen_20260212_234749/loss_tht_tripgen.csv
loss_point,strategy_tht_loss,loss,train_nll_o,epoch,19,3.7900493144989014,float,ok,outputs/save_data/ryc/tht_tripgen_20260212_234749/loss_tht_tripgen.csv
loss_point,strategy_tht_loss,loss,train_nll_d,epoch,19,3.8484556674957275,float,ok,outputs/save_data/ryc/tht_tripgen_20260212_234749/loss_tht_tripgen.csv
loss_point,strategy_tht_loss,loss,train_nll_r,epoch,19,-0.003346686251461506,float,ok,outputs/save_data/ryc/tht_tripgen_20260212_234749/loss_tht_tripgen.csv
loss_point,strategy_tht_loss,loss,train_nll_passenger,epoch,19,0.7678097486495972,float,ok,outputs/save_data/ryc/tht_tripgen_20260212_234749/loss_tht_tripgen.csv
loss_point,strategy_tht_loss,loss,train_nll_total_amount,epoch,19,0.40244370698928833,float,ok,outputs/save_data/ryc/tht_tripgen_20260212_234749/loss_tht_tripgen.csv
loss_point,strategy_tht_loss,loss,val_nll_total,epoch,19,11.756669044494629,float,ok,outputs/save_data/ryc/tht_tripgen_20260212_234749/loss_tht_tripgen.csv
loss_point,strategy_tht_loss,loss,val_nll_h,epoch,19,2.9785568714141846,float,ok,outputs/save_data/ryc/tht_tripgen_20260212_234749/loss_tht_tripgen.csv
loss_point,strategy_tht_loss,loss,val_nll_o,epoch,19,3.781886100769043,float,ok,outputs/save_data/ryc/tht_tripgen_20260212_234749/loss_tht_tripgen.csv
loss_point,strategy_tht_loss,loss,val_nll_d,epoch,19,3.844298839569092,float,ok,outputs/save_data/ryc/tht_tripgen_20260212_234749/loss_tht_tripgen.csv
loss_point,strategy_tht_loss,loss,val_nll_r,epoch,19,-0.003253599628806114,float,ok,outputs/save_data/ryc/tht_tripgen_20260212_234749/loss_tht_tripgen.csv
loss_point,strategy_tht_loss,loss,val_nll_passenger,epoch,19,0.7481388449668884,float,ok,outputs/save_data/ryc/tht_tripgen_20260212_234749/loss_tht_tripgen.csv
loss_point,strategy_tht_loss,loss,val_nll_total_amount,epoch,19,0.4070432782173157,float,ok,outputs/save_data/ryc/tht_tripgen_20260212_234749/loss_tht_tripgen.csv
loss_point,strategy_tht_loss,loss,train_nll_total,epoch,20,11.776721000671387,float,ok,outputs/save_data/ryc/tht_tripgen_20260212_234749/loss_tht_tripgen.csv
loss_point,strategy_tht_loss,loss,train_nll_h,epoch,20,2.974714517593384,float,ok,outputs/save_data/ryc/tht_tripgen_20260212_234749/loss_tht_tripgen.csv
loss_point,strategy_tht_loss,loss,train_nll_o,epoch,20,3.7899904251098633,float,ok,outputs/save_data/ryc/tht_tripgen_20260212_234749/loss_tht_tripgen.csv
loss_point,strategy_tht_loss,loss,train_nll_d,epoch,20,3.8477206230163574,float,ok,outputs/save_data/ryc/tht_tripgen_20260212_234749/loss_tht_tripgen.csv
loss_point,strategy_tht_loss,loss,train_nll_r,epoch,20,-0.0034852693788707256,float,ok,outputs/save_data/ryc/tht_tripgen_20260212_234749/loss_tht_tripgen.csv
loss_point,strategy_tht_loss,loss,train_nll_passenger,epoch,20,0.7675643563270569,float,ok,outputs/save_data/ryc/tht_tripgen_20260212_234749/loss_tht_tripgen.csv
loss_point,strategy_tht_loss,loss,train_nll_total_amount,epoch,20,0.40021950006484985,float,ok,outputs/save_data/ryc/tht_tripgen_20260212_234749/loss_tht_tripgen.csv
loss_point,strategy_tht_loss,loss,val_nll_total,epoch,20,11.754026412963867,float,ok,outputs/save_data/ryc/tht_tripgen_20260212_234749/loss_tht_tripgen.csv
loss_point,strategy_tht_loss,loss,val_nll_h,epoch,20,2.978605031967163,float,ok,outputs/save_data/ryc/tht_tripgen_20260212_234749/loss_tht_tripgen.csv
loss_point,strategy_tht_loss,loss,val_nll_o,epoch,20,3.78166127204895,float,ok,outputs/save_data/ryc/tht_tripgen_20260212_234749/loss_tht_tripgen.csv
loss_point,strategy_tht_loss,loss,val_nll_d,epoch,20,3.8433053493499756,float,ok,outputs/save_data/ryc/tht_tripgen_20260212_234749/loss_tht_tripgen.csv
loss_point,strategy_tht_loss,loss,val_nll_r,epoch,20,-0.0031848757062107325,float,ok,outputs/save_data/ryc/tht_tripgen_20260212_234749/loss_tht_tripgen.csv
loss_point,strategy_tht_loss,loss,val_nll_passenger,epoch,20,0.7480138540267944,float,ok,outputs/save_data/ryc/tht_tripgen_20260212_234749/loss_tht_tripgen.csv
loss_point,strategy_tht_loss,loss,val_nll_total_amount,epoch,20,0.405624121427536,float,ok,outputs/save_data/ryc/tht_tripgen_20260212_234749/loss_tht_tripgen.csv
loss_point,strategy_tht_loss,loss,train_nll_total,epoch,21,11.77269172668457,float,ok,outputs/save_data/ryc/tht_tripgen_20260212_234749/loss_tht_tripgen.csv
loss_point,strategy_tht_loss,loss,train_nll_h,epoch,21,2.9747047424316406,float,ok,outputs/save_data/ryc/tht_tripgen_20260212_234749/loss_tht_tripgen.csv
loss_point,strategy_tht_loss,loss,train_nll_o,epoch,21,3.789855718612671,float,ok,outputs/save_data/ryc/tht_tripgen_20260212_234749/loss_tht_tripgen.csv
loss_point,strategy_tht_loss,loss,train_nll_d,epoch,21,3.846912384033203,float,ok,outputs/save_data/ryc/tht_tripgen_20260212_234749/loss_tht_tripgen.csv
loss_point,strategy_tht_loss,loss,train_nll_r,epoch,21,-0.003567533800378442,float,ok,outputs/save_data/ryc/tht_tripgen_20260212_234749/loss_tht_tripgen.csv
loss_point,strategy_tht_loss,loss,train_nll_passenger,epoch,21,0.7673925161361694,float,ok,outputs/save_data/ryc/tht_tripgen_20260212_234749/loss_tht_tripgen.csv
loss_point,strategy_tht_loss,loss,train_nll_total_amount,epoch,21,0.39739325642585754,float,ok,outputs/save_data/ryc/tht_tripgen_20260212_234749/loss_tht_tripgen.csv
loss_point,strategy_tht_loss,loss,val_nll_total,epoch,21,11.751368522644043,float,ok,outputs/save_data/ryc/tht_tripgen_20260212_234749/loss_tht_tripgen.csv
loss_point,strategy_tht_loss,loss,val_nll_h,epoch,21,2.97868013381958,float,ok,outputs/save_data/ryc/tht_tripgen_20260212_234749/loss_tht_tripgen.csv
loss_point,strategy_tht_loss,loss,val_nll_o,epoch,21,3.7817182540893555,float,ok,outputs/save_data/ryc/tht_tripgen_20260212_234749/loss_tht_tripgen.csv
loss_point,strategy_tht_loss,loss,val_nll_d,epoch,21,3.842477560043335,float,ok,outputs/save_data/ryc/tht_tripgen_20260212_234749/loss_tht_tripgen.csv
loss_point,strategy_tht_loss,loss,val_nll_r,epoch,21,-0.0030668273102492094,float,ok,outputs/save_data/ryc/tht_tripgen_20260212_234749/loss_tht_tripgen.csv
loss_point,strategy_tht_loss,loss,val_nll_passenger,epoch,21,0.7476980686187744,float,ok,outputs/save_data/ryc/tht_tripgen_20260212_234749/loss_tht_tripgen.csv
loss_point,strategy_tht_loss,loss,val_nll_total_amount,epoch,21,0.4038635790348053,float,ok,outputs/save_data/ryc/tht_tripgen_20260212_234749/loss_tht_tripgen.csv
loss_point,strategy_tht_loss,loss,train_nll_total,epoch,22,11.769486427307129,float,ok,outputs/save_data/ryc/tht_tripgen_20260212_234749/loss_tht_tripgen.csv
loss_point,strategy_tht_loss,loss,train_nll_h,epoch,22,2.9747111797332764,float,ok,outputs/save_data/ryc/tht_tripgen_20260212_234749/loss_tht_tripgen.csv
loss_point,strategy_tht_loss,loss,train_nll_o,epoch,22,3.789828062057495,float,ok,outputs/save_data/ryc/tht_tripgen_20260212_234749/loss_tht_tripgen.csv
loss_point,strategy_tht_loss,loss,train_nll_d,epoch,22,3.846118927001953,float,ok,outputs/save_data/ryc/tht_tripgen_20260212_234749/loss_tht_tripgen.csv
loss_point,strategy_tht_loss,loss,train_nll_r,epoch,22,-0.0036874008364975452,float,ok,outputs/save_data/ryc/tht_tripgen_20260212_234749/loss_tht_tripgen.csv
loss_point,strategy_tht_loss,loss,train_nll_passenger,epoch,22,0.7673109769821167,float,ok,outputs/save_data/ryc/tht_tripgen_20260212_234749/loss_tht_tripgen.csv
loss_point,strategy_tht_loss,loss,train_nll_total_amount,epoch,22,0.39520788192749023,float,ok,outputs/save_data/ryc/tht_tripgen_20260212_234749/loss_tht_tripgen.csv
loss_point,strategy_tht_loss,loss,val_nll_total,epoch,22,11.751644134521484,float,ok,outputs/save_data/ryc/tht_tripgen_20260212_234749/loss_tht_tripgen.csv
loss_point,strategy_tht_loss,loss,val_nll_h,epoch,22,2.978529691696167,float,ok,outputs/save_data/ryc/tht_tripgen_20260212_234749/loss_tht_tripgen.csv
loss_point,strategy_tht_loss,loss,val_nll_o,epoch,22,3.7816522121429443,float,ok,outputs/save_data/ryc/tht_tripgen_20260212_234749/loss_tht_tripgen.csv
loss_point,strategy_tht_loss,loss,val_nll_d,epoch,22,3.8409764766693115,float,ok,outputs/save_data/ryc/tht_tripgen_20260212_234749/loss_tht_tripgen.csv
loss_point,strategy_tht_loss,loss,val_nll_r,epoch,22,-0.0028553048614412546,float,ok,outputs/save_data/ryc/tht_tripgen_20260212_234749/loss_tht_tripgen.csv
loss_point,strategy_tht_loss,loss,val_nll_passenger,epoch,22,0.7481235861778259,float,ok,outputs/save_data/ryc/tht_tripgen_20260212_234749/loss_tht_tripgen.csv
loss_point,strategy_tht_loss,loss,val_nll_total_amount,epoch,22,0.40521958470344543,float,ok,outputs/save_data/ryc/tht_tripgen_20260212_234749/loss_tht_tripgen.csv
loss_point,strategy_tht_loss,loss,train_nll_total,epoch,23,11.766974449157715,float,ok,outputs/save_data/ryc/tht_tripgen_20260212_234749/loss_tht_tripgen.csv
loss_point,strategy_tht_loss,loss,train_nll_h,epoch,23,2.974701166152954,float,ok,outputs/save_data/ryc/tht_tripgen_20260212_234749/loss_tht_tripgen.csv
loss_point,strategy_tht_loss,loss,train_nll_o,epoch,23,3.7897024154663086,float,ok,outputs/save_data/ryc/tht_tripgen_20260212_234749/loss_tht_tripgen.csv
loss_point,strategy_tht_loss,loss,train_nll_d,epoch,23,3.8454980850219727,float,ok,outputs/save_data/ryc/tht_tripgen_20260212_234749/loss_tht_tripgen.csv
loss_point,strategy_tht_loss,loss,train_nll_r,epoch,23,-0.003702448680996895,float,ok,outputs/save_data/ryc/tht_tripgen_20260212_234749/loss_tht_tripgen.csv
loss_point,strategy_tht_loss,loss,train_nll_passenger,epoch,23,0.7672430276870728,float,ok,outputs/save_data/ryc/tht_tripgen_20260212_234749/loss_tht_tripgen.csv
loss_point,strategy_tht_loss,loss,train_nll_total_amount,epoch,23,0.393530011177063,float,ok,outputs/save_data/ryc/tht_tripgen_20260212_234749/loss_tht_tripgen.csv
loss_point,strategy_tht_loss,loss,val_nll_total,epoch,23,11.747543334960938,float,ok,outputs/save_data/ryc/tht_tripgen_20260212_234749/loss_tht_tripgen.csv
loss_point,strategy_tht_loss,loss,val_nll_h,epoch,23,2.9786012172698975,float,ok,outputs/save_data/ryc/tht_tripgen_20260212_234749/loss_tht_tripgen.csv
loss_point,strategy_tht_loss,loss,val_nll_o,epoch,23,3.781939744949341,float,ok,outputs/save_data/ryc/tht_tripgen_20260212_234749/loss_tht_tripgen.csv
loss_point,strategy_tht_loss,loss,val_nll_d,epoch,23,3.8421218395233154,float,ok,outputs/save_data/ryc/tht_tripgen_20260212_234749/loss_tht_tripgen.csv
loss_point,strategy_tht_loss,loss,val_nll_r,epoch,23,-0.002934063784778118,float,ok,outputs/save_data/ryc/tht_tripgen_20260212_234749/loss_tht_tripgen.csv
loss_point,strategy_tht_loss,loss,val_nll_passenger,epoch,23,0.748121976852417,float,ok,outputs/save_data/ryc/tht_tripgen_20260212_234749/loss_tht_tripgen.csv
loss_point,strategy_tht_loss,loss,val_nll_total_amount,epoch,23,0.39969488978385925,float,ok,outputs/save_data/ryc/tht_tripgen_20260212_234749/loss_tht_tripgen.csv
loss_point,strategy_tht_loss,loss,train_nll_total,epoch,24,11.763713836669922,float,ok,outputs/save_data/ryc/tht_tripgen_20260212_234749/loss_tht_tripgen.csv
loss_point,strategy_tht_loss,loss,train_nll_h,epoch,24,2.9747040271759033,float,ok,outputs/save_data/ryc/tht_tripgen_20260212_234749/loss_tht_tripgen.csv
loss_point,strategy_tht_loss,loss,train_nll_o,epoch,24,3.7896292209625244,float,ok,outputs/save_data/ryc/tht_tripgen_20260212_234749/loss_tht_tripgen.csv
loss_point,strategy_tht_loss,loss,train_nll_d,epoch,24,3.844871997833252,float,ok,outputs/save_data/ryc/tht_tripgen_20260212_234749/loss_tht_tripgen.csv
loss_point,strategy_tht_loss,loss,train_nll_r,epoch,24,-0.003819897072389722,float,ok,outputs/save_data/ryc/tht_tripgen_20260212_234749/loss_tht_tripgen.csv
loss_point,strategy_tht_loss,loss,train_nll_passenger,epoch,24,0.7670179605484009,float,ok,outputs/save_data/ryc/tht_tripgen_20260212_234749/loss_tht_tripgen.csv
loss_point,strategy_tht_loss,loss,train_nll_total_amount,epoch,24,0.3913065195083618,float,ok,outputs/save_data/ryc/tht_tripgen_20260212_234749/loss_tht_tripgen.csv
loss_point,strategy_tht_loss,loss,val_nll_total,epoch,24,11.747337341308594,float,ok,outputs/save_data/ryc/tht_tripgen_20260212_234749/loss_tht_tripgen.csv
loss_point,strategy_tht_loss,loss,val_nll_h,epoch,24,2.9785006046295166,float,ok,outputs/save_data/ryc/tht_tripgen_20260212_234749/loss_tht_tripgen.csv
loss_point,strategy_tht_loss,loss,val_nll_o,epoch,24,3.782071113586426,float,ok,outputs/save_data/ryc/tht_tripgen_20260212_234749/loss_tht_tripgen.csv
loss_point,strategy_tht_loss,loss,val_nll_d,epoch,24,3.8400251865386963,float,ok,outputs/save_data/ryc/tht_tripgen_20260212_234749/loss_tht_tripgen.csv
loss_point,strategy_tht_loss,loss,val_nll_r,epoch,24,-0.003041375195607543,float,ok,outputs/save_data/ryc/tht_tripgen_20260212_234749/loss_tht_tripgen.csv
loss_point,strategy_tht_loss,loss,val_nll_passenger,epoch,24,0.7478492259979248,float,ok,outputs/save_data/ryc/tht_tripgen_20260212_234749/loss_tht_tripgen.csv
loss_point,strategy_tht_loss,loss,val_nll_total_amount,epoch,24,0.4019290804862976,float,ok,outputs/save_data/ryc/tht_tripgen_20260212_234749/loss_tht_tripgen.csv
loss_point,strategy_tht_loss,loss,train_nll_total,epoch,25,11.761202812194824,float,ok,outputs/save_data/ryc/tht_tripgen_20260212_234749/loss_tht_tripgen.csv
loss_point,strategy_tht_loss,loss,train_nll_h,epoch,25,2.974698543548584,float,ok,outputs/save_data/ryc/tht_tripgen_20260212_234749/loss_tht_tripgen.csv
loss_point,strategy_tht_loss,loss,train_nll_o,epoch,25,3.789532423019409,float,ok,outputs/save_data/ryc/tht_tripgen_20260212_234749/loss_tht_tripgen.csv
loss_point,strategy_tht_loss,loss,train_nll_d,epoch,25,3.8443450927734375,float,ok,outputs/save_data/ryc/tht_tripgen_20260212_234749/loss_tht_tripgen.csv
loss_point,strategy_tht_loss,loss,train_nll_r,epoch,25,-0.0038628620095551014,float,ok,outputs/save_data/ryc/tht_tripgen_20260212_234749/loss_tht_tripgen.csv
loss_point,strategy_tht_loss,loss,train_nll_passenger,epoch,25,0.7670089602470398,float,ok,outputs/save_data/ryc/tht_tripgen_20260212_234749/loss_tht_tripgen.csv
loss_point,strategy_tht_loss,loss,train_nll_total_amount,epoch,25,0.38946959376335144,float,ok,outputs/save_data/ryc/tht_tripgen_20260212_234749/loss_tht_tripgen.csv
loss_point,strategy_tht_loss,loss,val_nll_total,epoch,25,11.743182182312012,float,ok,outputs/save_data/ryc/tht_tripgen_20260212_234749/loss_tht_tripgen.csv
loss_point,strategy_tht_loss,loss,val_nll_h,epoch,25,2.9786245822906494,float,ok,outputs/save_data/ryc/tht_tripgen_20260212_234749/loss_tht_tripgen.csv
loss_point,strategy_tht_loss,loss,val_nll_o,epoch,25,3.781700372695923,float,ok,outputs/save_data/ryc/tht_tripgen_20260212_234749/loss_tht_tripgen.csv
loss_point,strategy_tht_loss,loss,val_nll_d,epoch,25,3.840541124343872,float,ok,outputs/save_data/ryc/tht_tripgen_20260212_234749/loss_tht_tripgen.csv
loss_point,strategy_tht_loss,loss,val_nll_r,epoch,25,-0.0035580506082624197,float,ok,outputs/save_data/ryc/tht_tripgen_20260212_234749/loss_tht_tripgen.csv
loss_point,strategy_tht_loss,loss,val_nll_passenger,epoch,25,0.74756920337677,float,ok,outputs/save_data/ryc/tht_tripgen_20260212_234749/loss_tht_tripgen.csv
loss_point,strategy_tht_loss,loss,val_nll_total_amount,epoch,25,0.3983044922351837,float,ok,outputs/save_data/ryc/tht_tripgen_20260212_234749/loss_tht_tripgen.csv
loss_point,strategy_tht_loss,loss,train_nll_total,epoch,26,11.758548736572266,float,ok,outputs/save_data/ryc/tht_tripgen_20260212_234749/loss_tht_tripgen.csv
loss_point,strategy_tht_loss,loss,train_nll_h,epoch,26,2.974705219268799,float,ok,outputs/save_data/ryc/tht_tripgen_20260212_234749/loss_tht_tripgen.csv
loss_point,strategy_tht_loss,loss,train_nll_o,epoch,26,3.789551019668579,float,ok,outputs/save_data/ryc/tht_tripgen_20260212_234749/loss_tht_tripgen.csv
loss_point,strategy_tht_loss,loss,train_nll_d,epoch,26,3.843705892562866,float,ok,outputs/save_data/ryc/tht_tripgen_20260212_234749/loss_tht_tripgen.csv
loss_point,strategy_tht_loss,loss,train_nll_r,epoch,26,-0.003982799127697945,float,ok,outputs/save_data/ryc/tht_tripgen_20260212_234749/loss_tht_tripgen.csv
loss_point,strategy_tht_loss,loss,train_nll_passenger,epoch,26,0.7668238282203674,float,ok,outputs/save_data/ryc/tht_tripgen_20260212_234749/loss_tht_tripgen.csv
loss_point,strategy_tht_loss,loss,train_nll_total_amount,epoch,26,0.3877488970756531,float,ok,outputs/save_data/ryc/tht_tripgen_20260212_234749/loss_tht_tripgen.csv
loss_point,strategy_tht_loss,loss,val_nll_total,epoch,26,11.742384910583496,float,ok,outputs/save_data/ryc/tht_tripgen_20260212_234749/loss_tht_tripgen.csv
loss_point,strategy_tht_loss,loss,val_nll_h,epoch,26,2.978632926940918,float,ok,outputs/save_data/ryc/tht_tripgen_20260212_234749/loss_tht_tripgen.csv
loss_point,strategy_tht_loss,loss,val_nll_o,epoch,26,3.781816005706787,float,ok,outputs/save_data/ryc/tht_tripgen_20260212_234749/loss_tht_tripgen.csv
loss_point,strategy_tht_loss,loss,val_nll_d,epoch,26,3.839620590209961,float,ok,outputs/save_data/ryc/tht_tripgen_20260212_234749/loss_tht_tripgen.csv
loss_point,strategy_tht_loss,loss,val_nll_r,epoch,26,-0.003444019006565213,float,ok,outputs/save_data/ryc/tht_tripgen_20260212_234749/loss_tht_tripgen.csv
loss_point,strategy_tht_loss,loss,val_nll_passenger,epoch,26,0.7477288246154785,float,ok,outputs/save_data/ryc/tht_tripgen_20260212_234749/loss_tht_tripgen.csv
loss_point,strategy_tht_loss,loss,val_nll_total_amount,epoch,26,0.39803147315979004,float,ok,outputs/save_data/ryc/tht_tripgen_20260212_234749/loss_tht_tripgen.csv
loss_point,strategy_tht_loss,loss,train_nll_total,epoch,27,11.755751609802246,float,ok,outputs/save_data/ryc/tht_tripgen_20260212_234749/loss_tht_tripgen.csv
loss_point,strategy_tht_loss,loss,train_nll_h,epoch,27,2.974710702896118,float,ok,outputs/save_data/ryc/tht_tripgen_20260212_234749/loss_tht_tripgen.csv
loss_point,strategy_tht_loss,loss,train_nll_o,epoch,27,3.789484977722168,float,ok,outputs/save_data/ryc/tht_tripgen_20260212_234749/loss_tht_tripgen.csv
loss_point,strategy_tht_loss,loss,train_nll_d,epoch,27,3.843085765838623,float,ok,outputs/save_data/ryc/tht_tripgen_20260212_234749/loss_tht_tripgen.csv
loss_point,strategy_tht_loss,loss,train_nll_r,epoch,27,-0.004025548696517944,float,ok,outputs/save_data/ryc/tht_tripgen_20260212_234749/loss_tht_tripgen.csv
loss_point,strategy_tht_loss,loss,train_nll_passenger,epoch,27,0.7667638063430786,float,ok,outputs/save_data/ryc/tht_tripgen_20260212_234749/loss_tht_tripgen.csv
loss_point,strategy_tht_loss,loss,train_nll_total_amount,epoch,27,0.38572511076927185,float,ok,outputs/save_data/ryc/tht_tripgen_20260212_234749/loss_tht_tripgen.csv
loss_point,strategy_tht_loss,loss,val_nll_total,epoch,27,11.740898132324219,float,ok,outputs/save_data/ryc/tht_tripgen_20260212_234749/loss_tht_tripgen.csv
loss_point,strategy_tht_loss,loss,val_nll_h,epoch,27,2.9785618782043457,float,ok,outputs/save_data/ryc/tht_tripgen_20260212_234749/loss_tht_tripgen.csv
loss_point,strategy_tht_loss,loss,val_nll_o,epoch,27,3.7818996906280518,float,ok,outputs/save_data/ryc/tht_tripgen_20260212_234749/loss_tht_tripgen.csv
loss_point,strategy_tht_loss,loss,val_nll_d,epoch,27,3.8394174575805664,float,ok,outputs/save_data/ryc/tht_tripgen_20260212_234749/loss_tht_tripgen.csv
loss_point,strategy_tht_loss,loss,val_nll_r,epoch,27,-0.0033820001408457756,float,ok,outputs/save_data/ryc/tht_tripgen_20260212_234749/loss_tht_tripgen.csv
loss_point,strategy_tht_loss,loss,val_nll_passenger,epoch,27,0.7474279403686523,float,ok,outputs/save_data/ryc/tht_tripgen_20260212_234749/loss_tht_tripgen.csv
loss_point,strategy_tht_loss,loss,val_nll_total_amount,epoch,27,0.39697855710983276,float,ok,outputs/save_data/ryc/tht_tripgen_20260212_234749/loss_tht_tripgen.csv
loss_point,strategy_tht_loss,loss,train_nll_total,epoch,28,11.753933906555176,float,ok,outputs/save_data/ryc/tht_tripgen_20260212_234749/loss_tht_tripgen.csv
loss_point,strategy_tht_loss,loss,train_nll_h,epoch,28,2.9746994972229004,float,ok,outputs/save_data/ryc/tht_tripgen_20260212_234749/loss_tht_tripgen.csv
loss_point,strategy_tht_loss,loss,train_nll_o,epoch,28,3.78940749168396,float,ok,outputs/save_data/ryc/tht_tripgen_20260212_234749/loss_tht_tripgen.csv
loss_point,strategy_tht_loss,loss,train_nll_d,epoch,28,3.842661142349243,float,ok,outputs/save_data/ryc/tht_tripgen_20260212_234749/loss_tht_tripgen.csv
loss_point,strategy_tht_loss,loss,train_nll_r,epoch,28,-0.0041194031946361065,float,ok,outputs/save_data/ryc/tht_tripgen_20260212_234749/loss_tht_tripgen.csv
loss_point,strategy_tht_loss,loss,train_nll_passenger,epoch,28,0.7666990160942078,float,ok,outputs/save_data/ryc/tht_tripgen_20260212_234749/loss_tht_tripgen.csv
loss_point,strategy_tht_loss,loss,train_nll_total_amount,epoch,28,0.3845859467983246,float,ok,outputs/save_data/ryc/tht_tripgen_20260212_234749/loss_tht_tripgen.csv
loss_point,strategy_tht_loss,loss,val_nll_total,epoch,28,11.743180274963379,float,ok,outputs/save_data/ryc/tht_tripgen_20260212_234749/loss_tht_tripgen.csv
loss_point,strategy_tht_loss,loss,val_nll_h,epoch,28,2.978649616241455,float,ok,outputs/save_data/ryc/tht_tripgen_20260212_234749/loss_tht_tripgen.csv
loss_point,strategy_tht_loss,loss,val_nll_o,epoch,28,3.7817537784576416,float,ok,outputs/save_data/ryc/tht_tripgen_20260212_234749/loss_tht_tripgen.csv
loss_point,strategy_tht_loss,loss,val_nll_d,epoch,28,3.8385069370269775,float,ok,outputs/save_data/ryc/tht_tripgen_20260212_234749/loss_tht_tripgen.csv
loss_point,strategy_tht_loss,loss,val_nll_r,epoch,28,-0.0034492206759750843,float,ok,outputs/save_data/ryc/tht_tripgen_20260212_234749/loss_tht_tripgen.csv
loss_point,strategy_tht_loss,loss,val_nll_passenger,epoch,28,0.7478436231613159,float,ok,outputs/save_data/ryc/tht_tripgen_20260212_234749/loss_tht_tripgen.csv
loss_point,strategy_tht_loss,loss,val_nll_total_amount,epoch,28,0.3998764157295227,float,ok,outputs/save_data/ryc/tht_tripgen_20260212_234749/loss_tht_tripgen.csv
loss_point,strategy_tht_loss,loss,train_nll_total,epoch,29,11.751691818237305,float,ok,outputs/save_data/ryc/tht_tripgen_20260212_234749/loss_tht_tripgen.csv
loss_point,strategy_tht_loss,loss,train_nll_h,epoch,29,2.974698305130005,float,ok,outputs/save_data/ryc/tht_tripgen_20260212_234749/loss_tht_tripgen.csv
loss_point,strategy_tht_loss,loss,train_nll_o,epoch,29,3.789344310760498,float,ok,outputs/save_data/ryc/tht_tripgen_20260212_234749/loss_tht_tripgen.csv
loss_point,strategy_tht_loss,loss,train_nll_d,epoch,29,3.842343807220459,float,ok,outputs/save_data/ryc/tht_tripgen_20260212_234749/loss_tht_tripgen.csv
loss_point,strategy_tht_loss,loss,train_nll_r,epoch,29,-0.004137199837714434,float,ok,outputs/save_data/ryc/tht_tripgen_20260212_234749/loss_tht_tripgen.csv
loss_point,strategy_tht_loss,loss,train_nll_passenger,epoch,29,0.7665950655937195,float,ok,outputs/save_data/ryc/tht_tripgen_20260212_234749/loss_tht_tripgen.csv
loss_point,strategy_tht_loss,loss,train_nll_total_amount,epoch,29,0.3828575313091278,float,ok,outputs/save_data/ryc/tht_tripgen_20260212_234749/loss_tht_tripgen.csv
loss_point,strategy_tht_loss,loss,val_nll_total,epoch,29,11.739381790161133,float,ok,outputs/save_data/ryc/tht_tripgen_20260212_234749/loss_tht_tripgen.csv
loss_point,strategy_tht_loss,loss,val_nll_h,epoch,29,2.9785690307617188,float,ok,outputs/save_data/ryc/tht_tripgen_20260212_234749/loss_tht_tripgen.csv
loss_point,strategy_tht_loss,loss,val_nll_o,epoch,29,3.7818634510040283,float,ok,outputs/save_data/ryc/tht_tripgen_20260212_234749/loss_tht_tripgen.csv
loss_point,strategy_tht_loss,loss,val_nll_d,epoch,29,3.8388044834136963,float,ok,outputs/save_data/ryc/tht_tripgen_20260212_234749/loss_tht_tripgen.csv
loss_point,strategy_tht_loss,loss,val_nll_r,epoch,29,-0.0033957031555473804,float,ok,outputs/save_data/ryc/tht_tripgen_20260212_234749/loss_tht_tripgen.csv
loss_point,strategy_tht_loss,loss,val_nll_passenger,epoch,29,0.7477141618728638,float,ok,outputs/save_data/ryc/tht_tripgen_20260212_234749/loss_tht_tripgen.csv
loss_point,strategy_tht_loss,loss,val_nll_total_amount,epoch,29,0.39582327008247375,float,ok,outputs/save_data/ryc/tht_tripgen_20260212_234749/loss_tht_tripgen.csv
loss_point,strategy_tht_loss,loss,train_nll_total,epoch,30,11.750235557556152,float,ok,outputs/save_data/ryc/tht_tripgen_20260212_234749/loss_tht_tripgen.csv
loss_point,strategy_tht_loss,loss,train_nll_h,epoch,30,2.9746997356414795,float,ok,outputs/save_data/ryc/tht_tripgen_20260212_234749/loss_tht_tripgen.csv
loss_point,strategy_tht_loss,loss,train_nll_o,epoch,30,3.789320707321167,float,ok,outputs/save_data/ryc/tht_tripgen_20260212_234749/loss_tht_tripgen.csv
loss_point,strategy_tht_loss,loss,train_nll_d,epoch,30,3.8417134284973145,float,ok,outputs/save_data/ryc/tht_tripgen_20260212_234749/loss_tht_tripgen.csv
loss_point,strategy_tht_loss,loss,train_nll_r,epoch,30,-0.004241333343088627,float,ok,outputs/save_data/ryc/tht_tripgen_20260212_234749/loss_tht_tripgen.csv
loss_point,strategy_tht_loss,loss,train_nll_passenger,epoch,30,0.766552209854126,float,ok,outputs/save_data/ryc/tht_tripgen_20260212_234749/loss_tht_tripgen.csv
loss_point,strategy_tht_loss,loss,train_nll_total_amount,epoch,30,0.38219237327575684,float,ok,outputs/save_data/ryc/tht_tripgen_20260212_234749/loss_tht_tripgen.csv
loss_point,strategy_tht_loss,loss,val_nll_total,epoch,30,11.737275123596191,float,ok,outputs/save_data/ryc/tht_tripgen_20260212_234749/loss_tht_tripgen.csv
loss_point,strategy_tht_loss,loss,val_nll_h,epoch,30,2.9785587787628174,float,ok,outputs/save_data/ryc/tht_tripgen_20260212_234749/loss_tht_tripgen.csv
loss_point,strategy_tht_loss,loss,val_nll_o,epoch,30,3.7817916870117188,float,ok,outputs/save_data/ryc/tht_tripgen_20260212_234749/loss_tht_tripgen.csv
loss_point,strategy_tht_loss,loss,val_nll_d,epoch,30,3.838168144226074,float,ok,outputs/save_data/ryc/tht_tripgen_20260212_234749/loss_tht_tripgen.csv
loss_point,strategy_tht_loss,loss,val_nll_r,epoch,30,-0.003481832332909107,float,ok,outputs/save_data/ryc/tht_tripgen_20260212_234749/loss_tht_tripgen.csv
loss_point,strategy_tht_loss,loss,val_nll_passenger,epoch,30,0.7473950386047363,float,ok,outputs/save_data/ryc/tht_tripgen_20260212_234749/loss_tht_tripgen.csv
loss_point,strategy_tht_loss,loss,val_nll_total_amount,epoch,30,0.39484360814094543,float,ok,outputs/save_data/ryc/tht_tripgen_20260212_234749/loss_tht_tripgen.csv
scalar_point,strategy_tht_scalars,scalars,train/nll_total,step,1,13.024033546447754,float,ok,outputs/save_data/ryc/tht_tripgen_20260212_234749/logs/scalars.csv
scalar_point,strategy_tht_scalars,scalars,train/nll_h,step,1,3.064527750015259,float,ok,outputs/save_data/ryc/tht_tripgen_20260212_234749/logs/scalars.csv
scalar_point,strategy_tht_scalars,scalars,train/nll_o,step,1,3.8793299198150635,float,ok,outputs/save_data/ryc/tht_tripgen_20260212_234749/logs/scalars.csv
scalar_point,strategy_tht_scalars,scalars,train/nll_d,step,1,4.152364253997803,float,ok,outputs/save_data/ryc/tht_tripgen_20260212_234749/logs/scalars.csv
scalar_point,strategy_tht_scalars,scalars,train/nll_r,step,1,0.006088691763579845,float,ok,outputs/save_data/ryc/tht_tripgen_20260212_234749/logs/scalars.csv
scalar_point,strategy_tht_scalars,scalars,train/nll_passenger,step,1,0.8311333656311035,float,ok,outputs/save_data/ryc/tht_tripgen_20260212_234749/logs/scalars.csv
scalar_point,strategy_tht_scalars,scalars,train/nll_total_amount,step,1,1.0905920267105103,float,ok,outputs/save_data/ryc/tht_tripgen_20260212_234749/logs/scalars.csv
scalar_point,strategy_tht_scalars,scalars,val/nll_total,step,1,12.462056159973145,float,ok,outputs/save_data/ryc/tht_tripgen_20260212_234749/logs/scalars.csv
scalar_point,strategy_tht_scalars,scalars,val/nll_h,step,1,2.9895029067993164,float,ok,outputs/save_data/ryc/tht_tripgen_20260212_234749/logs/scalars.csv
scalar_point,strategy_tht_scalars,scalars,val/nll_o,step,1,3.786299705505371,float,ok,outputs/save_data/ryc/tht_tripgen_20260212_234749/logs/scalars.csv
scalar_point,strategy_tht_scalars,scalars,val/nll_d,step,1,3.9712467193603516,float,ok,outputs/save_data/ryc/tht_tripgen_20260212_234749/logs/scalars.csv
scalar_point,strategy_tht_scalars,scalars,val/nll_r,step,1,0.0004621068073902279,float,ok,outputs/save_data/ryc/tht_tripgen_20260212_234749/logs/scalars.csv
scalar_point,strategy_tht_scalars,scalars,val/nll_passenger,step,1,0.7568913102149963,float,ok,outputs/save_data/ryc/tht_tripgen_20260212_234749/logs/scalars.csv
scalar_point,strategy_tht_scalars,scalars,val/nll_total_amount,step,1,0.9576523900032043,float,ok,outputs/save_data/ryc/tht_tripgen_20260212_234749/logs/scalars.csv
scalar_point,strategy_tht_scalars,scalars,train/grad_norm,step,1,0.6949682162120583,float,ok,outputs/save_data/ryc/tht_tripgen_20260212_234749/logs/scalars.csv
scalar_point,strategy_tht_scalars,scalars,train/param_norm,step,1,105.78142712093819,float,ok,outputs/save_data/ryc/tht_tripgen_20260212_234749/logs/scalars.csv
scalar_point,strategy_tht_scalars,scalars,flow/layer_logdet_mean_4,step,1,0.011122887954115868,float,ok,outputs/save_data/ryc/tht_tripgen_20260212_234749/logs/scalars.csv
scalar_point,strategy_tht_scalars,scalars,flow/layer_logdet_std_4,step,1,0.20262832939624786,float,ok,outputs/save_data/ryc/tht_tripgen_20260212_234749/logs/scalars.csv
scalar_point,strategy_tht_scalars,scalars,flow/layer_logdet_mean_3,step,1,-0.003177780658006668,float,ok,outputs/save_data/ryc/tht_tripgen_20260212_234749/logs/scalars.csv
scalar_point,strategy_tht_scalars,scalars,flow/layer_logdet_std_3,step,1,0.08999936282634735,float,ok,outputs/save_data/ryc/tht_tripgen_20260212_234749/logs/scalars.csv
scalar_point,strategy_tht_scalars,scalars,flow/layer_logdet_mean_2,step,1,-0.004568200558423996,float,ok,outputs/save_data/ryc/tht_tripgen_20260212_234749/logs/scalars.csv
scalar_point,strategy_tht_scalars,scalars,flow/layer_logdet_std_2,step,1,0.07205397635698318,float,ok,outputs/save_data/ryc/tht_tripgen_20260212_234749/logs/scalars.csv
scalar_point,strategy_tht_scalars,scalars,flow/layer_logdet_mean_1,step,1,-0.00797673687338829,float,ok,outputs/save_data/ryc/tht_tripgen_20260212_234749/logs/scalars.csv
scalar_point,strategy_tht_scalars,scalars,flow/layer_logdet_std_1,step,1,0.09924129396677017,float,ok,outputs/save_data/ryc/tht_tripgen_20260212_234749/logs/scalars.csv
scalar_point,strategy_tht_scalars,scalars,flow/layer_logdet_mean_0,step,1,0.0005955985398031771,float,ok,outputs/save_data/ryc/tht_tripgen_20260212_234749/logs/scalars.csv
scalar_point,strategy_tht_scalars,scalars,flow/layer_logdet_std_0,step,1,0.061213843524456024,float,ok,outputs/save_data/ryc/tht_tripgen_20260212_234749/logs/scalars.csv
scalar_point,strategy_tht_scalars,scalars,train/nll_total,step,2,12.376243591308594,float,ok,outputs/save_data/ryc/tht_tripgen_20260212_234749/logs/scalars.csv
scalar_point,strategy_tht_scalars,scalars,train/nll_h,step,2,2.9788591861724854,float,ok,outputs/save_data/ryc/tht_tripgen_20260212_234749/logs/scalars.csv
scalar_point,strategy_tht_scalars,scalars,train/nll_o,step,2,3.79990553855896,float,ok,outputs/save_data/ryc/tht_tripgen_20260212_234749/logs/scalars.csv
scalar_point,strategy_tht_scalars,scalars,train/nll_d,step,2,3.944856643676758,float,ok,outputs/save_data/ryc/tht_tripgen_20260212_234749/logs/scalars.csv
scalar_point,strategy_tht_scalars,scalars,train/nll_r,step,2,0.00019886373775079846,float,ok,outputs/save_data/ryc/tht_tripgen_20260212_234749/logs/scalars.csv
scalar_point,strategy_tht_scalars,scalars,train/nll_passenger,step,2,0.7770802974700928,float,ok,outputs/save_data/ryc/tht_tripgen_20260212_234749/logs/scalars.csv
scalar_point,strategy_tht_scalars,scalars,train/nll_total_amount,step,2,0.8753536343574524,float,ok,outputs/save_data/ryc/tht_tripgen_20260212_234749/logs/scalars.csv
scalar_point,strategy_tht_scalars,scalars,val/nll_total,step,2,12.192521095275879,float,ok,outputs/save_data/ryc/tht_tripgen_20260212_234749/logs/scalars.csv
scalar_point,strategy_tht_scalars,scalars,val/nll_h,step,2,2.9795281887054443,float,ok,outputs/save_data/ryc/tht_tripgen_20260212_234749/logs/scalars.csv
scalar_point,strategy_tht_scalars,scalars,val/nll_o,step,2,3.7832350730895996,float,ok,outputs/save_data/ryc/tht_tripgen_20260212_234749/logs/scalars.csv
scalar_point,strategy_tht_scalars,scalars,val/nll_d,step,2,3.906214952468872,float,ok,outputs/save_data/ryc/tht_tripgen_20260212_234749/logs/scalars.csv
scalar_point,strategy_tht_scalars,scalars,val/nll_r,step,2,-0.0010199379175901413,float,ok,outputs/save_data/ryc/tht_tripgen_20260212_234749/logs/scalars.csv
scalar_point,strategy_tht_scalars,scalars,val/nll_passenger,step,2,0.754029393196106,float,ok,outputs/save_data/ryc/tht_tripgen_20260212_234749/logs/scalars.csv
scalar_point,strategy_tht_scalars,scalars,val/nll_total_amount,step,2,0.7705397009849548,float,ok,outputs/save_data/ryc/tht_tripgen_20260212_234749/logs/scalars.csv
scalar_point,strategy_tht_scalars,scalars,train/grad_norm,step,2,1.008502138110634,float,ok,outputs/save_data/ryc/tht_tripgen_20260212_234749/logs/scalars.csv
scalar_point,strategy_tht_scalars,scalars,train/param_norm,step,2,111.16013932213534,float,ok,outputs/save_data/ryc/tht_tripgen_20260212_234749/logs/scalars.csv
scalar_point,strategy_tht_scalars,scalars,flow/layer_logdet_mean_4,step,2,0.006995975039899349,float,ok,outputs/save_data/ryc/tht_tripgen_20260212_234749/logs/scalars.csv
scalar_point,strategy_tht_scalars,scalars,flow/layer_logdet_std_4,step,2,0.1564999371767044,float,ok,outputs/save_data/ryc/tht_tripgen_20260212_234749/logs/scalars.csv
scalar_point,strategy_tht_scalars,scalars,flow/layer_logdet_mean_3,step,2,-0.006763557903468609,float,ok,outputs/save_data/ryc/tht_tripgen_20260212_234749/logs/scalars.csv
scalar_point,strategy_tht_scalars,scalars,flow/layer_logdet_std_3,step,2,0.07317022979259491,float,ok,outputs/save_data/ryc/tht_tripgen_20260212_234749/logs/scalars.csv
scalar_point,strategy_tht_scalars,scalars,flow/layer_logdet_mean_2,step,2,-0.010918882675468922,float,ok,outputs/save_data/ryc/tht_tripgen_20260212_234749/logs/scalars.csv
scalar_point,strategy_tht_scalars,scalars,flow/layer_logdet_std_2,step,2,0.08580972254276276,float,ok,outputs/save_data/ryc/tht_tripgen_20260212_234749/logs/scalars.csv
scalar_point,strategy_tht_scalars,scalars,flow/layer_logdet_mean_1,step,2,-0.011543886736035347,float,ok,outputs/save_data/ryc/tht_tripgen_20260212_234749/logs/scalars.csv
scalar_point,strategy_tht_scalars,scalars,flow/layer_logdet_std_1,step,2,0.09571132063865662,float,ok,outputs/save_data/ryc/tht_tripgen_20260212_234749/logs/scalars.csv
scalar_point,strategy_tht_scalars,scalars,flow/layer_logdet_mean_0,step,2,0.005181916989386082,float,ok,outputs/save_data/ryc/tht_tripgen_20260212_234749/logs/scalars.csv
scalar_point,strategy_tht_scalars,scalars,flow/layer_logdet_std_0,step,2,0.07757996767759323,float,ok,outputs/save_data/ryc/tht_tripgen_20260212_234749/logs/scalars.csv
scalar_point,strategy_tht_scalars,scalars,train/nll_total,step,3,12.175604820251465,float,ok,outputs/save_data/ryc/tht_tripgen_20260212_234749/logs/scalars.csv
scalar_point,strategy_tht_scalars,scalars,train/nll_h,step,3,2.9752044677734375,float,ok,outputs/save_data/ryc/tht_tripgen_20260212_234749/logs/scalars.csv
scalar_point,strategy_tht_scalars,scalars,train/nll_o,step,3,3.7960638999938965,float,ok,outputs/save_data/ryc/tht_tripgen_20260212_234749/logs/scalars.csv
scalar_point,strategy_tht_scalars,scalars,train/nll_d,step,3,3.9068500995635986,float,ok,outputs/save_data/ryc/tht_tripgen_20260212_234749/logs/scalars.csv
scalar_point,strategy_tht_scalars,scalars,train/nll_r,step,3,-0.0005783244268968701,float,ok,outputs/save_data/ryc/tht_tripgen_20260212_234749/logs/scalars.csv
scalar_point,strategy_tht_scalars,scalars,train/nll_passenger,step,3,0.7746182084083557,float,ok,outputs/save_data/ryc/tht_tripgen_20260212_234749/logs/scalars.csv
scalar_point,strategy_tht_scalars,scalars,train/nll_total_amount,step,3,0.7234355211257935,float,ok,outputs/save_data/ryc/tht_tripgen_20260212_234749/logs/scalars.csv
scalar_point,strategy_tht_scalars,scalars,val/nll_total,step,3,12.032027244567871,float,ok,outputs/save_data/ryc/tht_tripgen_20260212_234749/logs/scalars.csv
scalar_point,strategy_tht_scalars,scalars,val/nll_h,step,3,2.9788479804992676,float,ok,outputs/save_data/ryc/tht_tripgen_20260212_234749/logs/scalars.csv
scalar_point,strategy_tht_scalars,scalars,val/nll_o,step,3,3.782822370529175,float,ok,outputs/save_data/ryc/tht_tripgen_20260212_234749/logs/scalars.csv
scalar_point,strategy_tht_scalars,scalars,val/nll_d,step,3,3.8843367099761963,float,ok,outputs/save_data/ryc/tht_tripgen_20260212_234749/logs/scalars.csv
scalar_point,strategy_tht_scalars,scalars,val/nll_r,step,3,-0.0015783478738740087,float,ok,outputs/save_data/ryc/tht_tripgen_20260212_234749/logs/scalars.csv
scalar_point,strategy_tht_scalars,scalars,val/nll_passenger,step,3,0.7529123425483704,float,ok,outputs/save_data/ryc/tht_tripgen_20260212_234749/logs/scalars.csv
scalar_point,strategy_tht_scalars,scalars,val/nll_total_amount,step,3,0.6346824765205383,float,ok,outputs/save_data/ryc/tht_tripgen_20260212_234749/logs/scalars.csv
scalar_point,strategy_tht_scalars,scalars,train/grad_norm,step,3,1.1252797169159354,float,ok,outputs/save_data/ryc/tht_tripgen_20260212_234749/logs/scalars.csv
scalar_point,strategy_tht_scalars,scalars,train/param_norm,step,3,116.57398763876358,float,ok,outputs/save_data/ryc/tht_tripgen_20260212_234749/logs/scalars.csv
scalar_point,strategy_tht_scalars,scalars,flow/layer_logdet_mean_4,step,3,0.010443616658449173,float,ok,outputs/save_data/ryc/tht_tripgen_20260212_234749/logs/scalars.csv
scalar_point,strategy_tht_scalars,scalars,flow/layer_logdet_std_4,step,3,0.14412984251976013,float,ok,outputs/save_data/ryc/tht_tripgen_20260212_234749/logs/scalars.csv
scalar_point,strategy_tht_scalars,scalars,flow/layer_logdet_mean_3,step,3,-0.005827842280268669,float,ok,outputs/save_data/ryc/tht_tripgen_20260212_234749/logs/scalars.csv
scalar_point,strategy_tht_scalars,scalars,flow/layer_logdet_std_3,step,3,0.0670764297246933,float,ok,outputs/save_data/ryc/tht_tripgen_20260212_234749/logs/scalars.csv
scalar_point,strategy_tht_scalars,scalars,flow/layer_logdet_mean_2,step,3,-0.008202208206057549,float,ok,outputs/save_data/ryc/tht_tripgen_20260212_234749/logs/scalars.csv
scalar_point,strategy_tht_scalars,scalars,flow/layer_logdet_std_2,step,3,0.07190076261758804,float,ok,outputs/save_data/ryc/tht_tripgen_20260212_234749/logs/scalars.csv
scalar_point,strategy_tht_scalars,scalars,flow/layer_logdet_mean_1,step,3,-0.01075933687388897,float,ok,outputs/save_data/ryc/tht_tripgen_20260212_234749/logs/scalars.csv
scalar_point,strategy_tht_scalars,scalars,flow/layer_logdet_std_1,step,3,0.09752429276704788,float,ok,outputs/save_data/ryc/tht_tripgen_20260212_234749/logs/scalars.csv
scalar_point,strategy_tht_scalars,scalars,flow/layer_logdet_mean_0,step,3,0.005897072143852711,float,ok,outputs/save_data/ryc/tht_tripgen_20260212_234749/logs/scalars.csv
scalar_point,strategy_tht_scalars,scalars,flow/layer_logdet_std_0,step,3,0.07927318662405014,float,ok,outputs/save_data/ryc/tht_tripgen_20260212_234749/logs/scalars.csv
scalar_point,strategy_tht_scalars,scalars,train/nll_total,step,4,12.054091453552246,float,ok,outputs/save_data/ryc/tht_tripgen_20260212_234749/logs/scalars.csv
scalar_point,strategy_tht_scalars,scalars,train/nll_h,step,4,2.974837303161621,float,ok,outputs/save_data/ryc/tht_tripgen_20260212_234749/logs/scalars.csv
scalar_point,strategy_tht_scalars,scalars,train/nll_o,step,4,3.7944042682647705,float,ok,outputs/save_data/ryc/tht_tripgen_20260212_234749/logs/scalars.csv
scalar_point,strategy_tht_scalars,scalars,train/nll_d,step,4,3.8901498317718506,float,ok,outputs/save_data/ryc/tht_tripgen_20260212_234749/logs/scalars.csv
scalar_point,strategy_tht_scalars,scalars,train/nll_r,step,4,-0.0012496460694819689,float,ok,outputs/save_data/ryc/tht_tripgen_20260212_234749/logs/scalars.csv
scalar_point,strategy_tht_scalars,scalars,train/nll_passenger,step,4,0.7732648253440857,float,ok,outputs/save_data/ryc/tht_tripgen_20260212_234749/logs/scalars.csv
scalar_point,strategy_tht_scalars,scalars,train/nll_total_amount,step,4,0.6226785182952881,float,ok,outputs/save_data/ryc/tht_tripgen_20260212_234749/logs/scalars.csv
scalar_point,strategy_tht_scalars,scalars,val/nll_total,step,4,11.951554298400879,float,ok,outputs/save_data/ryc/tht_tripgen_20260212_234749/logs/scalars.csv
scalar_point,strategy_tht_scalars,scalars,val/nll_h,step,4,2.9787182807922363,float,ok,outputs/save_data/ryc/tht_tripgen_20260212_234749/logs/scalars.csv
scalar_point,strategy_tht_scalars,scalars,val/nll_o,step,4,3.782661199569702,float,ok,outputs/save_data/ryc/tht_tripgen_20260212_234749/logs/scalars.csv
scalar_point,strategy_tht_scalars,scalars,val/nll_d,step,4,3.873507261276245,float,ok,outputs/save_data/ryc/tht_tripgen_20260212_234749/logs/scalars.csv
scalar_point,strategy_tht_scalars,scalars,val/nll_r,step,4,-0.001584453391842544,float,ok,outputs/save_data/ryc/tht_tripgen_20260212_234749/logs/scalars.csv
scalar_point,strategy_tht_scalars,scalars,val/nll_passenger,step,4,0.7521304488182068,float,ok,outputs/save_data/ryc/tht_tripgen_20260212_234749/logs/scalars.csv
scalar_point,strategy_tht_scalars,scalars,val/nll_total_amount,step,4,0.5661240816116333,float,ok,outputs/save_data/ryc/tht_tripgen_20260212_234749/logs/scalars.csv
scalar_point,strategy_tht_scalars,scalars,train/grad_norm,step,4,1.9999992714447594,float,ok,outputs/save_data/ryc/tht_tripgen_20260212_234749/logs/scalars.csv
scalar_point,strategy_tht_scalars,scalars,train/param_norm,step,4,121.2426399437903,float,ok,outputs/save_data/ryc/tht_tripgen_20260212_234749/logs/scalars.csv
scalar_point,strategy_tht_scalars,scalars,flow/layer_logdet_mean_4,step,4,0.01231161318719387,float,ok,outputs/save_data/ryc/tht_tripgen_20260212_234749/logs/scalars.csv
scalar_point,strategy_tht_scalars,scalars,flow/layer_logdet_std_4,step,4,0.1659066081047058,float,ok,outputs/save_data/ryc/tht_tripgen_20260212_234749/logs/scalars.csv
scalar_point,strategy_tht_scalars,scalars,flow/layer_logdet_mean_3,step,4,-0.006222102791070938,float,ok,outputs/save_data/ryc/tht_tripgen_20260212_234749/logs/scalars.csv
scalar_point,strategy_tht_scalars,scalars,flow/layer_logdet_std_3,step,4,0.06873415410518646,float,ok,outputs/save_data/ryc/tht_tripgen_20260212_234749/logs/scalars.csv
scalar_point,strategy_tht_scalars,scalars,flow/layer_logdet_mean_2,step,4,-0.006389069836586714,float,ok,outputs/save_data/ryc/tht_tripgen_20260212_234749/logs/scalars.csv
scalar_point,strategy_tht_scalars,scalars,flow/layer_logdet_std_2,step,4,0.07075998187065125,float,ok,outputs/save_data/ryc/tht_tripgen_20260212_234749/logs/scalars.csv
scalar_point,strategy_tht_scalars,scalars,flow/layer_logdet_mean_1,step,4,-0.007653787266463041,float,ok,outputs/save_data/ryc/tht_tripgen_20260212_234749/logs/scalars.csv
scalar_point,strategy_tht_scalars,scalars,flow/layer_logdet_std_1,step,4,0.09719426929950714,float,ok,outputs/save_data/ryc/tht_tripgen_20260212_234749/logs/scalars.csv
scalar_point,strategy_tht_scalars,scalars,flow/layer_logdet_mean_0,step,4,0.003714720718562603,float,ok,outputs/save_data/ryc/tht_tripgen_20260212_234749/logs/scalars.csv
scalar_point,strategy_tht_scalars,scalars,flow/layer_logdet_std_0,step,4,0.0807044580578804,float,ok,outputs/save_data/ryc/tht_tripgen_20260212_234749/logs/scalars.csv
scalar_point,strategy_tht_scalars,scalars,train/nll_total,step,5,11.986298561096191,float,ok,outputs/save_data/ryc/tht_tripgen_20260212_234749/logs/scalars.csv
scalar_point,strategy_tht_scalars,scalars,train/nll_h,step,5,2.9747495651245117,float,ok,outputs/save_data/ryc/tht_tripgen_20260212_234749/logs/scalars.csv
scalar_point,strategy_tht_scalars,scalars,train/nll_o,step,5,3.7933804988861084,float,ok,outputs/save_data/ryc/tht_tripgen_20260212_234749/logs/scalars.csv
scalar_point,strategy_tht_scalars,scalars,train/nll_d,step,5,3.8806424140930176,float,ok,outputs/save_data/ryc/tht_tripgen_20260212_234749/logs/scalars.csv
scalar_point,strategy_tht_scalars,scalars,train/nll_r,step,5,-0.0016436740988865495,float,ok,outputs/save_data/ryc/tht_tripgen_20260212_234749/logs/scalars.csv
scalar_point,strategy_tht_scalars,scalars,train/nll_passenger,step,5,0.7724459767341614,float,ok,outputs/save_data/ryc/tht_tripgen_20260212_234749/logs/scalars.csv
scalar_point,strategy_tht_scalars,scalars,train/nll_total_amount,step,5,0.5667172074317932,float,ok,outputs/save_data/ryc/tht_tripgen_20260212_234749/logs/scalars.csv
scalar_point,strategy_tht_scalars,scalars,val/nll_total,step,5,11.908161163330078,float,ok,outputs/save_data/ryc/tht_tripgen_20260212_234749/logs/scalars.csv
scalar_point,strategy_tht_scalars,scalars,val/nll_h,step,5,2.978644847869873,float,ok,outputs/save_data/ryc/tht_tripgen_20260212_234749/logs/scalars.csv
scalar_point,strategy_tht_scalars,scalars,val/nll_o,step,5,3.7817189693450928,float,ok,outputs/save_data/ryc/tht_tripgen_20260212_234749/logs/scalars.csv
scalar_point,strategy_tht_scalars,scalars,val/nll_d,step,5,3.8667707443237305,float,ok,outputs/save_data/ryc/tht_tripgen_20260212_234749/logs/scalars.csv
scalar_point,strategy_tht_scalars,scalars,val/nll_r,step,5,-0.0017224218463525176,float,ok,outputs/save_data/ryc/tht_tripgen_20260212_234749/logs/scalars.csv
scalar_point,strategy_tht_scalars,scalars,val/nll_passenger,step,5,0.7514452934265137,float,ok,outputs/save_data/ryc/tht_tripgen_20260212_234749/logs/scalars.csv
scalar_point,strategy_tht_scalars,scalars,val/nll_total_amount,step,5,0.5313038229942322,float,ok,outputs/save_data/ryc/tht_tripgen_20260212_234749/logs/scalars.csv
scalar_point,strategy_tht_scalars,scalars,train/grad_norm,step,5,1.14889006166995,float,ok,outputs/save_data/ryc/tht_tripgen_20260212_234749/logs/scalars.csv
scalar_point,strategy_tht_scalars,scalars,train/param_norm,step,5,125.20718735021813,float,ok,outputs/save_data/ryc/tht_tripgen_20260212_234749/logs/scalars.csv
scalar_point,strategy_tht_scalars,scalars,flow/layer_logdet_mean_4,step,5,0.01011992059648037,float,ok,outputs/save_data/ryc/tht_tripgen_20260212_234749/logs/scalars.csv
scalar_point,strategy_tht_scalars,scalars,flow/layer_logdet_std_4,step,5,0.16016362607479095,float,ok,outputs/save_data/ryc/tht_tripgen_20260212_234749/logs/scalars.csv
scalar_point,strategy_tht_scalars,scalars,flow/layer_logdet_mean_3,step,5,-0.0050538405776023865,float,ok,outputs/save_data/ryc/tht_tripgen_20260212_234749/logs/scalars.csv
scalar_point,strategy_tht_scalars,scalars,flow/layer_logdet_std_3,step,5,0.060824811458587646,float,ok,outputs/save_data/ryc/tht_tripgen_20260212_234749/logs/scalars.csv
scalar_point,strategy_tht_scalars,scalars,flow/layer_logdet_mean_2,step,5,-0.004659542813897133,float,ok,outputs/save_data/ryc/tht_tripgen_20260212_234749/logs/scalars.csv
scalar_point,strategy_tht_scalars,scalars,flow/layer_logdet_std_2,step,5,0.06747830659151077,float,ok,outputs/save_data/ryc/tht_tripgen_20260212_234749/logs/scalars.csv
scalar_point,strategy_tht_scalars,scalars,flow/layer_logdet_mean_1,step,5,-0.005754630081355572,float,ok,outputs/save_data/ryc/tht_tripgen_20260212_234749/logs/scalars.csv
scalar_point,strategy_tht_scalars,scalars,flow/layer_logdet_std_1,step,5,0.09074217826128006,float,ok,outputs/save_data/ryc/tht_tripgen_20260212_234749/logs/scalars.csv
scalar_point,strategy_tht_scalars,scalars,flow/layer_logdet_mean_0,step,5,0.00492472667247057,float,ok,outputs/save_data/ryc/tht_tripgen_20260212_234749/logs/scalars.csv
scalar_point,strategy_tht_scalars,scalars,flow/layer_logdet_std_0,step,5,0.09491544216871262,float,ok,outputs/save_data/ryc/tht_tripgen_20260212_234749/logs/scalars.csv
scalar_point,strategy_tht_scalars,scalars,metrics/n_real,step,5,5000.0,float,ok,outputs/save_data/ryc/tht_tripgen_20260212_234749/logs/scalars.csv
scalar_point,strategy_tht_scalars,scalars,metrics/n_synth,step,5,5000.0,float,ok,outputs/save_data/ryc/tht_tripgen_20260212_234749/logs/scalars.csv
scalar_point,strategy_tht_scalars,scalars,metrics/hour_of_day_jsd,step,5,0.001554474898200436,float,ok,outputs/save_data/ryc/tht_tripgen_20260212_234749/logs/scalars.csv
scalar_point,strategy_tht_scalars,scalars,metrics/hour_of_day_chi2,step,5,0.012527233760306185,float,ok,outputs/save_data/ryc/tht_tripgen_20260212_234749/logs/scalars.csv
scalar_point,strategy_tht_scalars,scalars,metrics/day_of_week_jsd,step,5,0.0,float,ok,outputs/save_data/ryc/tht_tripgen_20260212_234749/logs/scalars.csv
scalar_point,strategy_tht_scalars,scalars,metrics/day_of_week_chi2,step,5,0.0,float,ok,outputs/save_data/ryc/tht_tripgen_20260212_234749/logs/scalars.csv
scalar_point,strategy_tht_scalars,scalars,metrics/pickup_id_jsd,step,5,0.009352598872434333,float,ok,outputs/save_data/ryc/tht_tripgen_20260212_234749/logs/scalars.csv
scalar_point,strategy_tht_scalars,scalars,metrics/pickup_id_chi2,step,5,3320000.0384107125,float,ok,outputs/save_data/ryc/tht_tripgen_20260212_234749/logs/scalars.csv
scalar_point,strategy_tht_scalars,scalars,metrics/dropoff_id_jsd,step,5,0.01327544708826343,float,ok,outputs/save_data/ryc/tht_tripgen_20260212_234749/logs/scalars.csv
scalar_point,strategy_tht_scalars,scalars,metrics/dropoff_id_chi2,step,5,2880000.0686310674,float,ok,outputs/save_data/ryc/tht_tripgen_20260212_234749/logs/scalars.csv
scalar_point,strategy_tht_scalars,scalars,metrics/od_jsd,step,5,0.18447375834773305,float,ok,outputs/save_data/ryc/tht_tripgen_20260212_234749/logs/scalars.csv
scalar_point,strategy_tht_scalars,scalars,metrics/od_chi2,step,5,65640000.706362724,float,ok,outputs/save_data/ryc/tht_tripgen_20260212_234749/logs/scalars.csv
scalar_point,strategy_tht_scalars,scalars,metrics/od_coverage_real,step,5,0.6076406814661848,float,ok,outputs/save_data/ryc/tht_tripgen_20260212_234749/logs/scalars.csv
scalar_point,strategy_tht_scalars,scalars,metrics/od_coverage_synth,step,5,0.5826732673267326,float,ok,outputs/save_data/ryc/tht_tripgen_20260212_234749/logs/scalars.csv
scalar_point,strategy_tht_scalars,scalars,metrics/od_unique_real,step,5,1937.0,float,ok,outputs/save_data/ryc/tht_tripgen_20260212_234749/logs/scalars.csv
scalar_point,strategy_tht_scalars,scalars,metrics/od_unique_synth,step,5,2020.0,float,ok,outputs/save_data/ryc/tht_tripgen_20260212_234749/logs/scalars.csv
scalar_point,strategy_tht_scalars,scalars,metrics/time_jsd,step,5,0.007606001666740533,float,ok,outputs/save_data/ryc/tht_tripgen_20260212_234749/logs/scalars.csv
scalar_point,strategy_tht_scalars,scalars,metrics/time_chi2,step,5,1360000.06544073,float,ok,outputs/save_data/ryc/tht_tripgen_20260212_234749/logs/scalars.csv
scalar_point,strategy_tht_scalars,scalars,metrics/time_coverage_real,step,5,0.9859154929577465,float,ok,outputs/save_data/ryc/tht_tripgen_20260212_234749/logs/scalars.csv
scalar_point,strategy_tht_scalars,scalars,metrics/time_coverage_synth,step,5,0.9859154929577465,float,ok,outputs/save_data/ryc/tht_tripgen_20260212_234749/logs/scalars.csv
scalar_point,strategy_tht_scalars,scalars,metrics/time_unique_real,step,5,142.0,float,ok,outputs/save_data/ryc/tht_tripgen_20260212_234749/logs/scalars.csv
scalar_point,strategy_tht_scalars,scalars,metrics/time_unique_synth,step,5,142.0,float,ok,outputs/save_data/ryc/tht_tripgen_20260212_234749/logs/scalars.csv
scalar_point,strategy_tht_scalars,scalars,metrics/joint_jsd,step,5,0.6591862563130939,float,ok,outputs/save_data/ryc/tht_tripgen_20260212_234749/logs/scalars.csv
scalar_point,strategy_tht_scalars,scalars,metrics/joint_chi2,step,5,200360000.95408332,float,ok,outputs/save_data/ryc/tht_tripgen_20260212_234749/logs/scalars.csv
scalar_point,strategy_tht_scalars,scalars,metrics/joint_coverage_real,step,5,0.04826453070445677,float,ok,outputs/save_data/ryc/tht_tripgen_20260212_234749/logs/scalars.csv
scalar_point,strategy_tht_scalars,scalars,metrics/joint_coverage_synth,step,5,0.04815573770491803,float,ok,outputs/save_data/ryc/tht_tripgen_20260212_234749/logs/scalars.csv
scalar_point,strategy_tht_scalars,scalars,metrics/joint_unique_real,step,5,4869.0,float,ok,outputs/save_data/ryc/tht_tripgen_20260212_234749/logs/scalars.csv
scalar_point,strategy_tht_scalars,scalars,metrics/joint_unique_synth,step,5,4880.0,float,ok,outputs/save_data/ryc/tht_tripgen_20260212_234749/logs/scalars.csv
scalar_point,strategy_tht_scalars,scalars,metrics/joint_mode_dropping_ratio,step,5,0.9517354692955432,float,ok,outputs/save_data/ryc/tht_tripgen_20260212_234749/logs/scalars.csv
scalar_point,strategy_tht_scalars,scalars,metrics/joint_invalid_ratio,step,5,0.951844262295082,float,ok,outputs/save_data/ryc/tht_tripgen_20260212_234749/logs/scalars.csv
scalar_point,strategy_tht_scalars,scalars,train/nll_total,step,6,11.942058563232422,float,ok,outputs/save_data/ryc/tht_tripgen_20260212_234749/logs/scalars.csv
scalar_point,strategy_tht_scalars,scalars,train/nll_h,step,6,2.974719285964966,float,ok,outputs/save_data/ryc/tht_tripgen_20260212_234749/logs/scalars.csv
scalar_point,strategy_tht_scalars,scalars,train/nll_o,step,6,3.7926719188690186,float,ok,outputs/save_data/ryc/tht_tripgen_20260212_234749/logs/scalars.csv
scalar_point,strategy_tht_scalars,scalars,train/nll_d,step,6,3.8744537830352783,float,ok,outputs/save_data/ryc/tht_tripgen_20260212_234749/logs/scalars.csv
scalar_point,strategy_tht_scalars,scalars,train/nll_r,step,6,-0.001877147820778191,float,ok,outputs/save_data/ryc/tht_tripgen_20260212_234749/logs/scalars.csv
scalar_point,strategy_tht_scalars,scalars,train/nll_passenger,step,6,0.7717636227607727,float,ok,outputs/save_data/ryc/tht_tripgen_20260212_234749/logs/scalars.csv
scalar_point,strategy_tht_scalars,scalars,train/nll_total_amount,step,6,0.5303376317024231,float,ok,outputs/save_data/ryc/tht_tripgen_20260212_234749/logs/scalars.csv
scalar_point,strategy_tht_scalars,scalars,val/nll_total,step,6,11.86916446685791,float,ok,outputs/save_data/ryc/tht_tripgen_20260212_234749/logs/scalars.csv
scalar_point,strategy_tht_scalars,scalars,val/nll_h,step,6,2.9785594940185547,float,ok,outputs/save_data/ryc/tht_tripgen_20260212_234749/logs/scalars.csv
scalar_point,strategy_tht_scalars,scalars,val/nll_o,step,6,3.7826249599456787,float,ok,outputs/save_data/ryc/tht_tripgen_20260212_234749/logs/scalars.csv
scalar_point,strategy_tht_scalars,scalars,val/nll_d,step,6,3.862455368041992,float,ok,outputs/save_data/ryc/tht_tripgen_20260212_234749/logs/scalars.csv
scalar_point,strategy_tht_scalars,scalars,val/nll_r,step,6,-0.002298546489328146,float,ok,outputs/save_data/ryc/tht_tripgen_20260212_234749/logs/scalars.csv
scalar_point,strategy_tht_scalars,scalars,val/nll_passenger,step,6,0.7509356737136841,float,ok,outputs/save_data/ryc/tht_tripgen_20260212_234749/logs/scalars.csv
scalar_point,strategy_tht_scalars,scalars,val/nll_total_amount,step,6,0.4968912899494171,float,ok,outputs/save_data/ryc/tht_tripgen_20260212_234749/logs/scalars.csv
scalar_point,strategy_tht_scalars,scalars,train/grad_norm,step,6,1.2500592571750206,float,ok,outputs/save_data/ryc/tht_tripgen_20260212_234749/logs/scalars.csv
scalar_point,strategy_tht_scalars,scalars,train/param_norm,step,6,128.77943968856476,float,ok,outputs/save_data/ryc/tht_tripgen_20260212_234749/logs/scalars.csv
scalar_point,strategy_tht_scalars,scalars,flow/layer_logdet_mean_4,step,6,0.010543739423155785,float,ok,outputs/save_data/ryc/tht_tripgen_20260212_234749/logs/scalars.csv
scalar_point,strategy_tht_scalars,scalars,flow/layer_logdet_std_4,step,6,0.14620904624462128,float,ok,outputs/save_data/ryc/tht_tripgen_20260212_234749/logs/scalars.csv
scalar_point,strategy_tht_scalars,scalars,flow/layer_logdet_mean_3,step,6,-0.005033362656831741,float,ok,outputs/save_data/ryc/tht_tripgen_20260212_234749/logs/scalars.csv
scalar_point,strategy_tht_scalars,scalars,flow/layer_logdet_std_3,step,6,0.06393171101808548,float,ok,outputs/save_data/ryc/tht_tripgen_20260212_234749/logs/scalars.csv
scalar_point,strategy_tht_scalars,scalars,flow/layer_logdet_mean_2,step,6,-0.005075208842754364,float,ok,outputs/save_data/ryc/tht_tripgen_20260212_234749/logs/scalars.csv
scalar_point,strategy_tht_scalars,scalars,flow/layer_logdet_std_2,step,6,0.06737333536148071,float,ok,outputs/save_data/ryc/tht_tripgen_20260212_234749/logs/scalars.csv
scalar_point,strategy_tht_scalars,scalars,flow/layer_logdet_mean_1,step,6,-0.007340935058891773,float,ok,outputs/save_data/ryc/tht_tripgen_20260212_234749/logs/scalars.csv
scalar_point,strategy_tht_scalars,scalars,flow/layer_logdet_std_1,step,6,0.08852519094944,float,ok,outputs/save_data/ryc/tht_tripgen_20260212_234749/logs/scalars.csv
scalar_point,strategy_tht_scalars,scalars,flow/layer_logdet_mean_0,step,6,0.005219955928623676,float,ok,outputs/save_data/ryc/tht_tripgen_20260212_234749/logs/scalars.csv
scalar_point,strategy_tht_scalars,scalars,flow/layer_logdet_std_0,step,6,0.09939847141504288,float,ok,outputs/save_data/ryc/tht_tripgen_20260212_234749/logs/scalars.csv
scalar_point,strategy_tht_scalars,scalars,train/nll_total,step,7,11.909850120544434,float,ok,outputs/save_data/ryc/tht_tripgen_20260212_234749/logs/scalars.csv
scalar_point,strategy_tht_scalars,scalars,train/nll_h,step,7,2.9747164249420166,float,ok,outputs/save_data/ryc/tht_tripgen_20260212_234749/logs/scalars.csv
scalar_point,strategy_tht_scalars,scalars,train/nll_o,step,7,3.792210817337036,float,ok,outputs/save_data/ryc/tht_tripgen_20260212_234749/logs/scalars.csv
scalar_point,strategy_tht_scalars,scalars,train/nll_d,step,7,3.8698573112487793,float,ok,outputs/save_data/ryc/tht_tripgen_20260212_234749/logs/scalars.csv
scalar_point,strategy_tht_scalars,scalars,train/nll_r,step,7,-0.002139484975486994,float,ok,outputs/save_data/ryc/tht_tripgen_20260212_234749/logs/scalars.csv
scalar_point,strategy_tht_scalars,scalars,train/nll_passenger,step,7,0.7711519598960876,float,ok,outputs/save_data/ryc/tht_tripgen_20260212_234749/logs/scalars.csv
scalar_point,strategy_tht_scalars,scalars,train/nll_total_amount,step,7,0.5040531158447266,float,ok,outputs/save_data/ryc/tht_tripgen_20260212_234749/logs/scalars.csv
scalar_point,strategy_tht_scalars,scalars,val/nll_total,step,7,11.856830596923828,float,ok,outputs/save_data/ryc/tht_tripgen_20260212_234749/logs/scalars.csv
scalar_point,strategy_tht_scalars,scalars,val/nll_h,step,7,2.9785518646240234,float,ok,outputs/save_data/ryc/tht_tripgen_20260212_234749/logs/scalars.csv
scalar_point,strategy_tht_scalars,scalars,val/nll_o,step,7,3.7820069789886475,float,ok,outputs/save_data/ryc/tht_tripgen_20260212_234749/logs/scalars.csv
scalar_point,strategy_tht_scalars,scalars,val/nll_d,step,7,3.858999013900757,float,ok,outputs/save_data/ryc/tht_tripgen_20260212_234749/logs/scalars.csv
scalar_point,strategy_tht_scalars,scalars,val/nll_r,step,7,-0.002425078535452485,float,ok,outputs/save_data/ryc/tht_tripgen_20260212_234749/logs/scalars.csv
scalar_point,strategy_tht_scalars,scalars,val/nll_passenger,step,7,0.7504934072494507,float,ok,outputs/save_data/ryc/tht_tripgen_20260212_234749/logs/scalars.csv
scalar_point,strategy_tht_scalars,scalars,val/nll_total_amount,step,7,0.48920342326164246,float,ok,outputs/save_data/ryc/tht_tripgen_20260212_234749/logs/scalars.csv
scalar_point,strategy_tht_scalars,scalars,train/grad_norm,step,7,1.3928289929621123,float,ok,outputs/save_data/ryc/tht_tripgen_20260212_234749/logs/scalars.csv
scalar_point,strategy_tht_scalars,scalars,train/param_norm,step,7,132.03001478649935,float,ok,outputs/save_data/ryc/tht_tripgen_20260212_234749/logs/scalars.csv
scalar_point,strategy_tht_scalars,scalars,flow/layer_logdet_mean_4,step,7,0.011891424655914307,float,ok,outputs/save_data/ryc/tht_tripgen_20260212_234749/logs/scalars.csv
scalar_point,strategy_tht_scalars,scalars,flow/layer_logdet_std_4,step,7,0.15424710512161255,float,ok,outputs/save_data/ryc/tht_tripgen_20260212_234749/logs/scalars.csv
scalar_point,strategy_tht_scalars,scalars,flow/layer_logdet_mean_3,step,7,-0.004614202305674553,float,ok,outputs/save_data/ryc/tht_tripgen_20260212_234749/logs/scalars.csv
scalar_point,strategy_tht_scalars,scalars,flow/layer_logdet_std_3,step,7,0.06338702142238617,float,ok,outputs/save_data/ryc/tht_tripgen_20260212_234749/logs/scalars.csv
scalar_point,strategy_tht_scalars,scalars,flow/layer_logdet_mean_2,step,7,-0.0033662826754152775,float,ok,outputs/save_data/ryc/tht_tripgen_20260212_234749/logs/scalars.csv
scalar_point,strategy_tht_scalars,scalars,flow/layer_logdet_std_2,step,7,0.06732366979122162,float,ok,outputs/save_data/ryc/tht_tripgen_20260212_234749/logs/scalars.csv
scalar_point,strategy_tht_scalars,scalars,flow/layer_logdet_mean_1,step,7,-0.008250797167420387,float,ok,outputs/save_data/ryc/tht_tripgen_20260212_234749/logs/scalars.csv
scalar_point,strategy_tht_scalars,scalars,flow/layer_logdet_std_1,step,7,0.09306983649730682,float,ok,outputs/save_data/ryc/tht_tripgen_20260212_234749/logs/scalars.csv
scalar_point,strategy_tht_scalars,scalars,flow/layer_logdet_mean_0,step,7,0.004322775639593601,float,ok,outputs/save_data/ryc/tht_tripgen_20260212_234749/logs/scalars.csv
scalar_point,strategy_tht_scalars,scalars,flow/layer_logdet_std_0,step,7,0.09402986615896225,float,ok,outputs/save_data/ryc/tht_tripgen_20260212_234749/logs/scalars.csv
scalar_point,strategy_tht_scalars,scalars,train/nll_total,step,8,11.885003089904785,float,ok,outputs/save_data/ryc/tht_tripgen_20260212_234749/logs/scalars.csv
scalar_point,strategy_tht_scalars,scalars,train/nll_h,step,8,2.9747166633605957,float,ok,outputs/save_data/ryc/tht_tripgen_20260212_234749/logs/scalars.csv
scalar_point,strategy_tht_scalars,scalars,train/nll_o,step,8,3.7918550968170166,float,ok,outputs/save_data/ryc/tht_tripgen_20260212_234749/logs/scalars.csv
scalar_point,strategy_tht_scalars,scalars,train/nll_d,step,8,3.8660316467285156,float,ok,outputs/save_data/ryc/tht_tripgen_20260212_234749/logs/scalars.csv
scalar_point,strategy_tht_scalars,scalars,train/nll_r,step,8,-0.002186054131016135,float,ok,outputs/save_data/ryc/tht_tripgen_20260212_234749/logs/scalars.csv
scalar_point,strategy_tht_scalars,scalars,train/nll_passenger,step,8,0.7706294059753418,float,ok,outputs/save_data/ryc/tht_tripgen_20260212_234749/logs/scalars.csv
scalar_point,strategy_tht_scalars,scalars,train/nll_total_amount,step,8,0.4839656949043274,float,ok,outputs/save_data/ryc/tht_tripgen_20260212_234749/logs/scalars.csv
scalar_point,strategy_tht_scalars,scalars,val/nll_total,step,8,11.829850196838379,float,ok,outputs/save_data/ryc/tht_tripgen_20260212_234749/logs/scalars.csv
scalar_point,strategy_tht_scalars,scalars,val/nll_h,step,8,2.978583812713623,float,ok,outputs/save_data/ryc/tht_tripgen_20260212_234749/logs/scalars.csv
scalar_point,strategy_tht_scalars,scalars,val/nll_o,step,8,3.782066583633423,float,ok,outputs/save_data/ryc/tht_tripgen_20260212_234749/logs/scalars.csv
scalar_point,strategy_tht_scalars,scalars,val/nll_d,step,8,3.856137990951538,float,ok,outputs/save_data/ryc/tht_tripgen_20260212_234749/logs/scalars.csv
scalar_point,strategy_tht_scalars,scalars,val/nll_r,step,8,-0.0019979255739599466,float,ok,outputs/save_data/ryc/tht_tripgen_20260212_234749/logs/scalars.csv
scalar_point,strategy_tht_scalars,scalars,val/nll_passenger,step,8,0.7501722574234009,float,ok,outputs/save_data/ryc/tht_tripgen_20260212_234749/logs/scalars.csv
scalar_point,strategy_tht_scalars,scalars,val/nll_total_amount,step,8,0.4648893475532532,float,ok,outputs/save_data/ryc/tht_tripgen_20260212_234749/logs/scalars.csv
scalar_point,strategy_tht_scalars,scalars,train/grad_norm,step,8,1.4763211216438303,float,ok,outputs/save_data/ryc/tht_tripgen_20260212_234749/logs/scalars.csv
scalar_point,strategy_tht_scalars,scalars,train/param_norm,step,8,135.0423463547189,float,ok,outputs/save_data/ryc/tht_tripgen_20260212_234749/logs/scalars.csv
scalar_point,strategy_tht_scalars,scalars,flow/layer_logdet_mean_4,step,8,0.009536626748740673,float,ok,outputs/save_data/ryc/tht_tripgen_20260212_234749/logs/scalars.csv
scalar_point,strategy_tht_scalars,scalars,flow/layer_logdet_std_4,step,8,0.15147030353546143,float,ok,outputs/save_data/ryc/tht_tripgen_20260212_234749/logs/scalars.csv
scalar_point,strategy_tht_scalars,scalars,flow/layer_logdet_mean_3,step,8,-0.005940966308116913,float,ok,outputs/save_data/ryc/tht_tripgen_20260212_234749/logs/scalars.csv
scalar_point,strategy_tht_scalars,scalars,flow/layer_logdet_std_3,step,8,0.06053894758224487,float,ok,outputs/save_data/ryc/tht_tripgen_20260212_234749/logs/scalars.csv
scalar_point,strategy_tht_scalars,scalars,flow/layer_logdet_mean_2,step,8,-0.0049421461299061775,float,ok,outputs/save_data/ryc/tht_tripgen_20260212_234749/logs/scalars.csv
scalar_point,strategy_tht_scalars,scalars,flow/layer_logdet_std_2,step,8,0.06138467416167259,float,ok,outputs/save_data/ryc/tht_tripgen_20260212_234749/logs/scalars.csv
scalar_point,strategy_tht_scalars,scalars,flow/layer_logdet_mean_1,step,8,-0.006727694533765316,float,ok,outputs/save_data/ryc/tht_tripgen_20260212_234749/logs/scalars.csv
scalar_point,strategy_tht_scalars,scalars,flow/layer_logdet_std_1,step,8,0.08296249061822891,float,ok,outputs/save_data/ryc/tht_tripgen_20260212_234749/logs/scalars.csv
scalar_point,strategy_tht_scalars,scalars,flow/layer_logdet_mean_0,step,8,0.003166792681440711,float,ok,outputs/save_data/ryc/tht_tripgen_20260212_234749/logs/scalars.csv
scalar_point,strategy_tht_scalars,scalars,flow/layer_logdet_std_0,step,8,0.1052595004439354,float,ok,outputs/save_data/ryc/tht_tripgen_20260212_234749/logs/scalars.csv
scalar_point,strategy_tht_scalars,scalars,train/nll_total,step,9,11.865129470825195,float,ok,outputs/save_data/ryc/tht_tripgen_20260212_234749/logs/scalars.csv
scalar_point,strategy_tht_scalars,scalars,train/nll_h,step,9,2.974703311920166,float,ok,outputs/save_data/ryc/tht_tripgen_20260212_234749/logs/scalars.csv
scalar_point,strategy_tht_scalars,scalars,train/nll_o,step,9,3.791559934616089,float,ok,outputs/save_data/ryc/tht_tripgen_20260212_234749/logs/scalars.csv
scalar_point,strategy_tht_scalars,scalars,train/nll_d,step,9,3.863430976867676,float,ok,outputs/save_data/ryc/tht_tripgen_20260212_234749/logs/scalars.csv
scalar_point,strategy_tht_scalars,scalars,train/nll_r,step,9,-0.0024479625280946493,float,ok,outputs/save_data/ryc/tht_tripgen_20260212_234749/logs/scalars.csv
scalar_point,strategy_tht_scalars,scalars,train/nll_passenger,step,9,0.7702344655990601,float,ok,outputs/save_data/ryc/tht_tripgen_20260212_234749/logs/scalars.csv
scalar_point,strategy_tht_scalars,scalars,train/nll_total_amount,step,9,0.4676418602466583,float,ok,outputs/save_data/ryc/tht_tripgen_20260212_234749/logs/scalars.csv
scalar_point,strategy_tht_scalars,scalars,val/nll_total,step,9,11.815747261047363,float,ok,outputs/save_data/ryc/tht_tripgen_20260212_234749/logs/scalars.csv
scalar_point,strategy_tht_scalars,scalars,val/nll_h,step,9,2.978522777557373,float,ok,outputs/save_data/ryc/tht_tripgen_20260212_234749/logs/scalars.csv
scalar_point,strategy_tht_scalars,scalars,val/nll_o,step,9,3.782146692276001,float,ok,outputs/save_data/ryc/tht_tripgen_20260212_234749/logs/scalars.csv
scalar_point,strategy_tht_scalars,scalars,val/nll_d,step,9,3.8540632724761963,float,ok,outputs/save_data/ryc/tht_tripgen_20260212_234749/logs/scalars.csv
scalar_point,strategy_tht_scalars,scalars,val/nll_r,step,9,-0.002707462990656495,float,ok,outputs/save_data/ryc/tht_tripgen_20260212_234749/logs/scalars.csv
scalar_point,strategy_tht_scalars,scalars,val/nll_passenger,step,9,0.74979168176651,float,ok,outputs/save_data/ryc/tht_tripgen_20260212_234749/logs/scalars.csv
scalar_point,strategy_tht_scalars,scalars,val/nll_total_amount,step,9,0.45393291115760803,float,ok,outputs/save_data/ryc/tht_tripgen_20260212_234749/logs/scalars.csv
scalar_point,strategy_tht_scalars,scalars,train/grad_norm,step,9,1.4264887186572137,float,ok,outputs/save_data/ryc/tht_tripgen_20260212_234749/logs/scalars.csv
scalar_point,strategy_tht_scalars,scalars,train/param_norm,step,9,137.82855984743762,float,ok,outputs/save_data/ryc/tht_tripgen_20260212_234749/logs/scalars.csv
scalar_point,strategy_tht_scalars,scalars,flow/layer_logdet_mean_4,step,9,0.009423794224858284,float,ok,outputs/save_data/ryc/tht_tripgen_20260212_234749/logs/scalars.csv
scalar_point,strategy_tht_scalars,scalars,flow/layer_logdet_std_4,step,9,0.14812567830085754,float,ok,outputs/save_data/ryc/tht_tripgen_20260212_234749/logs/scalars.csv
scalar_point,strategy_tht_scalars,scalars,flow/layer_logdet_mean_3,step,9,-0.0058492450043559074,float,ok,outputs/save_data/ryc/tht_tripgen_20260212_234749/logs/scalars.csv
scalar_point,strategy_tht_scalars,scalars,flow/layer_logdet_std_3,step,9,0.059389378875494,float,ok,outputs/save_data/ryc/tht_tripgen_20260212_234749/logs/scalars.csv
scalar_point,strategy_tht_scalars,scalars,flow/layer_logdet_mean_2,step,9,-0.004046189598739147,float,ok,outputs/save_data/ryc/tht_tripgen_20260212_234749/logs/scalars.csv
scalar_point,strategy_tht_scalars,scalars,flow/layer_logdet_std_2,step,9,0.06629098951816559,float,ok,outputs/save_data/ryc/tht_tripgen_20260212_234749/logs/scalars.csv
scalar_point,strategy_tht_scalars,scalars,flow/layer_logdet_mean_1,step,9,-0.006992749869823456,float,ok,outputs/save_data/ryc/tht_tripgen_20260212_234749/logs/scalars.csv
scalar_point,strategy_tht_scalars,scalars,flow/layer_logdet_std_1,step,9,0.08619175106287003,float,ok,outputs/save_data/ryc/tht_tripgen_20260212_234749/logs/scalars.csv
scalar_point,strategy_tht_scalars,scalars,flow/layer_logdet_mean_0,step,9,0.0033513284288346767,float,ok,outputs/save_data/ryc/tht_tripgen_20260212_234749/logs/scalars.csv
scalar_point,strategy_tht_scalars,scalars,flow/layer_logdet_std_0,step,9,0.10437749326229095,float,ok,outputs/save_data/ryc/tht_tripgen_20260212_234749/logs/scalars.csv
scalar_point,strategy_tht_scalars,scalars,train/nll_total,step,10,11.848801612854004,float,ok,outputs/save_data/ryc/tht_tripgen_20260212_234749/logs/scalars.csv
scalar_point,strategy_tht_scalars,scalars,train/nll_h,step,10,2.9747095108032227,float,ok,outputs/save_data/ryc/tht_tripgen_20260212_234749/logs/scalars.csv
scalar_point,strategy_tht_scalars,scalars,train/nll_o,step,10,3.791261911392212,float,ok,outputs/save_data/ryc/tht_tripgen_20260212_234749/logs/scalars.csv
scalar_point,strategy_tht_scalars,scalars,train/nll_d,step,10,3.860837936401367,float,ok,outputs/save_data/ryc/tht_tripgen_20260212_234749/logs/scalars.csv
scalar_point,strategy_tht_scalars,scalars,train/nll_r,step,10,-0.002574558835476637,float,ok,outputs/save_data/ryc/tht_tripgen_20260212_234749/logs/scalars.csv
scalar_point,strategy_tht_scalars,scalars,train/nll_passenger,step,10,0.7698293924331665,float,ok,outputs/save_data/ryc/tht_tripgen_20260212_234749/logs/scalars.csv
scalar_point,strategy_tht_scalars,scalars,train/nll_total_amount,step,10,0.4547266662120819,float,ok,outputs/save_data/ryc/tht_tripgen_20260212_234749/logs/scalars.csv
scalar_point,strategy_tht_scalars,scalars,val/nll_total,step,10,11.804609298706055,float,ok,outputs/save_data/ryc/tht_tripgen_20260212_234749/logs/scalars.csv
scalar_point,strategy_tht_scalars,scalars,val/nll_h,step,10,2.9785714149475098,float,ok,outputs/save_data/ryc/tht_tripgen_20260212_234749/logs/scalars.csv
scalar_point,strategy_tht_scalars,scalars,val/nll_o,step,10,3.782156229019165,float,ok,outputs/save_data/ryc/tht_tripgen_20260212_234749/logs/scalars.csv
scalar_point,strategy_tht_scalars,scalars,val/nll_d,step,10,3.853114366531372,float,ok,outputs/save_data/ryc/tht_tripgen_20260212_234749/logs/scalars.csv
scalar_point,strategy_tht_scalars,scalars,val/nll_r,step,10,-0.0022074992302805185,float,ok,outputs/save_data/ryc/tht_tripgen_20260212_234749/logs/scalars.csv
scalar_point,strategy_tht_scalars,scalars,val/nll_passenger,step,10,0.7494546175003052,float,ok,outputs/save_data/ryc/tht_tripgen_20260212_234749/logs/scalars.csv
scalar_point,strategy_tht_scalars,scalars,val/nll_total_amount,step,10,0.4435194134712219,float,ok,outputs/save_data/ryc/tht_tripgen_20260212_234749/logs/scalars.csv
scalar_point,strategy_tht_scalars,scalars,train/grad_norm,step,10,1.400597468644178,float,ok,outputs/save_data/ryc/tht_tripgen_20260212_234749/logs/scalars.csv
scalar_point,strategy_tht_scalars,scalars,train/param_norm,step,10,140.43419081758776,float,ok,outputs/save_data/ryc/tht_tripgen_20260212_234749/logs/scalars.csv
scalar_point,strategy_tht_scalars,scalars,flow/layer_logdet_mean_4,step,10,0.010507224127650261,float,ok,outputs/save_data/ryc/tht_tripgen_20260212_234749/logs/scalars.csv
scalar_point,strategy_tht_scalars,scalars,flow/layer_logdet_std_4,step,10,0.14831547439098358,float,ok,outputs/save_data/ryc/tht_tripgen_20260212_234749/logs/scalars.csv
scalar_point,strategy_tht_scalars,scalars,flow/layer_logdet_mean_3,step,10,-0.0053034196607768536,float,ok,outputs/save_data/ryc/tht_tripgen_20260212_234749/logs/scalars.csv
scalar_point,strategy_tht_scalars,scalars,flow/layer_logdet_std_3,step,10,0.06202992424368858,float,ok,outputs/save_data/ryc/tht_tripgen_20260212_234749/logs/scalars.csv
scalar_point,strategy_tht_scalars,scalars,flow/layer_logdet_mean_2,step,10,-0.003030200023204088,float,ok,outputs/save_data/ryc/tht_tripgen_20260212_234749/logs/scalars.csv
scalar_point,strategy_tht_scalars,scalars,flow/layer_logdet_std_2,step,10,0.06756652146577835,float,ok,outputs/save_data/ryc/tht_tripgen_20260212_234749/logs/scalars.csv
scalar_point,strategy_tht_scalars,scalars,flow/layer_logdet_mean_1,step,10,-0.006498122122138739,float,ok,outputs/save_data/ryc/tht_tripgen_20260212_234749/logs/scalars.csv
scalar_point,strategy_tht_scalars,scalars,flow/layer_logdet_std_1,step,10,0.08545602858066559,float,ok,outputs/save_data/ryc/tht_tripgen_20260212_234749/logs/scalars.csv
scalar_point,strategy_tht_scalars,scalars,flow/layer_logdet_mean_0,step,10,0.00528724305331707,float,ok,outputs/save_data/ryc/tht_tripgen_20260212_234749/logs/scalars.csv
scalar_point,strategy_tht_scalars,scalars,flow/layer_logdet_std_0,step,10,0.10801100730895996,float,ok,outputs/save_data/ryc/tht_tripgen_20260212_234749/logs/scalars.csv
scalar_point,strategy_tht_scalars,scalars,metrics/n_real,step,10,5000.0,float,ok,outputs/save_data/ryc/tht_tripgen_20260212_234749/logs/scalars.csv
scalar_point,strategy_tht_scalars,scalars,metrics/n_synth,step,10,5000.0,float,ok,outputs/save_data/ryc/tht_tripgen_20260212_234749/logs/scalars.csv
scalar_point,strategy_tht_scalars,scalars,metrics/hour_of_day_jsd,step,10,0.001363090370907049,float,ok,outputs/save_data/ryc/tht_tripgen_20260212_234749/logs/scalars.csv
scalar_point,strategy_tht_scalars,scalars,metrics/hour_of_day_chi2,step,10,0.011617822631172135,float,ok,outputs/save_data/ryc/tht_tripgen_20260212_234749/logs/scalars.csv
scalar_point,strategy_tht_scalars,scalars,metrics/day_of_week_jsd,step,10,0.0,float,ok,outputs/save_data/ryc/tht_tripgen_20260212_234749/logs/scalars.csv
scalar_point,strategy_tht_scalars,scalars,metrics/day_of_week_chi2,step,10,0.0,float,ok,outputs/save_data/ryc/tht_tripgen_20260212_234749/logs/scalars.csv
scalar_point,strategy_tht_scalars,scalars,metrics/pickup_id_jsd,step,10,0.008788584235560507,float,ok,outputs/save_data/ryc/tht_tripgen_20260212_234749/logs/scalars.csv
scalar_point,strategy_tht_scalars,scalars,metrics/pickup_id_chi2,step,10,2440000.037125056,float,ok,outputs/save_data/ryc/tht_tripgen_20260212_234749/logs/scalars.csv
scalar_point,strategy_tht_scalars,scalars,metrics/dropoff_id_jsd,step,10,0.012373760310822844,float,ok,outputs/save_data/ryc/tht_tripgen_20260212_234749/logs/scalars.csv
scalar_point,strategy_tht_scalars,scalars,metrics/dropoff_id_chi2,step,10,3400000.0648790803,float,ok,outputs/save_data/ryc/tht_tripgen_20260212_234749/logs/scalars.csv
scalar_point,strategy_tht_scalars,scalars,metrics/od_jsd,step,10,0.18649824370360402,float,ok,outputs/save_data/ryc/tht_tripgen_20260212_234749/logs/scalars.csv
scalar_point,strategy_tht_scalars,scalars,metrics/od_chi2,step,10,69800000.63716754,float,ok,outputs/save_data/ryc/tht_tripgen_20260212_234749/logs/scalars.csv
scalar_point,strategy_tht_scalars,scalars,metrics/od_coverage_real,step,10,0.6066081569437274,float,ok,outputs/save_data/ryc/tht_tripgen_20260212_234749/logs/scalars.csv
scalar_point,strategy_tht_scalars,scalars,metrics/od_coverage_synth,step,10,0.5872063968015993,float,ok,outputs/save_data/ryc/tht_tripgen_20260212_234749/logs/scalars.csv
scalar_point,strategy_tht_scalars,scalars,metrics/od_unique_real,step,10,1937.0,float,ok,outputs/save_data/ryc/tht_tripgen_20260212_234749/logs/scalars.csv
scalar_point,strategy_tht_scalars,scalars,metrics/od_unique_synth,step,10,2001.0,float,ok,outputs/save_data/ryc/tht_tripgen_20260212_234749/logs/scalars.csv
scalar_point,strategy_tht_scalars,scalars,metrics/time_jsd,step,10,0.007198653644615607,float,ok,outputs/save_data/ryc/tht_tripgen_20260212_234749/logs/scalars.csv
scalar_point,strategy_tht_scalars,scalars,metrics/time_chi2,step,10,360000.0602689799,float,ok,outputs/save_data/ryc/tht_tripgen_20260212_234749/logs/scalars.csv
scalar_point,strategy_tht_scalars,scalars,metrics/time_coverage_real,step,10,0.9929577464788732,float,ok,outputs/save_data/ryc/tht_tripgen_20260212_234749/logs/scalars.csv
scalar_point,strategy_tht_scalars,scalars,metrics/time_coverage_synth,step,10,0.9929577464788732,float,ok,outputs/save_data/ryc/tht_tripgen_20260212_234749/logs/scalars.csv
scalar_point,strategy_tht_scalars,scalars,metrics/time_unique_real,step,10,142.0,float,ok,outputs/save_data/ryc/tht_tripgen_20260212_234749/logs/scalars.csv
scalar_point,strategy_tht_scalars,scalars,metrics/time_unique_synth,step,10,142.0,float,ok,outputs/save_data/ryc/tht_tripgen_20260212_234749/logs/scalars.csv
scalar_point,strategy_tht_scalars,scalars,metrics/joint_jsd,step,10,0.6591408536396216,float,ok,outputs/save_data/ryc/tht_tripgen_20260212_234749/logs/scalars.csv
scalar_point,strategy_tht_scalars,scalars,metrics/joint_chi2,step,10,200640000.9531,float,ok,outputs/save_data/ryc/tht_tripgen_20260212_234749/logs/scalars.csv
scalar_point,strategy_tht_scalars,scalars,metrics/joint_coverage_real,step,10,0.04867529266789895,float,ok,outputs/save_data/ryc/tht_tripgen_20260212_234749/logs/scalars.csv
scalar_point,strategy_tht_scalars,scalars,metrics/joint_coverage_synth,step,10,0.04840686274509804,float,ok,outputs/save_data/ryc/tht_tripgen_20260212_234749/logs/scalars.csv
scalar_point,strategy_tht_scalars,scalars,metrics/joint_unique_real,step,10,4869.0,float,ok,outputs/save_data/ryc/tht_tripgen_20260212_234749/logs/scalars.csv
scalar_point,strategy_tht_scalars,scalars,metrics/joint_unique_synth,step,10,4896.0,float,ok,outputs/save_data/ryc/tht_tripgen_20260212_234749/logs/scalars.csv
scalar_point,strategy_tht_scalars,scalars,metrics/joint_mode_dropping_ratio,step,10,0.9513247073321011,float,ok,outputs/save_data/ryc/tht_tripgen_20260212_234749/logs/scalars.csv
scalar_point,strategy_tht_scalars,scalars,metrics/joint_invalid_ratio,step,10,0.9515931372549019,float,ok,outputs/save_data/ryc/tht_tripgen_20260212_234749/logs/scalars.csv
scalar_point,strategy_tht_scalars,scalars,train/nll_total,step,11,11.836015701293945,float,ok,outputs/save_data/ryc/tht_tripgen_20260212_234749/logs/scalars.csv
scalar_point,strategy_tht_scalars,scalars,train/nll_h,step,11,2.974702835083008,float,ok,outputs/save_data/ryc/tht_tripgen_20260212_234749/logs/scalars.csv
scalar_point,strategy_tht_scalars,scalars,train/nll_o,step,11,3.7911274433135986,float,ok,outputs/save_data/ryc/tht_tripgen_20260212_234749/logs/scalars.csv
scalar_point,strategy_tht_scalars,scalars,train/nll_d,step,11,3.858721971511841,float,ok,outputs/save_data/ryc/tht_tripgen_20260212_234749/logs/scalars.csv
scalar_point,strategy_tht_scalars,scalars,train/nll_r,step,11,-0.0026552854105830193,float,ok,outputs/save_data/ryc/tht_tripgen_20260212_234749/logs/scalars.csv
scalar_point,strategy_tht_scalars,scalars,train/nll_passenger,step,11,0.7694675922393799,float,ok,outputs/save_data/ryc/tht_tripgen_20260212_234749/logs/scalars.csv
scalar_point,strategy_tht_scalars,scalars,train/nll_total_amount,step,11,0.4446530342102051,float,ok,outputs/save_data/ryc/tht_tripgen_20260212_234749/logs/scalars.csv
scalar_point,strategy_tht_scalars,scalars,val/nll_total,step,11,11.786338806152344,float,ok,outputs/save_data/ryc/tht_tripgen_20260212_234749/logs/scalars.csv
scalar_point,strategy_tht_scalars,scalars,val/nll_h,step,11,2.978605270385742,float,ok,outputs/save_data/ryc/tht_tripgen_20260212_234749/logs/scalars.csv
scalar_point,strategy_tht_scalars,scalars,val/nll_o,step,11,3.7819793224334717,float,ok,outputs/save_data/ryc/tht_tripgen_20260212_234749/logs/scalars.csv
scalar_point,strategy_tht_scalars,scalars,val/nll_d,step,11,3.8502840995788574,float,ok,outputs/save_data/ryc/tht_tripgen_20260212_234749/logs/scalars.csv
scalar_point,strategy_tht_scalars,scalars,val/nll_r,step,11,-0.0026163908187299967,float,ok,outputs/save_data/ryc/tht_tripgen_20260212_234749/logs/scalars.csv
scalar_point,strategy_tht_scalars,scalars,val/nll_passenger,step,11,0.7498454451560974,float,ok,outputs/save_data/ryc/tht_tripgen_20260212_234749/logs/scalars.csv
scalar_point,strategy_tht_scalars,scalars,val/nll_total_amount,step,11,0.42824259400367737,float,ok,outputs/save_data/ryc/tht_tripgen_20260212_234749/logs/scalars.csv
scalar_point,strategy_tht_scalars,scalars,train/grad_norm,step,11,1.2695318730420229,float,ok,outputs/save_data/ryc/tht_tripgen_20260212_234749/logs/scalars.csv
scalar_point,strategy_tht_scalars,scalars,train/param_norm,step,11,142.86868943257593,float,ok,outputs/save_data/ryc/tht_tripgen_20260212_234749/logs/scalars.csv
scalar_point,strategy_tht_scalars,scalars,flow/layer_logdet_mean_4,step,11,0.010763132944703102,float,ok,outputs/save_data/ryc/tht_tripgen_20260212_234749/logs/scalars.csv
scalar_point,strategy_tht_scalars,scalars,flow/layer_logdet_std_4,step,11,0.14541089534759521,float,ok,outputs/save_data/ryc/tht_tripgen_20260212_234749/logs/scalars.csv
scalar_point,strategy_tht_scalars,scalars,flow/layer_logdet_mean_3,step,11,-0.004525165539234877,float,ok,outputs/save_data/ryc/tht_tripgen_20260212_234749/logs/scalars.csv
scalar_point,strategy_tht_scalars,scalars,flow/layer_logdet_std_3,step,11,0.05725269392132759,float,ok,outputs/save_data/ryc/tht_tripgen_20260212_234749/logs/scalars.csv
scalar_point,strategy_tht_scalars,scalars,flow/layer_logdet_mean_2,step,11,-0.004020101390779018,float,ok,outputs/save_data/ryc/tht_tripgen_20260212_234749/logs/scalars.csv
scalar_point,strategy_tht_scalars,scalars,flow/layer_logdet_std_2,step,11,0.06315287202596664,float,ok,outputs/save_data/ryc/tht_tripgen_20260212_234749/logs/scalars.csv
scalar_point,strategy_tht_scalars,scalars,flow/layer_logdet_mean_1,step,11,-0.005474347621202469,float,ok,outputs/save_data/ryc/tht_tripgen_20260212_234749/logs/scalars.csv
scalar_point,strategy_tht_scalars,scalars,flow/layer_logdet_std_1,step,11,0.08351704478263855,float,ok,outputs/save_data/ryc/tht_tripgen_20260212_234749/logs/scalars.csv
scalar_point,strategy_tht_scalars,scalars,flow/layer_logdet_mean_0,step,11,0.005201698746532202,float,ok,outputs/save_data/ryc/tht_tripgen_20260212_234749/logs/scalars.csv
scalar_point,strategy_tht_scalars,scalars,flow/layer_logdet_std_0,step,11,0.10424597561359406,float,ok,outputs/save_data/ryc/tht_tripgen_20260212_234749/logs/scalars.csv
scalar_point,strategy_tht_scalars,scalars,train/nll_total,step,12,11.825421333312988,float,ok,outputs/save_data/ryc/tht_tripgen_20260212_234749/logs/scalars.csv
scalar_point,strategy_tht_scalars,scalars,train/nll_h,step,12,2.9747185707092285,float,ok,outputs/save_data/ryc/tht_tripgen_20260212_234749/logs/scalars.csv
scalar_point,strategy_tht_scalars,scalars,train/nll_o,step,12,3.790853977203369,float,ok,outputs/save_data/ryc/tht_tripgen_20260212_234749/logs/scalars.csv
scalar_point,strategy_tht_scalars,scalars,train/nll_d,step,12,3.8571813106536865,float,ok,outputs/save_data/ryc/tht_tripgen_20260212_234749/logs/scalars.csv
scalar_point,strategy_tht_scalars,scalars,train/nll_r,step,12,-0.0028211823664605618,float,ok,outputs/save_data/ryc/tht_tripgen_20260212_234749/logs/scalars.csv
scalar_point,strategy_tht_scalars,scalars,train/nll_passenger,step,12,0.769202470779419,float,ok,outputs/save_data/ryc/tht_tripgen_20260212_234749/logs/scalars.csv
scalar_point,strategy_tht_scalars,scalars,train/nll_total_amount,step,12,0.4362879991531372,float,ok,outputs/save_data/ryc/tht_tripgen_20260212_234749/logs/scalars.csv
scalar_point,strategy_tht_scalars,scalars,val/nll_total,step,12,11.787630081176758,float,ok,outputs/save_data/ryc/tht_tripgen_20260212_234749/logs/scalars.csv
scalar_point,strategy_tht_scalars,scalars,val/nll_h,step,12,2.978574514389038,float,ok,outputs/save_data/ryc/tht_tripgen_20260212_234749/logs/scalars.csv
scalar_point,strategy_tht_scalars,scalars,val/nll_o,step,12,3.7815403938293457,float,ok,outputs/save_data/ryc/tht_tripgen_20260212_234749/logs/scalars.csv
scalar_point,strategy_tht_scalars,scalars,val/nll_d,step,12,3.849168062210083,float,ok,outputs/save_data/ryc/tht_tripgen_20260212_234749/logs/scalars.csv
scalar_point,strategy_tht_scalars,scalars,val/nll_r,step,12,-0.0030736771877855062,float,ok,outputs/save_data/ryc/tht_tripgen_20260212_234749/logs/scalars.csv
scalar_point,strategy_tht_scalars,scalars,val/nll_passenger,step,12,0.7490381598472595,float,ok,outputs/save_data/ryc/tht_tripgen_20260212_234749/logs/scalars.csv
scalar_point,strategy_tht_scalars,scalars,val/nll_total_amount,step,12,0.4323817491531372,float,ok,outputs/save_data/ryc/tht_tripgen_20260212_234749/logs/scalars.csv
scalar_point,strategy_tht_scalars,scalars,train/grad_norm,step,12,1.2323239929830916,float,ok,outputs/save_data/ryc/tht_tripgen_20260212_234749/logs/scalars.csv
scalar_point,strategy_tht_scalars,scalars,train/param_norm,step,12,145.1348093265071,float,ok,outputs/save_data/ryc/tht_tripgen_20260212_234749/logs/scalars.csv
scalar_point,strategy_tht_scalars,scalars,flow/layer_logdet_mean_4,step,12,0.01157457660883665,float,ok,outputs/save_data/ryc/tht_tripgen_20260212_234749/logs/scalars.csv
scalar_point,strategy_tht_scalars,scalars,flow/layer_logdet_std_4,step,12,0.15865546464920044,float,ok,outputs/save_data/ryc/tht_tripgen_20260212_234749/logs/scalars.csv
scalar_point,strategy_tht_scalars,scalars,flow/layer_logdet_mean_3,step,12,-0.0041265650652348995,float,ok,outputs/save_data/ryc/tht_tripgen_20260212_234749/logs/scalars.csv
scalar_point,strategy_tht_scalars,scalars,flow/layer_logdet_std_3,step,12,0.056559063494205475,float,ok,outputs/save_data/ryc/tht_tripgen_20260212_234749/logs/scalars.csv
scalar_point,strategy_tht_scalars,scalars,flow/layer_logdet_mean_2,step,12,-0.002322578337043524,float,ok,outputs/save_data/ryc/tht_tripgen_20260212_234749/logs/scalars.csv
scalar_point,strategy_tht_scalars,scalars,flow/layer_logdet_std_2,step,12,0.0651402547955513,float,ok,outputs/save_data/ryc/tht_tripgen_20260212_234749/logs/scalars.csv
scalar_point,strategy_tht_scalars,scalars,flow/layer_logdet_mean_1,step,12,-0.007166963070631027,float,ok,outputs/save_data/ryc/tht_tripgen_20260212_234749/logs/scalars.csv
scalar_point,strategy_tht_scalars,scalars,flow/layer_logdet_std_1,step,12,0.0942741259932518,float,ok,outputs/save_data/ryc/tht_tripgen_20260212_234749/logs/scalars.csv
scalar_point,strategy_tht_scalars,scalars,flow/layer_logdet_mean_0,step,12,-0.00015245471149683,float,ok,outputs/save_data/ryc/tht_tripgen_20260212_234749/logs/scalars.csv
scalar_point,strategy_tht_scalars,scalars,flow/layer_logdet_std_0,step,12,0.10548136383295059,float,ok,outputs/save_data/ryc/tht_tripgen_20260212_234749/logs/scalars.csv
scalar_point,strategy_tht_scalars,scalars,train/nll_total,step,13,11.816064834594727,float,ok,outputs/save_data/ryc/tht_tripgen_20260212_234749/logs/scalars.csv
scalar_point,strategy_tht_scalars,scalars,train/nll_h,step,13,2.97471022605896,float,ok,outputs/save_data/ryc/tht_tripgen_20260212_234749/logs/scalars.csv
scalar_point,strategy_tht_scalars,scalars,train/nll_o,step,13,3.7907328605651855,float,ok,outputs/save_data/ryc/tht_tripgen_20260212_234749/logs/scalars.csv
scalar_point,strategy_tht_scalars,scalars,train/nll_d,step,13,3.8555357456207275,float,ok,outputs/save_data/ryc/tht_tripgen_20260212_234749/logs/scalars.csv
scalar_point,strategy_tht_scalars,scalars,train/nll_r,step,13,-0.002935322467237711,float,ok,outputs/save_data/ryc/tht_tripgen_20260212_234749/logs/scalars.csv
scalar_point,strategy_tht_scalars,scalars,train/nll_passenger,step,13,0.768956184387207,float,ok,outputs/save_data/ryc/tht_tripgen_20260212_234749/logs/scalars.csv
scalar_point,strategy_tht_scalars,scalars,train/nll_total_amount,step,13,0.4290713369846344,float,ok,outputs/save_data/ryc/tht_tripgen_20260212_234749/logs/scalars.csv
scalar_point,strategy_tht_scalars,scalars,val/nll_total,step,13,11.780463218688965,float,ok,outputs/save_data/ryc/tht_tripgen_20260212_234749/logs/scalars.csv
scalar_point,strategy_tht_scalars,scalars,val/nll_h,step,13,2.9785938262939453,float,ok,outputs/save_data/ryc/tht_tripgen_20260212_234749/logs/scalars.csv
scalar_point,strategy_tht_scalars,scalars,val/nll_o,step,13,3.7815322875976562,float,ok,outputs/save_data/ryc/tht_tripgen_20260212_234749/logs/scalars.csv
scalar_point,strategy_tht_scalars,scalars,val/nll_d,step,13,3.84826922416687,float,ok,outputs/save_data/ryc/tht_tripgen_20260212_234749/logs/scalars.csv
scalar_point,strategy_tht_scalars,scalars,val/nll_r,step,13,-0.0032065289560705423,float,ok,outputs/save_data/ryc/tht_tripgen_20260212_234749/logs/scalars.csv
scalar_point,strategy_tht_scalars,scalars,val/nll_passenger,step,13,0.7489959001541138,float,ok,outputs/save_data/ryc/tht_tripgen_20260212_234749/logs/scalars.csv
scalar_point,strategy_tht_scalars,scalars,val/nll_total_amount,step,13,0.4262787401676178,float,ok,outputs/save_data/ryc/tht_tripgen_20260212_234749/logs/scalars.csv
scalar_point,strategy_tht_scalars,scalars,train/grad_norm,step,13,1.966065619265303,float,ok,outputs/save_data/ryc/tht_tripgen_20260212_234749/logs/scalars.csv
scalar_point,strategy_tht_scalars,scalars,train/param_norm,step,13,147.29047849411606,float,ok,outputs/save_data/ryc/tht_tripgen_20260212_234749/logs/scalars.csv
scalar_point,strategy_tht_scalars,scalars,flow/layer_logdet_mean_4,step,13,0.012214602902531624,float,ok,outputs/save_data/ryc/tht_tripgen_20260212_234749/logs/scalars.csv
scalar_point,strategy_tht_scalars,scalars,flow/layer_logdet_std_4,step,13,0.15757222473621368,float,ok,outputs/save_data/ryc/tht_tripgen_20260212_234749/logs/scalars.csv
scalar_point,strategy_tht_scalars,scalars,flow/layer_logdet_mean_3,step,13,-0.0052698468789458275,float,ok,outputs/save_data/ryc/tht_tripgen_20260212_234749/logs/scalars.csv
scalar_point,strategy_tht_scalars,scalars,flow/layer_logdet_std_3,step,13,0.06025896593928337,float,ok,outputs/save_data/ryc/tht_tripgen_20260212_234749/logs/scalars.csv
scalar_point,strategy_tht_scalars,scalars,flow/layer_logdet_mean_2,step,13,-0.0011123786680400372,float,ok,outputs/save_data/ryc/tht_tripgen_20260212_234749/logs/scalars.csv
scalar_point,strategy_tht_scalars,scalars,flow/layer_logdet_std_2,step,13,0.06481023877859116,float,ok,outputs/save_data/ryc/tht_tripgen_20260212_234749/logs/scalars.csv
scalar_point,strategy_tht_scalars,scalars,flow/layer_logdet_mean_1,step,13,-0.006549335550516844,float,ok,outputs/save_data/ryc/tht_tripgen_20260212_234749/logs/scalars.csv
scalar_point,strategy_tht_scalars,scalars,flow/layer_logdet_std_1,step,13,0.09402308613061905,float,ok,outputs/save_data/ryc/tht_tripgen_20260212_234749/logs/scalars.csv
scalar_point,strategy_tht_scalars,scalars,flow/layer_logdet_mean_0,step,13,0.002250014804303646,float,ok,outputs/save_data/ryc/tht_tripgen_20260212_234749/logs/scalars.csv
scalar_point,strategy_tht_scalars,scalars,flow/layer_logdet_std_0,step,13,0.10753302276134491,float,ok,outputs/save_data/ryc/tht_tripgen_20260212_234749/logs/scalars.csv
scalar_point,strategy_tht_scalars,scalars,train/nll_total,step,14,11.808076858520508,float,ok,outputs/save_data/ryc/tht_tripgen_20260212_234749/logs/scalars.csv
scalar_point,strategy_tht_scalars,scalars,train/nll_h,step,14,2.9747023582458496,float,ok,outputs/save_data/ryc/tht_tripgen_20260212_234749/logs/scalars.csv
scalar_point,strategy_tht_scalars,scalars,train/nll_o,step,14,3.7905173301696777,float,ok,outputs/save_data/ryc/tht_tripgen_20260212_234749/logs/scalars.csv
scalar_point,strategy_tht_scalars,scalars,train/nll_d,step,14,3.8538975715637207,float,ok,outputs/save_data/ryc/tht_tripgen_20260212_234749/logs/scalars.csv
scalar_point,strategy_tht_scalars,scalars,train/nll_r,step,14,-0.0030184099450707436,float,ok,outputs/save_data/ryc/tht_tripgen_20260212_234749/logs/scalars.csv
scalar_point,strategy_tht_scalars,scalars,train/nll_passenger,step,14,0.7687440514564514,float,ok,outputs/save_data/ryc/tht_tripgen_20260212_234749/logs/scalars.csv
scalar_point,strategy_tht_scalars,scalars,train/nll_total_amount,step,14,0.4232332706451416,float,ok,outputs/save_data/ryc/tht_tripgen_20260212_234749/logs/scalars.csv
scalar_point,strategy_tht_scalars,scalars,val/nll_total,step,14,11.7706298828125,float,ok,outputs/save_data/ryc/tht_tripgen_20260212_234749/logs/scalars.csv
scalar_point,strategy_tht_scalars,scalars,val/nll_h,step,14,2.9785187244415283,float,ok,outputs/save_data/ryc/tht_tripgen_20260212_234749/logs/scalars.csv
scalar_point,strategy_tht_scalars,scalars,val/nll_o,step,14,3.7821290493011475,float,ok,outputs/save_data/ryc/tht_tripgen_20260212_234749/logs/scalars.csv
scalar_point,strategy_tht_scalars,scalars,val/nll_d,step,14,3.8469014167785645,float,ok,outputs/save_data/ryc/tht_tripgen_20260212_234749/logs/scalars.csv
scalar_point,strategy_tht_scalars,scalars,val/nll_r,step,14,-0.002879402367398143,float,ok,outputs/save_data/ryc/tht_tripgen_20260212_234749/logs/scalars.csv
scalar_point,strategy_tht_scalars,scalars,val/nll_passenger,step,14,0.7487568855285645,float,ok,outputs/save_data/ryc/tht_tripgen_20260212_234749/logs/scalars.csv
scalar_point,strategy_tht_scalars,scalars,val/nll_total_amount,step,14,0.4172012507915497,float,ok,outputs/save_data/ryc/tht_tripgen_20260212_234749/logs/scalars.csv
scalar_point,strategy_tht_scalars,scalars,train/grad_norm,step,14,1.200236921031933,float,ok,outputs/save_data/ryc/tht_tripgen_20260212_234749/logs/scalars.csv
scalar_point,strategy_tht_scalars,scalars,train/param_norm,step,14,149.32881783247115,float,ok,outputs/save_data/ryc/tht_tripgen_20260212_234749/logs/scalars.csv
scalar_point,strategy_tht_scalars,scalars,flow/layer_logdet_mean_4,step,14,0.012019788846373558,float,ok,outputs/save_data/ryc/tht_tripgen_20260212_234749/logs/scalars.csv
scalar_point,strategy_tht_scalars,scalars,flow/layer_logdet_std_4,step,14,0.15410548448562622,float,ok,outputs/save_data/ryc/tht_tripgen_20260212_234749/logs/scalars.csv
scalar_point,strategy_tht_scalars,scalars,flow/layer_logdet_mean_3,step,14,-0.00441282382234931,float,ok,outputs/save_data/ryc/tht_tripgen_20260212_234749/logs/scalars.csv
scalar_point,strategy_tht_scalars,scalars,flow/layer_logdet_std_3,step,14,0.055656202137470245,float,ok,outputs/save_data/ryc/tht_tripgen_20260212_234749/logs/scalars.csv
scalar_point,strategy_tht_scalars,scalars,flow/layer_logdet_mean_2,step,14,-0.001093883067369461,float,ok,outputs/save_data/ryc/tht_tripgen_20260212_234749/logs/scalars.csv
scalar_point,strategy_tht_scalars,scalars,flow/layer_logdet_std_2,step,14,0.0588153600692749,float,ok,outputs/save_data/ryc/tht_tripgen_20260212_234749/logs/scalars.csv
scalar_point,strategy_tht_scalars,scalars,flow/layer_logdet_mean_1,step,14,-0.003391775069758296,float,ok,outputs/save_data/ryc/tht_tripgen_20260212_234749/logs/scalars.csv
scalar_point,strategy_tht_scalars,scalars,flow/layer_logdet_std_1,step,14,0.09050222486257553,float,ok,outputs/save_data/ryc/tht_tripgen_20260212_234749/logs/scalars.csv
scalar_point,strategy_tht_scalars,scalars,flow/layer_logdet_mean_0,step,14,0.001998594729229808,float,ok,outputs/save_data/ryc/tht_tripgen_20260212_234749/logs/scalars.csv
scalar_point,strategy_tht_scalars,scalars,flow/layer_logdet_std_0,step,14,0.12034697085618973,float,ok,outputs/save_data/ryc/tht_tripgen_20260212_234749/logs/scalars.csv
scalar_point,strategy_tht_scalars,scalars,train/nll_total,step,15,11.801678657531738,float,ok,outputs/save_data/ryc/tht_tripgen_20260212_234749/logs/scalars.csv
scalar_point,strategy_tht_scalars,scalars,train/nll_h,step,15,2.9747023582458496,float,ok,outputs/save_data/ryc/tht_tripgen_20260212_234749/logs/scalars.csv
scalar_point,strategy_tht_scalars,scalars,train/nll_o,step,15,3.790426015853882,float,ok,outputs/save_data/ryc/tht_tripgen_20260212_234749/logs/scalars.csv
scalar_point,strategy_tht_scalars,scalars,train/nll_d,step,15,3.8527679443359375,float,ok,outputs/save_data/ryc/tht_tripgen_20260212_234749/logs/scalars.csv
scalar_point,strategy_tht_scalars,scalars,train/nll_r,step,15,-0.0030957551207393408,float,ok,outputs/save_data/ryc/tht_tripgen_20260212_234749/logs/scalars.csv
scalar_point,strategy_tht_scalars,scalars,train/nll_passenger,step,15,0.7685014009475708,float,ok,outputs/save_data/ryc/tht_tripgen_20260212_234749/logs/scalars.csv
scalar_point,strategy_tht_scalars,scalars,train/nll_total_amount,step,15,0.4183675944805145,float,ok,outputs/save_data/ryc/tht_tripgen_20260212_234749/logs/scalars.csv
scalar_point,strategy_tht_scalars,scalars,val/nll_total,step,15,11.769929885864258,float,ok,outputs/save_data/ryc/tht_tripgen_20260212_234749/logs/scalars.csv
scalar_point,strategy_tht_scalars,scalars,val/nll_h,step,15,2.9785540103912354,float,ok,outputs/save_data/ryc/tht_tripgen_20260212_234749/logs/scalars.csv
scalar_point,strategy_tht_scalars,scalars,val/nll_o,step,15,3.7815582752227783,float,ok,outputs/save_data/ryc/tht_tripgen_20260212_234749/logs/scalars.csv
scalar_point,strategy_tht_scalars,scalars,val/nll_d,step,15,3.845776319503784,float,ok,outputs/save_data/ryc/tht_tripgen_20260212_234749/logs/scalars.csv
scalar_point,strategy_tht_scalars,scalars,val/nll_r,step,15,-0.0027966750785708427,float,ok,outputs/save_data/ryc/tht_tripgen_20260212_234749/logs/scalars.csv
scalar_point,strategy_tht_scalars,scalars,val/nll_passenger,step,15,0.7487241625785828,float,ok,outputs/save_data/ryc/tht_tripgen_20260212_234749/logs/scalars.csv
scalar_point,strategy_tht_scalars,scalars,val/nll_total_amount,step,15,0.41811349987983704,float,ok,outputs/save_data/ryc/tht_tripgen_20260212_234749/logs/scalars.csv
scalar_point,strategy_tht_scalars,scalars,train/grad_norm,step,15,1.232655302918517,float,ok,outputs/save_data/ryc/tht_tripgen_20260212_234749/logs/scalars.csv
scalar_point,strategy_tht_scalars,scalars,train/param_norm,step,15,151.29444270229035,float,ok,outputs/save_data/ryc/tht_tripgen_20260212_234749/logs/scalars.csv
scalar_point,strategy_tht_scalars,scalars,flow/layer_logdet_mean_4,step,15,0.010742049664258957,float,ok,outputs/save_data/ryc/tht_tripgen_20260212_234749/logs/scalars.csv
scalar_point,strategy_tht_scalars,scalars,flow/layer_logdet_std_4,step,15,0.14656096696853638,float,ok,outputs/save_data/ryc/tht_tripgen_20260212_234749/logs/scalars.csv
scalar_point,strategy_tht_scalars,scalars,flow/layer_logdet_mean_3,step,15,-0.006252274848520756,float,ok,outputs/save_data/ryc/tht_tripgen_20260212_234749/logs/scalars.csv
scalar_point,strategy_tht_scalars,scalars,flow/layer_logdet_std_3,step,15,0.0599171444773674,float,ok,outputs/save_data/ryc/tht_tripgen_20260212_234749/logs/scalars.csv
scalar_point,strategy_tht_scalars,scalars,flow/layer_logdet_mean_2,step,15,-0.0017355997115373611,float,ok,outputs/save_data/ryc/tht_tripgen_20260212_234749/logs/scalars.csv
scalar_point,strategy_tht_scalars,scalars,flow/layer_logdet_std_2,step,15,0.06042291969060898,float,ok,outputs/save_data/ryc/tht_tripgen_20260212_234749/logs/scalars.csv
scalar_point,strategy_tht_scalars,scalars,flow/layer_logdet_mean_1,step,15,-0.005575654096901417,float,ok,outputs/save_data/ryc/tht_tripgen_20260212_234749/logs/scalars.csv
scalar_point,strategy_tht_scalars,scalars,flow/layer_logdet_std_1,step,15,0.08961375802755356,float,ok,outputs/save_data/ryc/tht_tripgen_20260212_234749/logs/scalars.csv
scalar_point,strategy_tht_scalars,scalars,flow/layer_logdet_mean_0,step,15,0.004707803949713707,float,ok,outputs/save_data/ryc/tht_tripgen_20260212_234749/logs/scalars.csv
scalar_point,strategy_tht_scalars,scalars,flow/layer_logdet_std_0,step,15,0.11730456352233887,float,ok,outputs/save_data/ryc/tht_tripgen_20260212_234749/logs/scalars.csv
scalar_point,strategy_tht_scalars,scalars,metrics/n_real,step,15,5000.0,float,ok,outputs/save_data/ryc/tht_tripgen_20260212_234749/logs/scalars.csv
scalar_point,strategy_tht_scalars,scalars,metrics/n_synth,step,15,5000.0,float,ok,outputs/save_data/ryc/tht_tripgen_20260212_234749/logs/scalars.csv
scalar_point,strategy_tht_scalars,scalars,metrics/hour_of_day_jsd,step,15,0.0014041098000866438,float,ok,outputs/save_data/ryc/tht_tripgen_20260212_234749/logs/scalars.csv
scalar_point,strategy_tht_scalars,scalars,metrics/hour_of_day_chi2,step,15,0.011664077809743694,float,ok,outputs/save_data/ryc/tht_tripgen_20260212_234749/logs/scalars.csv
scalar_point,strategy_tht_scalars,scalars,metrics/day_of_week_jsd,step,15,0.0,float,ok,outputs/save_data/ryc/tht_tripgen_20260212_234749/logs/scalars.csv
scalar_point,strategy_tht_scalars,scalars,metrics/day_of_week_chi2,step,15,0.0,float,ok,outputs/save_data/ryc/tht_tripgen_20260212_234749/logs/scalars.csv
scalar_point,strategy_tht_scalars,scalars,metrics/pickup_id_jsd,step,15,0.009189102202802639,float,ok,outputs/save_data/ryc/tht_tripgen_20260212_234749/logs/scalars.csv
scalar_point,strategy_tht_scalars,scalars,metrics/pickup_id_chi2,step,15,2160000.0417488273,float,ok,outputs/save_data/ryc/tht_tripgen_20260212_234749/logs/scalars.csv
scalar_point,strategy_tht_scalars,scalars,metrics/dropoff_id_jsd,step,15,0.010743274252667186,float,ok,outputs/save_data/ryc/tht_tripgen_20260212_234749/logs/scalars.csv
scalar_point,strategy_tht_scalars,scalars,metrics/dropoff_id_chi2,step,15,3160000.0510461135,float,ok,outputs/save_data/ryc/tht_tripgen_20260212_234749/logs/scalars.csv
scalar_point,strategy_tht_scalars,scalars,metrics/od_jsd,step,15,0.18353163053233693,float,ok,outputs/save_data/ryc/tht_tripgen_20260212_234749/logs/scalars.csv
scalar_point,strategy_tht_scalars,scalars,metrics/od_chi2,step,15,69480000.64813423,float,ok,outputs/save_data/ryc/tht_tripgen_20260212_234749/logs/scalars.csv
scalar_point,strategy_tht_scalars,scalars,metrics/od_coverage_real,step,15,0.6179659266907589,float,ok,outputs/save_data/ryc/tht_tripgen_20260212_234749/logs/scalars.csv
scalar_point,strategy_tht_scalars,scalars,metrics/od_coverage_synth,step,15,0.6018099547511312,float,ok,outputs/save_data/ryc/tht_tripgen_20260212_234749/logs/scalars.csv
scalar_point,strategy_tht_scalars,scalars,metrics/od_unique_real,step,15,1937.0,float,ok,outputs/save_data/ryc/tht_tripgen_20260212_234749/logs/scalars.csv
scalar_point,strategy_tht_scalars,scalars,metrics/od_unique_synth,step,15,1989.0,float,ok,outputs/save_data/ryc/tht_tripgen_20260212_234749/logs/scalars.csv
scalar_point,strategy_tht_scalars,scalars,metrics/time_jsd,step,15,0.007115634926301343,float,ok,outputs/save_data/ryc/tht_tripgen_20260212_234749/logs/scalars.csv
scalar_point,strategy_tht_scalars,scalars,metrics/time_chi2,step,15,760000.0558285909,float,ok,outputs/save_data/ryc/tht_tripgen_20260212_234749/logs/scalars.csv
scalar_point,strategy_tht_scalars,scalars,metrics/time_coverage_real,step,15,0.9788732394366197,float,ok,outputs/save_data/ryc/tht_tripgen_20260212_234749/logs/scalars.csv
scalar_point,strategy_tht_scalars,scalars,metrics/time_coverage_synth,step,15,0.9928571428571429,float,ok,outputs/save_data/ryc/tht_tripgen_20260212_234749/logs/scalars.csv
scalar_point,strategy_tht_scalars,scalars,metrics/time_unique_real,step,15,142.0,float,ok,outputs/save_data/ryc/tht_tripgen_20260212_234749/logs/scalars.csv
scalar_point,strategy_tht_scalars,scalars,metrics/time_unique_synth,step,15,140.0,float,ok,outputs/save_data/ryc/tht_tripgen_20260212_234749/logs/scalars.csv
scalar_point,strategy_tht_scalars,scalars,metrics/joint_jsd,step,15,0.6597110061919113,float,ok,outputs/save_data/ryc/tht_tripgen_20260212_234749/logs/scalars.csv
scalar_point,strategy_tht_scalars,scalars,metrics/joint_chi2,step,15,200040000.9559,float,ok,outputs/save_data/ryc/tht_tripgen_20260212_234749/logs/scalars.csv
scalar_point,strategy_tht_scalars,scalars,metrics/joint_coverage_real,step,15,0.04703224481413021,float,ok,outputs/save_data/ryc/tht_tripgen_20260212_234749/logs/scalars.csv
scalar_point,strategy_tht_scalars,scalars,metrics/joint_coverage_synth,step,15,0.04707091469681398,float,ok,outputs/save_data/ryc/tht_tripgen_20260212_234749/logs/scalars.csv
scalar_point,strategy_tht_scalars,scalars,metrics/joint_unique_real,step,15,4869.0,float,ok,outputs/save_data/ryc/tht_tripgen_20260212_234749/logs/scalars.csv
scalar_point,strategy_tht_scalars,scalars,metrics/joint_unique_synth,step,15,4865.0,float,ok,outputs/save_data/ryc/tht_tripgen_20260212_234749/logs/scalars.csv
scalar_point,strategy_tht_scalars,scalars,metrics/joint_mode_dropping_ratio,step,15,0.9529677551858697,float,ok,outputs/save_data/ryc/tht_tripgen_20260212_234749/logs/scalars.csv
scalar_point,strategy_tht_scalars,scalars,metrics/joint_invalid_ratio,step,15,0.952929085303186,float,ok,outputs/save_data/ryc/tht_tripgen_20260212_234749/logs/scalars.csv
scalar_point,strategy_tht_scalars,scalars,train/nll_total,step,16,11.795103073120117,float,ok,outputs/save_data/ryc/tht_tripgen_20260212_234749/logs/scalars.csv
scalar_point,strategy_tht_scalars,scalars,train/nll_h,step,16,2.9747118949890137,float,ok,outputs/save_data/ryc/tht_tripgen_20260212_234749/logs/scalars.csv
scalar_point,strategy_tht_scalars,scalars,train/nll_o,step,16,3.790348529815674,float,ok,outputs/save_data/ryc/tht_tripgen_20260212_234749/logs/scalars.csv
scalar_point,strategy_tht_scalars,scalars,train/nll_d,step,16,3.851541757583618,float,ok,outputs/save_data/ryc/tht_tripgen_20260212_234749/logs/scalars.csv
scalar_point,strategy_tht_scalars,scalars,train/nll_r,step,16,-0.003125174902379513,float,ok,outputs/save_data/ryc/tht_tripgen_20260212_234749/logs/scalars.csv
scalar_point,strategy_tht_scalars,scalars,train/nll_passenger,step,16,0.7682726979255676,float,ok,outputs/save_data/ryc/tht_tripgen_20260212_234749/logs/scalars.csv
scalar_point,strategy_tht_scalars,scalars,train/nll_total_amount,step,16,0.4133540987968445,float,ok,outputs/save_data/ryc/tht_tripgen_20260212_234749/logs/scalars.csv
scalar_point,strategy_tht_scalars,scalars,val/nll_total,step,16,11.76662826538086,float,ok,outputs/save_data/ryc/tht_tripgen_20260212_234749/logs/scalars.csv
scalar_point,strategy_tht_scalars,scalars,val/nll_h,step,16,2.978567361831665,float,ok,outputs/save_data/ryc/tht_tripgen_20260212_234749/logs/scalars.csv
scalar_point,strategy_tht_scalars,scalars,val/nll_o,step,16,3.7820374965667725,float,ok,outputs/save_data/ryc/tht_tripgen_20260212_234749/logs/scalars.csv
scalar_point,strategy_tht_scalars,scalars,val/nll_d,step,16,3.8451945781707764,float,ok,outputs/save_data/ryc/tht_tripgen_20260212_234749/logs/scalars.csv
scalar_point,strategy_tht_scalars,scalars,val/nll_r,step,16,-0.0027415677905082703,float,ok,outputs/save_data/ryc/tht_tripgen_20260212_234749/logs/scalars.csv
scalar_point,strategy_tht_scalars,scalars,val/nll_passenger,step,16,0.7484999895095825,float,ok,outputs/save_data/ryc/tht_tripgen_20260212_234749/logs/scalars.csv
scalar_point,strategy_tht_scalars,scalars,val/nll_total_amount,step,16,0.4150714576244354,float,ok,outputs/save_data/ryc/tht_tripgen_20260212_234749/logs/scalars.csv
scalar_point,strategy_tht_scalars,scalars,train/grad_norm,step,16,1.4283637719301225,float,ok,outputs/save_data/ryc/tht_tripgen_20260212_234749/logs/scalars.csv
scalar_point,strategy_tht_scalars,scalars,train/param_norm,step,16,153.17885254586497,float,ok,outputs/save_data/ryc/tht_tripgen_20260212_234749/logs/scalars.csv
scalar_point,strategy_tht_scalars,scalars,flow/layer_logdet_mean_4,step,16,0.010429119691252708,float,ok,outputs/save_data/ryc/tht_tripgen_20260212_234749/logs/scalars.csv
scalar_point,strategy_tht_scalars,scalars,flow/layer_logdet_std_4,step,16,0.14976200461387634,float,ok,outputs/save_data/ryc/tht_tripgen_20260212_234749/logs/scalars.csv
scalar_point,strategy_tht_scalars,scalars,flow/layer_logdet_mean_3,step,16,-0.007058258168399334,float,ok,outputs/save_data/ryc/tht_tripgen_20260212_234749/logs/scalars.csv
scalar_point,strategy_tht_scalars,scalars,flow/layer_logdet_std_3,step,16,0.06094067171216011,float,ok,outputs/save_data/ryc/tht_tripgen_20260212_234749/logs/scalars.csv
scalar_point,strategy_tht_scalars,scalars,flow/layer_logdet_mean_2,step,16,-0.0035744537599384785,float,ok,outputs/save_data/ryc/tht_tripgen_20260212_234749/logs/scalars.csv
scalar_point,strategy_tht_scalars,scalars,flow/layer_logdet_std_2,step,16,0.0669550895690918,float,ok,outputs/save_data/ryc/tht_tripgen_20260212_234749/logs/scalars.csv
scalar_point,strategy_tht_scalars,scalars,flow/layer_logdet_mean_1,step,16,-0.008413816802203655,float,ok,outputs/save_data/ryc/tht_tripgen_20260212_234749/logs/scalars.csv
scalar_point,strategy_tht_scalars,scalars,flow/layer_logdet_std_1,step,16,0.09573014080524445,float,ok,outputs/save_data/ryc/tht_tripgen_20260212_234749/logs/scalars.csv
scalar_point,strategy_tht_scalars,scalars,flow/layer_logdet_mean_0,step,16,0.004489447455853224,float,ok,outputs/save_data/ryc/tht_tripgen_20260212_234749/logs/scalars.csv
scalar_point,strategy_tht_scalars,scalars,flow/layer_logdet_std_0,step,16,0.11649299412965775,float,ok,outputs/save_data/ryc/tht_tripgen_20260212_234749/logs/scalars.csv
scalar_point,strategy_tht_scalars,scalars,train/nll_total,step,17,11.789790153503418,float,ok,outputs/save_data/ryc/tht_tripgen_20260212_234749/logs/scalars.csv
scalar_point,strategy_tht_scalars,scalars,train/nll_h,step,17,2.9747073650360107,float,ok,outputs/save_data/ryc/tht_tripgen_20260212_234749/logs/scalars.csv
scalar_point,strategy_tht_scalars,scalars,train/nll_o,step,17,3.790153741836548,float,ok,outputs/save_data/ryc/tht_tripgen_20260212_234749/logs/scalars.csv
scalar_point,strategy_tht_scalars,scalars,train/nll_d,step,17,3.8503549098968506,float,ok,outputs/save_data/ryc/tht_tripgen_20260212_234749/logs/scalars.csv
scalar_point,strategy_tht_scalars,scalars,train/nll_r,step,17,-0.0032676069531589746,float,ok,outputs/save_data/ryc/tht_tripgen_20260212_234749/logs/scalars.csv
scalar_point,strategy_tht_scalars,scalars,train/nll_passenger,step,17,0.7679895162582397,float,ok,outputs/save_data/ryc/tht_tripgen_20260212_234749/logs/scalars.csv
scalar_point,strategy_tht_scalars,scalars,train/nll_total_amount,step,17,0.40985414385795593,float,ok,outputs/save_data/ryc/tht_tripgen_20260212_234749/logs/scalars.csv
scalar_point,strategy_tht_scalars,scalars,val/nll_total,step,17,11.76272964477539,float,ok,outputs/save_data/ryc/tht_tripgen_20260212_234749/logs/scalars.csv
scalar_point,strategy_tht_scalars,scalars,val/nll_h,step,17,2.9785659313201904,float,ok,outputs/save_data/ryc/tht_tripgen_20260212_234749/logs/scalars.csv
scalar_point,strategy_tht_scalars,scalars,val/nll_o,step,17,3.781862258911133,float,ok,outputs/save_data/ryc/tht_tripgen_20260212_234749/logs/scalars.csv
scalar_point,strategy_tht_scalars,scalars,val/nll_d,step,17,3.8446645736694336,float,ok,outputs/save_data/ryc/tht_tripgen_20260212_234749/logs/scalars.csv
scalar_point,strategy_tht_scalars,scalars,val/nll_r,step,17,-0.0031561139039695263,float,ok,outputs/save_data/ryc/tht_tripgen_20260212_234749/logs/scalars.csv
scalar_point,strategy_tht_scalars,scalars,val/nll_passenger,step,17,0.7482362389564514,float,ok,outputs/save_data/ryc/tht_tripgen_20260212_234749/logs/scalars.csv
scalar_point,strategy_tht_scalars,scalars,val/nll_total_amount,step,17,0.41255736351013184,float,ok,outputs/save_data/ryc/tht_tripgen_20260212_234749/logs/scalars.csv
scalar_point,strategy_tht_scalars,scalars,train/grad_norm,step,17,1.2014490813885967,float,ok,outputs/save_data/ryc/tht_tripgen_20260212_234749/logs/scalars.csv
scalar_point,strategy_tht_scalars,scalars,train/param_norm,step,17,154.99128970810867,float,ok,outputs/save_data/ryc/tht_tripgen_20260212_234749/logs/scalars.csv
scalar_point,strategy_tht_scalars,scalars,flow/layer_logdet_mean_4,step,17,0.012289263308048248,float,ok,outputs/save_data/ryc/tht_tripgen_20260212_234749/logs/scalars.csv
scalar_point,strategy_tht_scalars,scalars,flow/layer_logdet_std_4,step,17,0.14893046021461487,float,ok,outputs/save_data/ryc/tht_tripgen_20260212_234749/logs/scalars.csv
scalar_point,strategy_tht_scalars,scalars,flow/layer_logdet_mean_3,step,17,-0.005340803414583206,float,ok,outputs/save_data/ryc/tht_tripgen_20260212_234749/logs/scalars.csv
scalar_point,strategy_tht_scalars,scalars,flow/layer_logdet_std_3,step,17,0.06091178208589554,float,ok,outputs/save_data/ryc/tht_tripgen_20260212_234749/logs/scalars.csv
scalar_point,strategy_tht_scalars,scalars,flow/layer_logdet_mean_2,step,17,-0.00163282360881567,float,ok,outputs/save_data/ryc/tht_tripgen_20260212_234749/logs/scalars.csv
scalar_point,strategy_tht_scalars,scalars,flow/layer_logdet_std_2,step,17,0.06613229215145111,float,ok,outputs/save_data/ryc/tht_tripgen_20260212_234749/logs/scalars.csv
scalar_point,strategy_tht_scalars,scalars,flow/layer_logdet_mean_1,step,17,-0.006148424930870533,float,ok,outputs/save_data/ryc/tht_tripgen_20260212_234749/logs/scalars.csv
scalar_point,strategy_tht_scalars,scalars,flow/layer_logdet_std_1,step,17,0.09723478555679321,float,ok,outputs/save_data/ryc/tht_tripgen_20260212_234749/logs/scalars.csv
scalar_point,strategy_tht_scalars,scalars,flow/layer_logdet_mean_0,step,17,0.002452306915074587,float,ok,outputs/save_data/ryc/tht_tripgen_20260212_234749/logs/scalars.csv
scalar_point,strategy_tht_scalars,scalars,flow/layer_logdet_std_0,step,17,0.12266679853200912,float,ok,outputs/save_data/ryc/tht_tripgen_20260212_234749/logs/scalars.csv
scalar_point,strategy_tht_scalars,scalars,train/nll_total,step,18,11.785131454467773,float,ok,outputs/save_data/ryc/tht_tripgen_20260212_234749/logs/scalars.csv
scalar_point,strategy_tht_scalars,scalars,train/nll_h,step,18,2.974708318710327,float,ok,outputs/save_data/ryc/tht_tripgen_20260212_234749/logs/scalars.csv
scalar_point,strategy_tht_scalars,scalars,train/nll_o,step,18,3.7901296615600586,float,ok,outputs/save_data/ryc/tht_tripgen_20260212_234749/logs/scalars.csv
scalar_point,strategy_tht_scalars,scalars,train/nll_d,step,18,3.8496057987213135,float,ok,outputs/save_data/ryc/tht_tripgen_20260212_234749/logs/scalars.csv
scalar_point,strategy_tht_scalars,scalars,train/nll_r,step,18,-0.0033409809693694115,float,ok,outputs/save_data/ryc/tht_tripgen_20260212_234749/logs/scalars.csv
scalar_point,strategy_tht_scalars,scalars,train/nll_passenger,step,18,0.7679204344749451,float,ok,outputs/save_data/ryc/tht_tripgen_20260212_234749/logs/scalars.csv
scalar_point,strategy_tht_scalars,scalars,train/nll_total_amount,step,18,0.4061107039451599,float,ok,outputs/save_data/ryc/tht_tripgen_20260212_234749/logs/scalars.csv
scalar_point,strategy_tht_scalars,scalars,val/nll_total,step,18,11.754542350769043,float,ok,outputs/save_data/ryc/tht_tripgen_20260212_234749/logs/scalars.csv
scalar_point,strategy_tht_scalars,scalars,val/nll_h,step,18,2.9785830974578857,float,ok,outputs/save_data/ryc/tht_tripgen_20260212_234749/logs/scalars.csv
scalar_point,strategy_tht_scalars,scalars,val/nll_o,step,18,3.7817585468292236,float,ok,outputs/save_data/ryc/tht_tripgen_20260212_234749/logs/scalars.csv
scalar_point,strategy_tht_scalars,scalars,val/nll_d,step,18,3.8440070152282715,float,ok,outputs/save_data/ryc/tht_tripgen_20260212_234749/logs/scalars.csv
scalar_point,strategy_tht_scalars,scalars,val/nll_r,step,18,-0.002989906119182706,float,ok,outputs/save_data/ryc/tht_tripgen_20260212_234749/logs/scalars.csv
scalar_point,strategy_tht_scalars,scalars,val/nll_passenger,step,18,0.7482826709747314,float,ok,outputs/save_data/ryc/tht_tripgen_20260212_234749/logs/scalars.csv
scalar_point,strategy_tht_scalars,scalars,val/nll_total_amount,step,18,0.40489813685417175,float,ok,outputs/save_data/ryc/tht_tripgen_20260212_234749/logs/scalars.csv
scalar_point,strategy_tht_scalars,scalars,train/grad_norm,step,18,1.2973330564526164,float,ok,outputs/save_data/ryc/tht_tripgen_20260212_234749/logs/scalars.csv
scalar_point,strategy_tht_scalars,scalars,train/param_norm,step,18,156.75709578638757,float,ok,outputs/save_data/ryc/tht_tripgen_20260212_234749/logs/scalars.csv
scalar_point,strategy_tht_scalars,scalars,flow/layer_logdet_mean_4,step,18,0.012226179242134094,float,ok,outputs/save_data/ryc/tht_tripgen_20260212_234749/logs/scalars.csv
scalar_point,strategy_tht_scalars,scalars,flow/layer_logdet_std_4,step,18,0.1497405767440796,float,ok,outputs/save_data/ryc/tht_tripgen_20260212_234749/logs/scalars.csv
scalar_point,strategy_tht_scalars,scalars,flow/layer_logdet_mean_3,step,18,-0.004829712212085724,float,ok,outputs/save_data/ryc/tht_tripgen_20260212_234749/logs/scalars.csv
scalar_point,strategy_tht_scalars,scalars,flow/layer_logdet_std_3,step,18,0.05774910748004913,float,ok,outputs/save_data/ryc/tht_tripgen_20260212_234749/logs/scalars.csv
scalar_point,strategy_tht_scalars,scalars,flow/layer_logdet_mean_2,step,18,-0.0017188356723636389,float,ok,outputs/save_data/ryc/tht_tripgen_20260212_234749/logs/scalars.csv
scalar_point,strategy_tht_scalars,scalars,flow/layer_logdet_std_2,step,18,0.06829290091991425,float,ok,outputs/save_data/ryc/tht_tripgen_20260212_234749/logs/scalars.csv
scalar_point,strategy_tht_scalars,scalars,flow/layer_logdet_mean_1,step,18,-0.005665213335305452,float,ok,outputs/save_data/ryc/tht_tripgen_20260212_234749/logs/scalars.csv
scalar_point,strategy_tht_scalars,scalars,flow/layer_logdet_std_1,step,18,0.09441772848367691,float,ok,outputs/save_data/ryc/tht_tripgen_20260212_234749/logs/scalars.csv
scalar_point,strategy_tht_scalars,scalars,flow/layer_logdet_mean_0,step,18,0.004148842301219702,float,ok,outputs/save_data/ryc/tht_tripgen_20260212_234749/logs/scalars.csv
scalar_point,strategy_tht_scalars,scalars,flow/layer_logdet_std_0,step,18,0.12305795401334763,float,ok,outputs/save_data/ryc/tht_tripgen_20260212_234749/logs/scalars.csv
scalar_point,strategy_tht_scalars,scalars,train/nll_total,step,19,11.780115127563477,float,ok,outputs/save_data/ryc/tht_tripgen_20260212_234749/logs/scalars.csv
scalar_point,strategy_tht_scalars,scalars,train/nll_h,step,19,2.9747087955474854,float,ok,outputs/save_data/ryc/tht_tripgen_20260212_234749/logs/scalars.csv
scalar_point,strategy_tht_scalars,scalars,train/nll_o,step,19,3.7900493144989014,float,ok,outputs/save_data/ryc/tht_tripgen_20260212_234749/logs/scalars.csv
scalar_point,strategy_tht_scalars,scalars,train/nll_d,step,19,3.8484556674957275,float,ok,outputs/save_data/ryc/tht_tripgen_20260212_234749/logs/scalars.csv
scalar_point,strategy_tht_scalars,scalars,train/nll_r,step,19,-0.003346686251461506,float,ok,outputs/save_data/ryc/tht_tripgen_20260212_234749/logs/scalars.csv
scalar_point,strategy_tht_scalars,scalars,train/nll_passenger,step,19,0.7678097486495972,float,ok,outputs/save_data/ryc/tht_tripgen_20260212_234749/logs/scalars.csv
scalar_point,strategy_tht_scalars,scalars,train/nll_total_amount,step,19,0.40244370698928833,float,ok,outputs/save_data/ryc/tht_tripgen_20260212_234749/logs/scalars.csv
scalar_point,strategy_tht_scalars,scalars,val/nll_total,step,19,11.756669044494629,float,ok,outputs/save_data/ryc/tht_tripgen_20260212_234749/logs/scalars.csv
scalar_point,strategy_tht_scalars,scalars,val/nll_h,step,19,2.9785568714141846,float,ok,outputs/save_data/ryc/tht_tripgen_20260212_234749/logs/scalars.csv
scalar_point,strategy_tht_scalars,scalars,val/nll_o,step,19,3.781886100769043,float,ok,outputs/save_data/ryc/tht_tripgen_20260212_234749/logs/scalars.csv
scalar_point,strategy_tht_scalars,scalars,val/nll_d,step,19,3.844298839569092,float,ok,outputs/save_data/ryc/tht_tripgen_20260212_234749/logs/scalars.csv
scalar_point,strategy_tht_scalars,scalars,val/nll_r,step,19,-0.003253599628806114,float,ok,outputs/save_data/ryc/tht_tripgen_20260212_234749/logs/scalars.csv
scalar_point,strategy_tht_scalars,scalars,val/nll_passenger,step,19,0.7481388449668884,float,ok,outputs/save_data/ryc/tht_tripgen_20260212_234749/logs/scalars.csv
scalar_point,strategy_tht_scalars,scalars,val/nll_total_amount,step,19,0.4070432782173157,float,ok,outputs/save_data/ryc/tht_tripgen_20260212_234749/logs/scalars.csv
scalar_point,strategy_tht_scalars,scalars,train/grad_norm,step,19,1.205155857256488,float,ok,outputs/save_data/ryc/tht_tripgen_20260212_234749/logs/scalars.csv
scalar_point,strategy_tht_scalars,scalars,train/param_norm,step,19,158.45209131866076,float,ok,outputs/save_data/ryc/tht_tripgen_20260212_234749/logs/scalars.csv
scalar_point,strategy_tht_scalars,scalars,flow/layer_logdet_mean_4,step,19,0.011743756942451,float,ok,outputs/save_data/ryc/tht_tripgen_20260212_234749/logs/scalars.csv
scalar_point,strategy_tht_scalars,scalars,flow/layer_logdet_std_4,step,19,0.14707009494304657,float,ok,outputs/save_data/ryc/tht_tripgen_20260212_234749/logs/scalars.csv
scalar_point,strategy_tht_scalars,scalars,flow/layer_logdet_mean_3,step,19,-0.005406287498772144,float,ok,outputs/save_data/ryc/tht_tripgen_20260212_234749/logs/scalars.csv
scalar_point,strategy_tht_scalars,scalars,flow/layer_logdet_std_3,step,19,0.05973914638161659,float,ok,outputs/save_data/ryc/tht_tripgen_20260212_234749/logs/scalars.csv
scalar_point,strategy_tht_scalars,scalars,flow/layer_logdet_mean_2,step,19,0.00021308544091880322,float,ok,outputs/save_data/ryc/tht_tripgen_20260212_234749/logs/scalars.csv
scalar_point,strategy_tht_scalars,scalars,flow/layer_logdet_std_2,step,19,0.06544361263513565,float,ok,outputs/save_data/ryc/tht_tripgen_20260212_234749/logs/scalars.csv
scalar_point,strategy_tht_scalars,scalars,flow/layer_logdet_mean_1,step,19,-0.003503089305013418,float,ok,outputs/save_data/ryc/tht_tripgen_20260212_234749/logs/scalars.csv
scalar_point,strategy_tht_scalars,scalars,flow/layer_logdet_std_1,step,19,0.10104209184646606,float,ok,outputs/save_data/ryc/tht_tripgen_20260212_234749/logs/scalars.csv
scalar_point,strategy_tht_scalars,scalars,flow/layer_logdet_mean_0,step,19,0.0027104285545647144,float,ok,outputs/save_data/ryc/tht_tripgen_20260212_234749/logs/scalars.csv
scalar_point,strategy_tht_scalars,scalars,flow/layer_logdet_std_0,step,19,0.12539079785346985,float,ok,outputs/save_data/ryc/tht_tripgen_20260212_234749/logs/scalars.csv
scalar_point,strategy_tht_scalars,scalars,train/nll_total,step,20,11.776721000671387,float,ok,outputs/save_data/ryc/tht_tripgen_20260212_234749/logs/scalars.csv
scalar_point,strategy_tht_scalars,scalars,train/nll_h,step,20,2.974714517593384,float,ok,outputs/save_data/ryc/tht_tripgen_20260212_234749/logs/scalars.csv
scalar_point,strategy_tht_scalars,scalars,train/nll_o,step,20,3.7899904251098633,float,ok,outputs/save_data/ryc/tht_tripgen_20260212_234749/logs/scalars.csv
scalar_point,strategy_tht_scalars,scalars,train/nll_d,step,20,3.8477206230163574,float,ok,outputs/save_data/ryc/tht_tripgen_20260212_234749/logs/scalars.csv
scalar_point,strategy_tht_scalars,scalars,train/nll_r,step,20,-0.0034852693788707256,float,ok,outputs/save_data/ryc/tht_tripgen_20260212_234749/logs/scalars.csv
scalar_point,strategy_tht_scalars,scalars,train/nll_passenger,step,20,0.7675643563270569,float,ok,outputs/save_data/ryc/tht_tripgen_20260212_234749/logs/scalars.csv
scalar_point,strategy_tht_scalars,scalars,train/nll_total_amount,step,20,0.40021950006484985,float,ok,outputs/save_data/ryc/tht_tripgen_20260212_234749/logs/scalars.csv
scalar_point,strategy_tht_scalars,scalars,val/nll_total,step,20,11.754026412963867,float,ok,outputs/save_data/ryc/tht_tripgen_20260212_234749/logs/scalars.csv
scalar_point,strategy_tht_scalars,scalars,val/nll_h,step,20,2.978605031967163,float,ok,outputs/save_data/ryc/tht_tripgen_20260212_234749/logs/scalars.csv
scalar_point,strategy_tht_scalars,scalars,val/nll_o,step,20,3.78166127204895,float,ok,outputs/save_data/ryc/tht_tripgen_20260212_234749/logs/scalars.csv
scalar_point,strategy_tht_scalars,scalars,val/nll_d,step,20,3.8433053493499756,float,ok,outputs/save_data/ryc/tht_tripgen_20260212_234749/logs/scalars.csv
scalar_point,strategy_tht_scalars,scalars,val/nll_r,step,20,-0.0031848757062107325,float,ok,outputs/save_data/ryc/tht_tripgen_20260212_234749/logs/scalars.csv
scalar_point,strategy_tht_scalars,scalars,val/nll_passenger,step,20,0.7480138540267944,float,ok,outputs/save_data/ryc/tht_tripgen_20260212_234749/logs/scalars.csv
scalar_point,strategy_tht_scalars,scalars,val/nll_total_amount,step,20,0.405624121427536,float,ok,outputs/save_data/ryc/tht_tripgen_20260212_234749/logs/scalars.csv
scalar_point,strategy_tht_scalars,scalars,train/grad_norm,step,20,1.4042591185677484,float,ok,outputs/save_data/ryc/tht_tripgen_20260212_234749/logs/scalars.csv
scalar_point,strategy_tht_scalars,scalars,train/param_norm,step,20,160.12582483087792,float,ok,outputs/save_data/ryc/tht_tripgen_20260212_234749/logs/scalars.csv
scalar_point,strategy_tht_scalars,scalars,flow/layer_logdet_mean_4,step,20,0.011390315368771553,float,ok,outputs/save_data/ryc/tht_tripgen_20260212_234749/logs/scalars.csv
scalar_point,strategy_tht_scalars,scalars,flow/layer_logdet_std_4,step,20,0.14850226044654846,float,ok,outputs/save_data/ryc/tht_tripgen_20260212_234749/logs/scalars.csv
scalar_point,strategy_tht_scalars,scalars,flow/layer_logdet_mean_3,step,20,-0.006482810713350773,float,ok,outputs/save_data/ryc/tht_tripgen_20260212_234749/logs/scalars.csv
scalar_point,strategy_tht_scalars,scalars,flow/layer_logdet_std_3,step,20,0.06259173899888992,float,ok,outputs/save_data/ryc/tht_tripgen_20260212_234749/logs/scalars.csv
scalar_point,strategy_tht_scalars,scalars,flow/layer_logdet_mean_2,step,20,0.0007111915037967265,float,ok,outputs/save_data/ryc/tht_tripgen_20260212_234749/logs/scalars.csv
scalar_point,strategy_tht_scalars,scalars,flow/layer_logdet_std_2,step,20,0.06256218999624252,float,ok,outputs/save_data/ryc/tht_tripgen_20260212_234749/logs/scalars.csv
scalar_point,strategy_tht_scalars,scalars,flow/layer_logdet_mean_1,step,20,-0.005432971753180027,float,ok,outputs/save_data/ryc/tht_tripgen_20260212_234749/logs/scalars.csv
scalar_point,strategy_tht_scalars,scalars,flow/layer_logdet_std_1,step,20,0.10072933882474899,float,ok,outputs/save_data/ryc/tht_tripgen_20260212_234749/logs/scalars.csv
scalar_point,strategy_tht_scalars,scalars,flow/layer_logdet_mean_0,step,20,0.0006420754361897707,float,ok,outputs/save_data/ryc/tht_tripgen_20260212_234749/logs/scalars.csv
scalar_point,strategy_tht_scalars,scalars,flow/layer_logdet_std_0,step,20,0.12668561935424805,float,ok,outputs/save_data/ryc/tht_tripgen_20260212_234749/logs/scalars.csv
scalar_point,strategy_tht_scalars,scalars,metrics/n_real,step,20,5000.0,float,ok,outputs/save_data/ryc/tht_tripgen_20260212_234749/logs/scalars.csv
scalar_point,strategy_tht_scalars,scalars,metrics/n_synth,step,20,5000.0,float,ok,outputs/save_data/ryc/tht_tripgen_20260212_234749/logs/scalars.csv
scalar_point,strategy_tht_scalars,scalars,metrics/hour_of_day_jsd,step,20,0.0010634095704118588,float,ok,outputs/save_data/ryc/tht_tripgen_20260212_234749/logs/scalars.csv
scalar_point,strategy_tht_scalars,scalars,metrics/hour_of_day_chi2,step,20,0.008570683843415978,float,ok,outputs/save_data/ryc/tht_tripgen_20260212_234749/logs/scalars.csv
scalar_point,strategy_tht_scalars,scalars,metrics/day_of_week_jsd,step,20,0.0,float,ok,outputs/save_data/ryc/tht_tripgen_20260212_234749/logs/scalars.csv
scalar_point,strategy_tht_scalars,scalars,metrics/day_of_week_chi2,step,20,0.0,float,ok,outputs/save_data/ryc/tht_tripgen_20260212_234749/logs/scalars.csv
scalar_point,strategy_tht_scalars,scalars,metrics/pickup_id_jsd,step,20,0.008867918506818121,float,ok,outputs/save_data/ryc/tht_tripgen_20260212_234749/logs/scalars.csv
scalar_point,strategy_tht_scalars,scalars,metrics/pickup_id_chi2,step,20,3640000.034393708,float,ok,outputs/save_data/ryc/tht_tripgen_20260212_234749/logs/scalars.csv
scalar_point,strategy_tht_scalars,scalars,metrics/dropoff_id_jsd,step,20,0.011496890275745466,float,ok,outputs/save_data/ryc/tht_tripgen_20260212_234749/logs/scalars.csv
scalar_point,strategy_tht_scalars,scalars,metrics/dropoff_id_chi2,step,20,2680000.0707243592,float,ok,outputs/save_data/ryc/tht_tripgen_20260212_234749/logs/scalars.csv
scalar_point,strategy_tht_scalars,scalars,metrics/od_jsd,step,20,0.18090234732097382,float,ok,outputs/save_data/ryc/tht_tripgen_20260212_234749/logs/scalars.csv
scalar_point,strategy_tht_scalars,scalars,metrics/od_chi2,step,20,73600000.65947235,float,ok,outputs/save_data/ryc/tht_tripgen_20260212_234749/logs/scalars.csv
scalar_point,strategy_tht_scalars,scalars,metrics/od_coverage_real,step,20,0.6205472379969025,float,ok,outputs/save_data/ryc/tht_tripgen_20260212_234749/logs/scalars.csv
scalar_point,strategy_tht_scalars,scalars,metrics/od_coverage_synth,step,20,0.5912444663059518,float,ok,outputs/save_data/ryc/tht_tripgen_20260212_234749/logs/scalars.csv
scalar_point,strategy_tht_scalars,scalars,metrics/od_unique_real,step,20,1937.0,float,ok,outputs/save_data/ryc/tht_tripgen_20260212_234749/logs/scalars.csv
scalar_point,strategy_tht_scalars,scalars,metrics/od_unique_synth,step,20,2033.0,float,ok,outputs/save_data/ryc/tht_tripgen_20260212_234749/logs/scalars.csv
scalar_point,strategy_tht_scalars,scalars,metrics/time_jsd,step,20,0.007090337266996196,float,ok,outputs/save_data/ryc/tht_tripgen_20260212_234749/logs/scalars.csv
scalar_point,strategy_tht_scalars,scalars,metrics/time_chi2,step,20,160000.06119855907,float,ok,outputs/save_data/ryc/tht_tripgen_20260212_234749/logs/scalars.csv
scalar_point,strategy_tht_scalars,scalars,metrics/time_coverage_real,step,20,0.9929577464788732,float,ok,outputs/save_data/ryc/tht_tripgen_20260212_234749/logs/scalars.csv
scalar_point,strategy_tht_scalars,scalars,metrics/time_coverage_synth,step,20,0.986013986013986,float,ok,outputs/save_data/ryc/tht_tripgen_20260212_234749/logs/scalars.csv
scalar_point,strategy_tht_scalars,scalars,metrics/time_unique_real,step,20,142.0,float,ok,outputs/save_data/ryc/tht_tripgen_20260212_234749/logs/scalars.csv
scalar_point,strategy_tht_scalars,scalars,metrics/time_unique_synth,step,20,143.0,float,ok,outputs/save_data/ryc/tht_tripgen_20260212_234749/logs/scalars.csv
scalar_point,strategy_tht_scalars,scalars,metrics/joint_jsd,step,20,0.659358865547565,float,ok,outputs/save_data/ryc/tht_tripgen_20260212_234749/logs/scalars.csv
scalar_point,strategy_tht_scalars,scalars,metrics/joint_chi2,step,20,199960000.95593333,float,ok,outputs/save_data/ryc/tht_tripgen_20260212_234749/logs/scalars.csv
scalar_point,strategy_tht_scalars,scalars,metrics/joint_coverage_real,step,20,0.04785376874101458,float,ok,outputs/save_data/ryc/tht_tripgen_20260212_234749/logs/scalars.csv
scalar_point,strategy_tht_scalars,scalars,metrics/joint_coverage_synth,step,20,0.047609317531671434,float,ok,outputs/save_data/ryc/tht_tripgen_20260212_234749/logs/scalars.csv
scalar_point,strategy_tht_scalars,scalars,metrics/joint_unique_real,step,20,4869.0,float,ok,outputs/save_data/ryc/tht_tripgen_20260212_234749/logs/scalars.csv
scalar_point,strategy_tht_scalars,scalars,metrics/joint_unique_synth,step,20,4894.0,float,ok,outputs/save_data/ryc/tht_tripgen_20260212_234749/logs/scalars.csv
scalar_point,strategy_tht_scalars,scalars,metrics/joint_mode_dropping_ratio,step,20,0.9521462312589855,float,ok,outputs/save_data/ryc/tht_tripgen_20260212_234749/logs/scalars.csv
scalar_point,strategy_tht_scalars,scalars,metrics/joint_invalid_ratio,step,20,0.9523906824683286,float,ok,outputs/save_data/ryc/tht_tripgen_20260212_234749/logs/scalars.csv
scalar_point,strategy_tht_scalars,scalars,train/nll_total,step,21,11.77269172668457,float,ok,outputs/save_data/ryc/tht_tripgen_20260212_234749/logs/scalars.csv
scalar_point,strategy_tht_scalars,scalars,train/nll_h,step,21,2.9747047424316406,float,ok,outputs/save_data/ryc/tht_tripgen_20260212_234749/logs/scalars.csv
scalar_point,strategy_tht_scalars,scalars,train/nll_o,step,21,3.789855718612671,float,ok,outputs/save_data/ryc/tht_tripgen_20260212_234749/logs/scalars.csv
scalar_point,strategy_tht_scalars,scalars,train/nll_d,step,21,3.846912384033203,float,ok,outputs/save_data/ryc/tht_tripgen_20260212_234749/logs/scalars.csv
scalar_point,strategy_tht_scalars,scalars,train/nll_r,step,21,-0.003567533800378442,float,ok,outputs/save_data/ryc/tht_tripgen_20260212_234749/logs/scalars.csv
scalar_point,strategy_tht_scalars,scalars,train/nll_passenger,step,21,0.7673925161361694,float,ok,outputs/save_data/ryc/tht_tripgen_20260212_234749/logs/scalars.csv
scalar_point,strategy_tht_scalars,scalars,train/nll_total_amount,step,21,0.39739325642585754,float,ok,outputs/save_data/ryc/tht_tripgen_20260212_234749/logs/scalars.csv
scalar_point,strategy_tht_scalars,scalars,val/nll_total,step,21,11.751368522644043,float,ok,outputs/save_data/ryc/tht_tripgen_20260212_234749/logs/scalars.csv
scalar_point,strategy_tht_scalars,scalars,val/nll_h,step,21,2.97868013381958,float,ok,outputs/save_data/ryc/tht_tripgen_20260212_234749/logs/scalars.csv
scalar_point,strategy_tht_scalars,scalars,val/nll_o,step,21,3.7817182540893555,float,ok,outputs/save_data/ryc/tht_tripgen_20260212_234749/logs/scalars.csv
scalar_point,strategy_tht_scalars,scalars,val/nll_d,step,21,3.842477560043335,float,ok,outputs/save_data/ryc/tht_tripgen_20260212_234749/logs/scalars.csv
scalar_point,strategy_tht_scalars,scalars,val/nll_r,step,21,-0.0030668273102492094,float,ok,outputs/save_data/ryc/tht_tripgen_20260212_234749/logs/scalars.csv
scalar_point,strategy_tht_scalars,scalars,val/nll_passenger,step,21,0.7476980686187744,float,ok,outputs/save_data/ryc/tht_tripgen_20260212_234749/logs/scalars.csv
scalar_point,strategy_tht_scalars,scalars,val/nll_total_amount,step,21,0.4038635790348053,float,ok,outputs/save_data/ryc/tht_tripgen_20260212_234749/logs/scalars.csv
scalar_point,strategy_tht_scalars,scalars,train/grad_norm,step,21,1.0351929471719565,float,ok,outputs/save_data/ryc/tht_tripgen_20260212_234749/logs/scalars.csv
scalar_point,strategy_tht_scalars,scalars,train/param_norm,step,21,161.7346742968199,float,ok,outputs/save_data/ryc/tht_tripgen_20260212_234749/logs/scalars.csv
scalar_point,strategy_tht_scalars,scalars,flow/layer_logdet_mean_4,step,21,0.012516597285866737,float,ok,outputs/save_data/ryc/tht_tripgen_20260212_234749/logs/scalars.csv
scalar_point,strategy_tht_scalars,scalars,flow/layer_logdet_std_4,step,21,0.14653898775577545,float,ok,outputs/save_data/ryc/tht_tripgen_20260212_234749/logs/scalars.csv
scalar_point,strategy_tht_scalars,scalars,flow/layer_logdet_mean_3,step,21,-0.006044183857738972,float,ok,outputs/save_data/ryc/tht_tripgen_20260212_234749/logs/scalars.csv
scalar_point,strategy_tht_scalars,scalars,flow/layer_logdet_std_3,step,21,0.0627242922782898,float,ok,outputs/save_data/ryc/tht_tripgen_20260212_234749/logs/scalars.csv
scalar_point,strategy_tht_scalars,scalars,flow/layer_logdet_mean_2,step,21,-0.00014291747356764972,float,ok,outputs/save_data/ryc/tht_tripgen_20260212_234749/logs/scalars.csv
scalar_point,strategy_tht_scalars,scalars,flow/layer_logdet_std_2,step,21,0.06348972767591476,float,ok,outputs/save_data/ryc/tht_tripgen_20260212_234749/logs/scalars.csv
scalar_point,strategy_tht_scalars,scalars,flow/layer_logdet_mean_1,step,21,-0.006843238137662411,float,ok,outputs/save_data/ryc/tht_tripgen_20260212_234749/logs/scalars.csv
scalar_point,strategy_tht_scalars,scalars,flow/layer_logdet_std_1,step,21,0.10662124305963516,float,ok,outputs/save_data/ryc/tht_tripgen_20260212_234749/logs/scalars.csv
scalar_point,strategy_tht_scalars,scalars,flow/layer_logdet_mean_0,step,21,0.0041501387022435665,float,ok,outputs/save_data/ryc/tht_tripgen_20260212_234749/logs/scalars.csv
scalar_point,strategy_tht_scalars,scalars,flow/layer_logdet_std_0,step,21,0.12841971218585968,float,ok,outputs/save_data/ryc/tht_tripgen_20260212_234749/logs/scalars.csv
scalar_point,strategy_tht_scalars,scalars,train/nll_total,step,22,11.769486427307129,float,ok,outputs/save_data/ryc/tht_tripgen_20260212_234749/logs/scalars.csv
scalar_point,strategy_tht_scalars,scalars,train/nll_h,step,22,2.9747111797332764,float,ok,outputs/save_data/ryc/tht_tripgen_20260212_234749/logs/scalars.csv
scalar_point,strategy_tht_scalars,scalars,train/nll_o,step,22,3.789828062057495,float,ok,outputs/save_data/ryc/tht_tripgen_20260212_234749/logs/scalars.csv
scalar_point,strategy_tht_scalars,scalars,train/nll_d,step,22,3.846118927001953,float,ok,outputs/save_data/ryc/tht_tripgen_20260212_234749/logs/scalars.csv
scalar_point,strategy_tht_scalars,scalars,train/nll_r,step,22,-0.0036874008364975452,float,ok,outputs/save_data/ryc/tht_tripgen_20260212_234749/logs/scalars.csv
scalar_point,strategy_tht_scalars,scalars,train/nll_passenger,step,22,0.7673109769821167,float,ok,outputs/save_data/ryc/tht_tripgen_20260212_234749/logs/scalars.csv
scalar_point,strategy_tht_scalars,scalars,train/nll_total_amount,step,22,0.39520788192749023,float,ok,outputs/save_data/ryc/tht_tripgen_20260212_234749/logs/scalars.csv
scalar_point,strategy_tht_scalars,scalars,val/nll_total,step,22,11.751644134521484,float,ok,outputs/save_data/ryc/tht_tripgen_20260212_234749/logs/scalars.csv
scalar_point,strategy_tht_scalars,scalars,val/nll_h,step,22,2.978529691696167,float,ok,outputs/save_data/ryc/tht_tripgen_20260212_234749/logs/scalars.csv
scalar_point,strategy_tht_scalars,scalars,val/nll_o,step,22,3.7816522121429443,float,ok,outputs/save_data/ryc/tht_tripgen_20260212_234749/logs/scalars.csv
scalar_point,strategy_tht_scalars,scalars,val/nll_d,step,22,3.8409764766693115,float,ok,outputs/save_data/ryc/tht_tripgen_20260212_234749/logs/scalars.csv
scalar_point,strategy_tht_scalars,scalars,val/nll_r,step,22,-0.0028553048614412546,float,ok,outputs/save_data/ryc/tht_tripgen_20260212_234749/logs/scalars.csv
scalar_point,strategy_tht_scalars,scalars,val/nll_passenger,step,22,0.7481235861778259,float,ok,outputs/save_data/ryc/tht_tripgen_20260212_234749/logs/scalars.csv
scalar_point,strategy_tht_scalars,scalars,val/nll_total_amount,step,22,0.40521958470344543,float,ok,outputs/save_data/ryc/tht_tripgen_20260212_234749/logs/scalars.csv
scalar_point,strategy_tht_scalars,scalars,train/grad_norm,step,22,1.391794504929537,float,ok,outputs/save_data/ryc/tht_tripgen_20260212_234749/logs/scalars.csv
scalar_point,strategy_tht_scalars,scalars,train/param_norm,step,22,163.31160557765335,float,ok,outputs/save_data/ryc/tht_tripgen_20260212_234749/logs/scalars.csv
scalar_point,strategy_tht_scalars,scalars,flow/layer_logdet_mean_4,step,22,0.01175711490213871,float,ok,outputs/save_data/ryc/tht_tripgen_20260212_234749/logs/scalars.csv
scalar_point,strategy_tht_scalars,scalars,flow/layer_logdet_std_4,step,22,0.1554190218448639,float,ok,outputs/save_data/ryc/tht_tripgen_20260212_234749/logs/scalars.csv
scalar_point,strategy_tht_scalars,scalars,flow/layer_logdet_mean_3,step,22,-0.005473148077726364,float,ok,outputs/save_data/ryc/tht_tripgen_20260212_234749/logs/scalars.csv
scalar_point,strategy_tht_scalars,scalars,flow/layer_logdet_std_3,step,22,0.0622425377368927,float,ok,outputs/save_data/ryc/tht_tripgen_20260212_234749/logs/scalars.csv
scalar_point,strategy_tht_scalars,scalars,flow/layer_logdet_mean_2,step,22,0.0014226060593500733,float,ok,outputs/save_data/ryc/tht_tripgen_20260212_234749/logs/scalars.csv
scalar_point,strategy_tht_scalars,scalars,flow/layer_logdet_std_2,step,22,0.05980608984827995,float,ok,outputs/save_data/ryc/tht_tripgen_20260212_234749/logs/scalars.csv
scalar_point,strategy_tht_scalars,scalars,flow/layer_logdet_mean_1,step,22,-0.005371517036110163,float,ok,outputs/save_data/ryc/tht_tripgen_20260212_234749/logs/scalars.csv
scalar_point,strategy_tht_scalars,scalars,flow/layer_logdet_std_1,step,22,0.10639146715402603,float,ok,outputs/save_data/ryc/tht_tripgen_20260212_234749/logs/scalars.csv
scalar_point,strategy_tht_scalars,scalars,flow/layer_logdet_mean_0,step,22,0.0018480948638170958,float,ok,outputs/save_data/ryc/tht_tripgen_20260212_234749/logs/scalars.csv
scalar_point,strategy_tht_scalars,scalars,flow/layer_logdet_std_0,step,22,0.13044579327106476,float,ok,outputs/save_data/ryc/tht_tripgen_20260212_234749/logs/scalars.csv
scalar_point,strategy_tht_scalars,scalars,train/nll_total,step,23,11.766974449157715,float,ok,outputs/save_data/ryc/tht_tripgen_20260212_234749/logs/scalars.csv
scalar_point,strategy_tht_scalars,scalars,train/nll_h,step,23,2.974701166152954,float,ok,outputs/save_data/ryc/tht_tripgen_20260212_234749/logs/scalars.csv
scalar_point,strategy_tht_scalars,scalars,train/nll_o,step,23,3.7897024154663086,float,ok,outputs/save_data/ryc/tht_tripgen_20260212_234749/logs/scalars.csv
scalar_point,strategy_tht_scalars,scalars,train/nll_d,step,23,3.8454980850219727,float,ok,outputs/save_data/ryc/tht_tripgen_20260212_234749/logs/scalars.csv
scalar_point,strategy_tht_scalars,scalars,train/nll_r,step,23,-0.003702448680996895,float,ok,outputs/save_data/ryc/tht_tripgen_20260212_234749/logs/scalars.csv
scalar_point,strategy_tht_scalars,scalars,train/nll_passenger,step,23,0.7672430276870728,float,ok,outputs/save_data/ryc/tht_tripgen_20260212_234749/logs/scalars.csv
scalar_point,strategy_tht_scalars,scalars,train/nll_total_amount,step,23,0.393530011177063,float,ok,outputs/save_data/ryc/tht_tripgen_20260212_234749/logs/scalars.csv
scalar_point,strategy_tht_scalars,scalars,val/nll_total,step,23,11.747543334960938,float,ok,outputs/save_data/ryc/tht_tripgen_20260212_234749/logs/scalars.csv
scalar_point,strategy_tht_scalars,scalars,val/nll_h,step,23,2.9786012172698975,float,ok,outputs/save_data/ryc/tht_tripgen_20260212_234749/logs/scalars.csv
scalar_point,strategy_tht_scalars,scalars,val/nll_o,step,23,3.781939744949341,float,ok,outputs/save_data/ryc/tht_tripgen_20260212_234749/logs/scalars.csv
scalar_point,strategy_tht_scalars,scalars,val/nll_d,step,23,3.8421218395233154,float,ok,outputs/save_data/ryc/tht_tripgen_20260212_234749/logs/scalars.csv
scalar_point,strategy_tht_scalars,scalars,val/nll_r,step,23,-0.002934063784778118,float,ok,outputs/save_data/ryc/tht_tripgen_20260212_234749/logs/scalars.csv
scalar_point,strategy_tht_scalars,scalars,val/nll_passenger,step,23,0.748121976852417,float,ok,outputs/save_data/ryc/tht_tripgen_20260212_234749/logs/scalars.csv
scalar_point,strategy_tht_scalars,scalars,val/nll_total_amount,step,23,0.39969488978385925,float,ok,outputs/save_data/ryc/tht_tripgen_20260212_234749/logs/scalars.csv
scalar_point,strategy_tht_scalars,scalars,train/grad_norm,step,23,1.104513832906227,float,ok,outputs/save_data/ryc/tht_tripgen_20260212_234749/logs/scalars.csv
scalar_point,strategy_tht_scalars,scalars,train/param_norm,step,23,164.82392650820856,float,ok,outputs/save_data/ryc/tht_tripgen_20260212_234749/logs/scalars.csv
scalar_point,strategy_tht_scalars,scalars,flow/layer_logdet_mean_4,step,23,0.01185079850256443,float,ok,outputs/save_data/ryc/tht_tripgen_20260212_234749/logs/scalars.csv
scalar_point,strategy_tht_scalars,scalars,flow/layer_logdet_std_4,step,23,0.1488320231437683,float,ok,outputs/save_data/ryc/tht_tripgen_20260212_234749/logs/scalars.csv
scalar_point,strategy_tht_scalars,scalars,flow/layer_logdet_mean_3,step,23,-0.007118707988411188,float,ok,outputs/save_data/ryc/tht_tripgen_20260212_234749/logs/scalars.csv
scalar_point,strategy_tht_scalars,scalars,flow/layer_logdet_std_3,step,23,0.06443513184785843,float,ok,outputs/save_data/ryc/tht_tripgen_20260212_234749/logs/scalars.csv
scalar_point,strategy_tht_scalars,scalars,flow/layer_logdet_mean_2,step,23,7.205147994682193e-06,float,ok,outputs/save_data/ryc/tht_tripgen_20260212_234749/logs/scalars.csv
scalar_point,strategy_tht_scalars,scalars,flow/layer_logdet_std_2,step,23,0.0608513243496418,float,ok,outputs/save_data/ryc/tht_tripgen_20260212_234749/logs/scalars.csv
scalar_point,strategy_tht_scalars,scalars,flow/layer_logdet_mean_1,step,23,-0.00612711813300848,float,ok,outputs/save_data/ryc/tht_tripgen_20260212_234749/logs/scalars.csv
scalar_point,strategy_tht_scalars,scalars,flow/layer_logdet_std_1,step,23,0.10736032575368881,float,ok,outputs/save_data/ryc/tht_tripgen_20260212_234749/logs/scalars.csv
scalar_point,strategy_tht_scalars,scalars,flow/layer_logdet_mean_0,step,23,0.0036203833296895027,float,ok,outputs/save_data/ryc/tht_tripgen_20260212_234749/logs/scalars.csv
scalar_point,strategy_tht_scalars,scalars,flow/layer_logdet_std_0,step,23,0.13008517026901245,float,ok,outputs/save_data/ryc/tht_tripgen_20260212_234749/logs/scalars.csv
scalar_point,strategy_tht_scalars,scalars,train/nll_total,step,24,11.763713836669922,float,ok,outputs/save_data/ryc/tht_tripgen_20260212_234749/logs/scalars.csv
scalar_point,strategy_tht_scalars,scalars,train/nll_h,step,24,2.9747040271759033,float,ok,outputs/save_data/ryc/tht_tripgen_20260212_234749/logs/scalars.csv
scalar_point,strategy_tht_scalars,scalars,train/nll_o,step,24,3.7896292209625244,float,ok,outputs/save_data/ryc/tht_tripgen_20260212_234749/logs/scalars.csv
scalar_point,strategy_tht_scalars,scalars,train/nll_d,step,24,3.844871997833252,float,ok,outputs/save_data/ryc/tht_tripgen_20260212_234749/logs/scalars.csv
scalar_point,strategy_tht_scalars,scalars,train/nll_r,step,24,-0.003819897072389722,float,ok,outputs/save_data/ryc/tht_tripgen_20260212_234749/logs/scalars.csv
scalar_point,strategy_tht_scalars,scalars,train/nll_passenger,step,24,0.7670179605484009,float,ok,outputs/save_data/ryc/tht_tripgen_20260212_234749/logs/scalars.csv
scalar_point,strategy_tht_scalars,scalars,train/nll_total_amount,step,24,0.3913065195083618,float,ok,outputs/save_data/ryc/tht_tripgen_20260212_234749/logs/scalars.csv
scalar_point,strategy_tht_scalars,scalars,val/nll_total,step,24,11.747337341308594,float,ok,outputs/save_data/ryc/tht_tripgen_20260212_234749/logs/scalars.csv
scalar_point,strategy_tht_scalars,scalars,val/nll_h,step,24,2.9785006046295166,float,ok,outputs/save_data/ryc/tht_tripgen_20260212_234749/logs/scalars.csv
scalar_point,strategy_tht_scalars,scalars,val/nll_o,step,24,3.782071113586426,float,ok,outputs/save_data/ryc/tht_tripgen_20260212_234749/logs/scalars.csv
scalar_point,strategy_tht_scalars,scalars,val/nll_d,step,24,3.8400251865386963,float,ok,outputs/save_data/ryc/tht_tripgen_20260212_234749/logs/scalars.csv
scalar_point,strategy_tht_scalars,scalars,val/nll_r,step,24,-0.003041375195607543,float,ok,outputs/save_data/ryc/tht_tripgen_20260212_234749/logs/scalars.csv
scalar_point,strategy_tht_scalars,scalars,val/nll_passenger,step,24,0.7478492259979248,float,ok,outputs/save_data/ryc/tht_tripgen_20260212_234749/logs/scalars.csv
scalar_point,strategy_tht_scalars,scalars,val/nll_total_amount,step,24,0.4019290804862976,float,ok,outputs/save_data/ryc/tht_tripgen_20260212_234749/logs/scalars.csv
scalar_point,strategy_tht_scalars,scalars,train/grad_norm,step,24,1.3482662877640097,float,ok,outputs/save_data/ryc/tht_tripgen_20260212_234749/logs/scalars.csv
scalar_point,strategy_tht_scalars,scalars,train/param_norm,step,24,166.32302696110622,float,ok,outputs/save_data/ryc/tht_tripgen_20260212_234749/logs/scalars.csv
scalar_point,strategy_tht_scalars,scalars,flow/layer_logdet_mean_4,step,24,0.011537794023752213,float,ok,outputs/save_data/ryc/tht_tripgen_20260212_234749/logs/scalars.csv
scalar_point,strategy_tht_scalars,scalars,flow/layer_logdet_std_4,step,24,0.1516609489917755,float,ok,outputs/save_data/ryc/tht_tripgen_20260212_234749/logs/scalars.csv
scalar_point,strategy_tht_scalars,scalars,flow/layer_logdet_mean_3,step,24,-0.007429990917444229,float,ok,outputs/save_data/ryc/tht_tripgen_20260212_234749/logs/scalars.csv
scalar_point,strategy_tht_scalars,scalars,flow/layer_logdet_std_3,step,24,0.06488054990768433,float,ok,outputs/save_data/ryc/tht_tripgen_20260212_234749/logs/scalars.csv
scalar_point,strategy_tht_scalars,scalars,flow/layer_logdet_mean_2,step,24,-0.0006623340887017548,float,ok,outputs/save_data/ryc/tht_tripgen_20260212_234749/logs/scalars.csv
scalar_point,strategy_tht_scalars,scalars,flow/layer_logdet_std_2,step,24,0.06763439625501633,float,ok,outputs/save_data/ryc/tht_tripgen_20260212_234749/logs/scalars.csv
scalar_point,strategy_tht_scalars,scalars,flow/layer_logdet_mean_1,step,24,-0.00803939625620842,float,ok,outputs/save_data/ryc/tht_tripgen_20260212_234749/logs/scalars.csv
scalar_point,strategy_tht_scalars,scalars,flow/layer_logdet_std_1,step,24,0.11088888347148895,float,ok,outputs/save_data/ryc/tht_tripgen_20260212_234749/logs/scalars.csv
scalar_point,strategy_tht_scalars,scalars,flow/layer_logdet_mean_0,step,24,0.0005680478643625975,float,ok,outputs/save_data/ryc/tht_tripgen_20260212_234749/logs/scalars.csv
scalar_point,strategy_tht_scalars,scalars,flow/layer_logdet_std_0,step,24,0.1317056268453598,float,ok,outputs/save_data/ryc/tht_tripgen_20260212_234749/logs/scalars.csv
scalar_point,strategy_tht_scalars,scalars,train/nll_total,step,25,11.761202812194824,float,ok,outputs/save_data/ryc/tht_tripgen_20260212_234749/logs/scalars.csv
scalar_point,strategy_tht_scalars,scalars,train/nll_h,step,25,2.974698543548584,float,ok,outputs/save_data/ryc/tht_tripgen_20260212_234749/logs/scalars.csv
scalar_point,strategy_tht_scalars,scalars,train/nll_o,step,25,3.789532423019409,float,ok,outputs/save_data/ryc/tht_tripgen_20260212_234749/logs/scalars.csv
scalar_point,strategy_tht_scalars,scalars,train/nll_d,step,25,3.8443450927734375,float,ok,outputs/save_data/ryc/tht_tripgen_20260212_234749/logs/scalars.csv
scalar_point,strategy_tht_scalars,scalars,train/nll_r,step,25,-0.0038628620095551014,float,ok,outputs/save_data/ryc/tht_tripgen_20260212_234749/logs/scalars.csv
scalar_point,strategy_tht_scalars,scalars,train/nll_passenger,step,25,0.7670089602470398,float,ok,outputs/save_data/ryc/tht_tripgen_20260212_234749/logs/scalars.csv
scalar_point,strategy_tht_scalars,scalars,train/nll_total_amount,step,25,0.38946959376335144,float,ok,outputs/save_data/ryc/tht_tripgen_20260212_234749/logs/scalars.csv
scalar_point,strategy_tht_scalars,scalars,val/nll_total,step,25,11.743182182312012,float,ok,outputs/save_data/ryc/tht_tripgen_20260212_234749/logs/scalars.csv
scalar_point,strategy_tht_scalars,scalars,val/nll_h,step,25,2.9786245822906494,float,ok,outputs/save_data/ryc/tht_tripgen_20260212_234749/logs/scalars.csv
scalar_point,strategy_tht_scalars,scalars,val/nll_o,step,25,3.781700372695923,float,ok,outputs/save_data/ryc/tht_tripgen_20260212_234749/logs/scalars.csv
scalar_point,strategy_tht_scalars,scalars,val/nll_d,step,25,3.840541124343872,float,ok,outputs/save_data/ryc/tht_tripgen_20260212_234749/logs/scalars.csv
scalar_point,strategy_tht_scalars,scalars,val/nll_r,step,25,-0.0035580506082624197,float,ok,outputs/save_data/ryc/tht_tripgen_20260212_234749/logs/scalars.csv
scalar_point,strategy_tht_scalars,scalars,val/nll_passenger,step,25,0.74756920337677,float,ok,outputs/save_data/ryc/tht_tripgen_20260212_234749/logs/scalars.csv
scalar_point,strategy_tht_scalars,scalars,val/nll_total_amount,step,25,0.3983044922351837,float,ok,outputs/save_data/ryc/tht_tripgen_20260212_234749/logs/scalars.csv
scalar_point,strategy_tht_scalars,scalars,train/grad_norm,step,25,1.1725793297653093,float,ok,outputs/save_data/ryc/tht_tripgen_20260212_234749/logs/scalars.csv
scalar_point,strategy_tht_scalars,scalars,train/param_norm,step,25,167.77471962076945,float,ok,outputs/save_data/ryc/tht_tripgen_20260212_234749/logs/scalars.csv
scalar_point,strategy_tht_scalars,scalars,flow/layer_logdet_mean_4,step,25,0.01229056715965271,float,ok,outputs/save_data/ryc/tht_tripgen_20260212_234749/logs/scalars.csv
scalar_point,strategy_tht_scalars,scalars,flow/layer_logdet_std_4,step,25,0.14899170398712158,float,ok,outputs/save_data/ryc/tht_tripgen_20260212_234749/logs/scalars.csv
scalar_point,strategy_tht_scalars,scalars,flow/layer_logdet_mean_3,step,25,-0.0074430229142308235,float,ok,outputs/save_data/ryc/tht_tripgen_20260212_234749/logs/scalars.csv
scalar_point,strategy_tht_scalars,scalars,flow/layer_logdet_std_3,step,25,0.0669408068060875,float,ok,outputs/save_data/ryc/tht_tripgen_20260212_234749/logs/scalars.csv
scalar_point,strategy_tht_scalars,scalars,flow/layer_logdet_mean_2,step,25,0.00019831937970593572,float,ok,outputs/save_data/ryc/tht_tripgen_20260212_234749/logs/scalars.csv
scalar_point,strategy_tht_scalars,scalars,flow/layer_logdet_std_2,step,25,0.06696195900440216,float,ok,outputs/save_data/ryc/tht_tripgen_20260212_234749/logs/scalars.csv
scalar_point,strategy_tht_scalars,scalars,flow/layer_logdet_mean_1,step,25,-0.006921963766217232,float,ok,outputs/save_data/ryc/tht_tripgen_20260212_234749/logs/scalars.csv
scalar_point,strategy_tht_scalars,scalars,flow/layer_logdet_std_1,step,25,0.10782019793987274,float,ok,outputs/save_data/ryc/tht_tripgen_20260212_234749/logs/scalars.csv
scalar_point,strategy_tht_scalars,scalars,flow/layer_logdet_mean_0,step,25,0.005391804501414299,float,ok,outputs/save_data/ryc/tht_tripgen_20260212_234749/logs/scalars.csv
scalar_point,strategy_tht_scalars,scalars,flow/layer_logdet_std_0,step,25,0.12891161441802979,float,ok,outputs/save_data/ryc/tht_tripgen_20260212_234749/logs/scalars.csv
scalar_point,strategy_tht_scalars,scalars,metrics/n_real,step,25,5000.0,float,ok,outputs/save_data/ryc/tht_tripgen_20260212_234749/logs/scalars.csv
scalar_point,strategy_tht_scalars,scalars,metrics/n_synth,step,25,5000.0,float,ok,outputs/save_data/ryc/tht_tripgen_20260212_234749/logs/scalars.csv
scalar_point,strategy_tht_scalars,scalars,metrics/hour_of_day_jsd,step,25,0.0015652367621674691,float,ok,outputs/save_data/ryc/tht_tripgen_20260212_234749/logs/scalars.csv
scalar_point,strategy_tht_scalars,scalars,metrics/hour_of_day_chi2,step,25,0.012667881864009235,float,ok,outputs/save_data/ryc/tht_tripgen_20260212_234749/logs/scalars.csv
scalar_point,strategy_tht_scalars,scalars,metrics/day_of_week_jsd,step,25,0.0,float,ok,outputs/save_data/ryc/tht_tripgen_20260212_234749/logs/scalars.csv
scalar_point,strategy_tht_scalars,scalars,metrics/day_of_week_chi2,step,25,0.0,float,ok,outputs/save_data/ryc/tht_tripgen_20260212_234749/logs/scalars.csv
scalar_point,strategy_tht_scalars,scalars,metrics/pickup_id_jsd,step,25,0.00928026279129589,float,ok,outputs/save_data/ryc/tht_tripgen_20260212_234749/logs/scalars.csv
scalar_point,strategy_tht_scalars,scalars,metrics/pickup_id_chi2,step,25,2880000.0372457,float,ok,outputs/save_data/ryc/tht_tripgen_20260212_234749/logs/scalars.csv
scalar_point,strategy_tht_scalars,scalars,metrics/dropoff_id_jsd,step,25,0.013266161055489435,float,ok,outputs/save_data/ryc/tht_tripgen_20260212_234749/logs/scalars.csv
scalar_point,strategy_tht_scalars,scalars,metrics/dropoff_id_chi2,step,25,3280000.071463138,float,ok,outputs/save_data/ryc/tht_tripgen_20260212_234749/logs/scalars.csv
scalar_point,strategy_tht_scalars,scalars,metrics/od_jsd,step,25,0.18598027616992296,float,ok,outputs/save_data/ryc/tht_tripgen_20260212_234749/logs/scalars.csv
scalar_point,strategy_tht_scalars,scalars,metrics/od_chi2,step,25,73120000.67200807,float,ok,outputs/save_data/ryc/tht_tripgen_20260212_234749/logs/scalars.csv
scalar_point,strategy_tht_scalars,scalars,metrics/od_coverage_real,step,25,0.60557563242127,float,ok,outputs/save_data/ryc/tht_tripgen_20260212_234749/logs/scalars.csv
scalar_point,strategy_tht_scalars,scalars,metrics/od_coverage_synth,step,25,0.5927235977766548,float,ok,outputs/save_data/ryc/tht_tripgen_20260212_234749/logs/scalars.csv
scalar_point,strategy_tht_scalars,scalars,metrics/od_unique_real,step,25,1937.0,float,ok,outputs/save_data/ryc/tht_tripgen_20260212_234749/logs/scalars.csv
scalar_point,strategy_tht_scalars,scalars,metrics/od_unique_synth,step,25,1979.0,float,ok,outputs/save_data/ryc/tht_tripgen_20260212_234749/logs/scalars.csv
scalar_point,strategy_tht_scalars,scalars,metrics/time_jsd,step,25,0.008009379699874527,float,ok,outputs/save_data/ryc/tht_tripgen_20260212_234749/logs/scalars.csv
scalar_point,strategy_tht_scalars,scalars,metrics/time_chi2,step,25,0.07165417231130428,float,ok,outputs/save_data/ryc/tht_tripgen_20260212_234749/logs/scalars.csv
scalar_point,strategy_tht_scalars,scalars,metrics/time_coverage_real,step,25,1.0,float,ok,outputs/save_data/ryc/tht_tripgen_20260212_234749/logs/scalars.csv
scalar_point,strategy_tht_scalars,scalars,metrics/time_coverage_synth,step,25,0.9861111111111112,float,ok,outputs/save_data/ryc/tht_tripgen_20260212_234749/logs/scalars.csv
scalar_point,strategy_tht_scalars,scalars,metrics/time_unique_real,step,25,142.0,float,ok,outputs/save_data/ryc/tht_tripgen_20260212_234749/logs/scalars.csv
scalar_point,strategy_tht_scalars,scalars,metrics/time_unique_synth,step,25,144.0,float,ok,outputs/save_data/ryc/tht_tripgen_20260212_234749/logs/scalars.csv
scalar_point,strategy_tht_scalars,scalars,metrics/joint_jsd,step,25,0.6635953405722226,float,ok,outputs/save_data/ryc/tht_tripgen_20260212_234749/logs/scalars.csv
scalar_point,strategy_tht_scalars,scalars,metrics/joint_chi2,step,25,201520000.96096668,float,ok,outputs/save_data/ryc/tht_tripgen_20260212_234749/logs/scalars.csv
scalar_point,strategy_tht_scalars,scalars,metrics/joint_coverage_real,step,25,0.041281577325939615,float,ok,outputs/save_data/ryc/tht_tripgen_20260212_234749/logs/scalars.csv
scalar_point,strategy_tht_scalars,scalars,metrics/joint_coverage_synth,step,25,0.041154791154791155,float,ok,outputs/save_data/ryc/tht_tripgen_20260212_234749/logs/scalars.csv
scalar_point,strategy_tht_scalars,scalars,metrics/joint_unique_real,step,25,4869.0,float,ok,outputs/save_data/ryc/tht_tripgen_20260212_234749/logs/scalars.csv
scalar_point,strategy_tht_scalars,scalars,metrics/joint_unique_synth,step,25,4884.0,float,ok,outputs/save_data/ryc/tht_tripgen_20260212_234749/logs/scalars.csv
scalar_point,strategy_tht_scalars,scalars,metrics/joint_mode_dropping_ratio,step,25,0.9587184226740604,float,ok,outputs/save_data/ryc/tht_tripgen_20260212_234749/logs/scalars.csv
scalar_point,strategy_tht_scalars,scalars,metrics/joint_invalid_ratio,step,25,0.9588452088452089,float,ok,outputs/save_data/ryc/tht_tripgen_20260212_234749/logs/scalars.csv
scalar_point,strategy_tht_scalars,scalars,train/nll_total,step,26,11.758548736572266,float,ok,outputs/save_data/ryc/tht_tripgen_20260212_234749/logs/scalars.csv
scalar_point,strategy_tht_scalars,scalars,train/nll_h,step,26,2.974705219268799,float,ok,outputs/save_data/ryc/tht_tripgen_20260212_234749/logs/scalars.csv
scalar_point,strategy_tht_scalars,scalars,train/nll_o,step,26,3.789551019668579,float,ok,outputs/save_data/ryc/tht_tripgen_20260212_234749/logs/scalars.csv
scalar_point,strategy_tht_scalars,scalars,train/nll_d,step,26,3.843705892562866,float,ok,outputs/save_data/ryc/tht_tripgen_20260212_234749/logs/scalars.csv
scalar_point,strategy_tht_scalars,scalars,train/nll_r,step,26,-0.003982799127697945,float,ok,outputs/save_data/ryc/tht_tripgen_20260212_234749/logs/scalars.csv
scalar_point,strategy_tht_scalars,scalars,train/nll_passenger,step,26,0.7668238282203674,float,ok,outputs/save_data/ryc/tht_tripgen_20260212_234749/logs/scalars.csv
scalar_point,strategy_tht_scalars,scalars,train/nll_total_amount,step,26,0.3877488970756531,float,ok,outputs/save_data/ryc/tht_tripgen_20260212_234749/logs/scalars.csv
scalar_point,strategy_tht_scalars,scalars,val/nll_total,step,26,11.742384910583496,float,ok,outputs/save_data/ryc/tht_tripgen_20260212_234749/logs/scalars.csv
scalar_point,strategy_tht_scalars,scalars,val/nll_h,step,26,2.978632926940918,float,ok,outputs/save_data/ryc/tht_tripgen_20260212_234749/logs/scalars.csv
scalar_point,strategy_tht_scalars,scalars,val/nll_o,step,26,3.781816005706787,float,ok,outputs/save_data/ryc/tht_tripgen_20260212_234749/logs/scalars.csv
scalar_point,strategy_tht_scalars,scalars,val/nll_d,step,26,3.839620590209961,float,ok,outputs/save_data/ryc/tht_tripgen_20260212_234749/logs/scalars.csv
scalar_point,strategy_tht_scalars,scalars,val/nll_r,step,26,-0.003444019006565213,float,ok,outputs/save_data/ryc/tht_tripgen_20260212_234749/logs/scalars.csv
scalar_point,strategy_tht_scalars,scalars,val/nll_passenger,step,26,0.7477288246154785,float,ok,outputs/save_data/ryc/tht_tripgen_20260212_234749/logs/scalars.csv
scalar_point,strategy_tht_scalars,scalars,val/nll_total_amount,step,26,0.39803147315979004,float,ok,outputs/save_data/ryc/tht_tripgen_20260212_234749/logs/scalars.csv
scalar_point,strategy_tht_scalars,scalars,train/grad_norm,step,26,0.9973875573652542,float,ok,outputs/save_data/ryc/tht_tripgen_20260212_234749/logs/scalars.csv
scalar_point,strategy_tht_scalars,scalars,train/param_norm,step,26,169.18833950897152,float,ok,outputs/save_data/ryc/tht_tripgen_20260212_234749/logs/scalars.csv
scalar_point,strategy_tht_scalars,scalars,flow/layer_logdet_mean_4,step,26,0.01272592507302761,float,ok,outputs/save_data/ryc/tht_tripgen_20260212_234749/logs/scalars.csv
scalar_point,strategy_tht_scalars,scalars,flow/layer_logdet_std_4,step,26,0.1548030823469162,float,ok,outputs/save_data/ryc/tht_tripgen_20260212_234749/logs/scalars.csv
scalar_point,strategy_tht_scalars,scalars,flow/layer_logdet_mean_3,step,26,-0.007541533559560776,float,ok,outputs/save_data/ryc/tht_tripgen_20260212_234749/logs/scalars.csv
scalar_point,strategy_tht_scalars,scalars,flow/layer_logdet_std_3,step,26,0.06460393965244293,float,ok,outputs/save_data/ryc/tht_tripgen_20260212_234749/logs/scalars.csv
scalar_point,strategy_tht_scalars,scalars,flow/layer_logdet_mean_2,step,26,9.819286060519516e-05,float,ok,outputs/save_data/ryc/tht_tripgen_20260212_234749/logs/scalars.csv
scalar_point,strategy_tht_scalars,scalars,flow/layer_logdet_std_2,step,26,0.06884200870990753,float,ok,outputs/save_data/ryc/tht_tripgen_20260212_234749/logs/scalars.csv
scalar_point,strategy_tht_scalars,scalars,flow/layer_logdet_mean_1,step,26,-0.008086995221674442,float,ok,outputs/save_data/ryc/tht_tripgen_20260212_234749/logs/scalars.csv
scalar_point,strategy_tht_scalars,scalars,flow/layer_logdet_std_1,step,26,0.1155954897403717,float,ok,outputs/save_data/ryc/tht_tripgen_20260212_234749/logs/scalars.csv
scalar_point,strategy_tht_scalars,scalars,flow/layer_logdet_mean_0,step,26,0.002612265758216381,float,ok,outputs/save_data/ryc/tht_tripgen_20260212_234749/logs/scalars.csv
scalar_point,strategy_tht_scalars,scalars,flow/layer_logdet_std_0,step,26,0.1387343853712082,float,ok,outputs/save_data/ryc/tht_tripgen_20260212_234749/logs/scalars.csv
scalar_point,strategy_tht_scalars,scalars,train/nll_total,step,27,11.755751609802246,float,ok,outputs/save_data/ryc/tht_tripgen_20260212_234749/logs/scalars.csv
scalar_point,strategy_tht_scalars,scalars,train/nll_h,step,27,2.974710702896118,float,ok,outputs/save_data/ryc/tht_tripgen_20260212_234749/logs/scalars.csv
scalar_point,strategy_tht_scalars,scalars,train/nll_o,step,27,3.789484977722168,float,ok,outputs/save_data/ryc/tht_tripgen_20260212_234749/logs/scalars.csv
scalar_point,strategy_tht_scalars,scalars,train/nll_d,step,27,3.843085765838623,float,ok,outputs/save_data/ryc/tht_tripgen_20260212_234749/logs/scalars.csv
scalar_point,strategy_tht_scalars,scalars,train/nll_r,step,27,-0.004025548696517944,float,ok,outputs/save_data/ryc/tht_tripgen_20260212_234749/logs/scalars.csv
scalar_point,strategy_tht_scalars,scalars,train/nll_passenger,step,27,0.7667638063430786,float,ok,outputs/save_data/ryc/tht_tripgen_20260212_234749/logs/scalars.csv
scalar_point,strategy_tht_scalars,scalars,train/nll_total_amount,step,27,0.38572511076927185,float,ok,outputs/save_data/ryc/tht_tripgen_20260212_234749/logs/scalars.csv
scalar_point,strategy_tht_scalars,scalars,val/nll_total,step,27,11.740898132324219,float,ok,outputs/save_data/ryc/tht_tripgen_20260212_234749/logs/scalars.csv
scalar_point,strategy_tht_scalars,scalars,val/nll_h,step,27,2.9785618782043457,float,ok,outputs/save_data/ryc/tht_tripgen_20260212_234749/logs/scalars.csv
scalar_point,strategy_tht_scalars,scalars,val/nll_o,step,27,3.7818996906280518,float,ok,outputs/save_data/ryc/tht_tripgen_20260212_234749/logs/scalars.csv
scalar_point,strategy_tht_scalars,scalars,val/nll_d,step,27,3.8394174575805664,float,ok,outputs/save_data/ryc/tht_tripgen_20260212_234749/logs/scalars.csv
scalar_point,strategy_tht_scalars,scalars,val/nll_r,step,27,-0.0033820001408457756,float,ok,outputs/save_data/ryc/tht_tripgen_20260212_234749/logs/scalars.csv
scalar_point,strategy_tht_scalars,scalars,val/nll_passenger,step,27,0.7474279403686523,float,ok,outputs/save_data/ryc/tht_tripgen_20260212_234749/logs/scalars.csv
scalar_point,strategy_tht_scalars,scalars,val/nll_total_amount,step,27,0.39697855710983276,float,ok,outputs/save_data/ryc/tht_tripgen_20260212_234749/logs/scalars.csv
scalar_point,strategy_tht_scalars,scalars,train/grad_norm,step,27,1.1720753503970311,float,ok,outputs/save_data/ryc/tht_tripgen_20260212_234749/logs/scalars.csv
scalar_point,strategy_tht_scalars,scalars,train/param_norm,step,27,170.5708119902214,float,ok,outputs/save_data/ryc/tht_tripgen_20260212_234749/logs/scalars.csv
scalar_point,strategy_tht_scalars,scalars,flow/layer_logdet_mean_4,step,27,0.011474883183836937,float,ok,outputs/save_data/ryc/tht_tripgen_20260212_234749/logs/scalars.csv
scalar_point,strategy_tht_scalars,scalars,flow/layer_logdet_std_4,step,27,0.14954757690429688,float,ok,outputs/save_data/ryc/tht_tripgen_20260212_234749/logs/scalars.csv
scalar_point,strategy_tht_scalars,scalars,flow/layer_logdet_mean_3,step,27,-0.007378792390227318,float,ok,outputs/save_data/ryc/tht_tripgen_20260212_234749/logs/scalars.csv
scalar_point,strategy_tht_scalars,scalars,flow/layer_logdet_std_3,step,27,0.06336913257837296,float,ok,outputs/save_data/ryc/tht_tripgen_20260212_234749/logs/scalars.csv
scalar_point,strategy_tht_scalars,scalars,flow/layer_logdet_mean_2,step,27,-0.0011855365009978414,float,ok,outputs/save_data/ryc/tht_tripgen_20260212_234749/logs/scalars.csv
scalar_point,strategy_tht_scalars,scalars,flow/layer_logdet_std_2,step,27,0.06760603189468384,float,ok,outputs/save_data/ryc/tht_tripgen_20260212_234749/logs/scalars.csv
scalar_point,strategy_tht_scalars,scalars,flow/layer_logdet_mean_1,step,27,-0.008988032117486,float,ok,outputs/save_data/ryc/tht_tripgen_20260212_234749/logs/scalars.csv
scalar_point,strategy_tht_scalars,scalars,flow/layer_logdet_std_1,step,27,0.11772198975086212,float,ok,outputs/save_data/ryc/tht_tripgen_20260212_234749/logs/scalars.csv
scalar_point,strategy_tht_scalars,scalars,flow/layer_logdet_mean_0,step,27,0.0020354334264993668,float,ok,outputs/save_data/ryc/tht_tripgen_20260212_234749/logs/scalars.csv
scalar_point,strategy_tht_scalars,scalars,flow/layer_logdet_std_0,step,27,0.13761691749095917,float,ok,outputs/save_data/ryc/tht_tripgen_20260212_234749/logs/scalars.csv
scalar_point,strategy_tht_scalars,scalars,train/nll_total,step,28,11.753933906555176,float,ok,outputs/save_data/ryc/tht_tripgen_20260212_234749/logs/scalars.csv
scalar_point,strategy_tht_scalars,scalars,train/nll_h,step,28,2.9746994972229004,float,ok,outputs/save_data/ryc/tht_tripgen_20260212_234749/logs/scalars.csv
scalar_point,strategy_tht_scalars,scalars,train/nll_o,step,28,3.78940749168396,float,ok,outputs/save_data/ryc/tht_tripgen_20260212_234749/logs/scalars.csv
scalar_point,strategy_tht_scalars,scalars,train/nll_d,step,28,3.842661142349243,float,ok,outputs/save_data/ryc/tht_tripgen_20260212_234749/logs/scalars.csv
scalar_point,strategy_tht_scalars,scalars,train/nll_r,step,28,-0.0041194031946361065,float,ok,outputs/save_data/ryc/tht_tripgen_20260212_234749/logs/scalars.csv
scalar_point,strategy_tht_scalars,scalars,train/nll_passenger,step,28,0.7666990160942078,float,ok,outputs/save_data/ryc/tht_tripgen_20260212_234749/logs/scalars.csv
scalar_point,strategy_tht_scalars,scalars,train/nll_total_amount,step,28,0.3845859467983246,float,ok,outputs/save_data/ryc/tht_tripgen_20260212_234749/logs/scalars.csv
scalar_point,strategy_tht_scalars,scalars,val/nll_total,step,28,11.743180274963379,float,ok,outputs/save_data/ryc/tht_tripgen_20260212_234749/logs/scalars.csv
scalar_point,strategy_tht_scalars,scalars,val/nll_h,step,28,2.978649616241455,float,ok,outputs/save_data/ryc/tht_tripgen_20260212_234749/logs/scalars.csv
scalar_point,strategy_tht_scalars,scalars,val/nll_o,step,28,3.7817537784576416,float,ok,outputs/save_data/ryc/tht_tripgen_20260212_234749/logs/scalars.csv
scalar_point,strategy_tht_scalars,scalars,val/nll_d,step,28,3.8385069370269775,float,ok,outputs/save_data/ryc/tht_tripgen_20260212_234749/logs/scalars.csv
scalar_point,strategy_tht_scalars,scalars,val/nll_r,step,28,-0.0034492206759750843,float,ok,outputs/save_data/ryc/tht_tripgen_20260212_234749/logs/scalars.csv
scalar_point,strategy_tht_scalars,scalars,val/nll_passenger,step,28,0.7478436231613159,float,ok,outputs/save_data/ryc/tht_tripgen_20260212_234749/logs/scalars.csv
scalar_point,strategy_tht_scalars,scalars,val/nll_total_amount,step,28,0.3998764157295227,float,ok,outputs/save_data/ryc/tht_tripgen_20260212_234749/logs/scalars.csv
scalar_point,strategy_tht_scalars,scalars,train/grad_norm,step,28,1.0836918244689615,float,ok,outputs/save_data/ryc/tht_tripgen_20260212_234749/logs/scalars.csv
scalar_point,strategy_tht_scalars,scalars,train/param_norm,step,28,171.9687622270319,float,ok,outputs/save_data/ryc/tht_tripgen_20260212_234749/logs/scalars.csv
scalar_point,strategy_tht_scalars,scalars,flow/layer_logdet_mean_4,step,28,0.011713238433003426,float,ok,outputs/save_data/ryc/tht_tripgen_20260212_234749/logs/scalars.csv
scalar_point,strategy_tht_scalars,scalars,flow/layer_logdet_std_4,step,28,0.15239539742469788,float,ok,outputs/save_data/ryc/tht_tripgen_20260212_234749/logs/scalars.csv
scalar_point,strategy_tht_scalars,scalars,flow/layer_logdet_mean_3,step,28,-0.006332126911729574,float,ok,outputs/save_data/ryc/tht_tripgen_20260212_234749/logs/scalars.csv
scalar_point,strategy_tht_scalars,scalars,flow/layer_logdet_std_3,step,28,0.0641828328371048,float,ok,outputs/save_data/ryc/tht_tripgen_20260212_234749/logs/scalars.csv
scalar_point,strategy_tht_scalars,scalars,flow/layer_logdet_mean_2,step,28,-0.001111027435399592,float,ok,outputs/save_data/ryc/tht_tripgen_20260212_234749/logs/scalars.csv
scalar_point,strategy_tht_scalars,scalars,flow/layer_logdet_std_2,step,28,0.07145898044109344,float,ok,outputs/save_data/ryc/tht_tripgen_20260212_234749/logs/scalars.csv
scalar_point,strategy_tht_scalars,scalars,flow/layer_logdet_mean_1,step,28,-0.00953429751098156,float,ok,outputs/save_data/ryc/tht_tripgen_20260212_234749/logs/scalars.csv
scalar_point,strategy_tht_scalars,scalars,flow/layer_logdet_std_1,step,28,0.12232618778944016,float,ok,outputs/save_data/ryc/tht_tripgen_20260212_234749/logs/scalars.csv
scalar_point,strategy_tht_scalars,scalars,flow/layer_logdet_mean_0,step,28,0.001892612548545003,float,ok,outputs/save_data/ryc/tht_tripgen_20260212_234749/logs/scalars.csv
scalar_point,strategy_tht_scalars,scalars,flow/layer_logdet_std_0,step,28,0.14179719984531403,float,ok,outputs/save_data/ryc/tht_tripgen_20260212_234749/logs/scalars.csv
scalar_point,strategy_tht_scalars,scalars,train/nll_total,step,29,11.751691818237305,float,ok,outputs/save_data/ryc/tht_tripgen_20260212_234749/logs/scalars.csv
scalar_point,strategy_tht_scalars,scalars,train/nll_h,step,29,2.974698305130005,float,ok,outputs/save_data/ryc/tht_tripgen_20260212_234749/logs/scalars.csv
scalar_point,strategy_tht_scalars,scalars,train/nll_o,step,29,3.789344310760498,float,ok,outputs/save_data/ryc/tht_tripgen_20260212_234749/logs/scalars.csv
scalar_point,strategy_tht_scalars,scalars,train/nll_d,step,29,3.842343807220459,float,ok,outputs/save_data/ryc/tht_tripgen_20260212_234749/logs/scalars.csv
scalar_point,strategy_tht_scalars,scalars,train/nll_r,step,29,-0.004137199837714434,float,ok,outputs/save_data/ryc/tht_tripgen_20260212_234749/logs/scalars.csv
scalar_point,strategy_tht_scalars,scalars,train/nll_passenger,step,29,0.7665950655937195,float,ok,outputs/save_data/ryc/tht_tripgen_20260212_234749/logs/scalars.csv
scalar_point,strategy_tht_scalars,scalars,train/nll_total_amount,step,29,0.3828575313091278,float,ok,outputs/save_data/ryc/tht_tripgen_20260212_234749/logs/scalars.csv
scalar_point,strategy_tht_scalars,scalars,val/nll_total,step,29,11.739381790161133,float,ok,outputs/save_data/ryc/tht_tripgen_20260212_234749/logs/scalars.csv
scalar_point,strategy_tht_scalars,scalars,val/nll_h,step,29,2.9785690307617188,float,ok,outputs/save_data/ryc/tht_tripgen_20260212_234749/logs/scalars.csv
scalar_point,strategy_tht_scalars,scalars,val/nll_o,step,29,3.7818634510040283,float,ok,outputs/save_data/ryc/tht_tripgen_20260212_234749/logs/scalars.csv
scalar_point,strategy_tht_scalars,scalars,val/nll_d,step,29,3.8388044834136963,float,ok,outputs/save_data/ryc/tht_tripgen_20260212_234749/logs/scalars.csv
scalar_point,strategy_tht_scalars,scalars,val/nll_r,step,29,-0.0033957031555473804,float,ok,outputs/save_data/ryc/tht_tripgen_20260212_234749/logs/scalars.csv
scalar_point,strategy_tht_scalars,scalars,val/nll_passenger,step,29,0.7477141618728638,float,ok,outputs/save_data/ryc/tht_tripgen_20260212_234749/logs/scalars.csv
scalar_point,strategy_tht_scalars,scalars,val/nll_total_amount,step,29,0.39582327008247375,float,ok,outputs/save_data/ryc/tht_tripgen_20260212_234749/logs/scalars.csv
scalar_point,strategy_tht_scalars,scalars,train/grad_norm,step,29,1.141687184716539,float,ok,outputs/save_data/ryc/tht_tripgen_20260212_234749/logs/scalars.csv
scalar_point,strategy_tht_scalars,scalars,train/param_norm,step,29,173.28986342263386,float,ok,outputs/save_data/ryc/tht_tripgen_20260212_234749/logs/scalars.csv
scalar_point,strategy_tht_scalars,scalars,flow/layer_logdet_mean_4,step,29,0.011951879598200321,float,ok,outputs/save_data/ryc/tht_tripgen_20260212_234749/logs/scalars.csv
scalar_point,strategy_tht_scalars,scalars,flow/layer_logdet_std_4,step,29,0.15335170924663544,float,ok,outputs/save_data/ryc/tht_tripgen_20260212_234749/logs/scalars.csv
scalar_point,strategy_tht_scalars,scalars,flow/layer_logdet_mean_3,step,29,-0.007505154702812433,float,ok,outputs/save_data/ryc/tht_tripgen_20260212_234749/logs/scalars.csv
scalar_point,strategy_tht_scalars,scalars,flow/layer_logdet_std_3,step,29,0.06621874868869781,float,ok,outputs/save_data/ryc/tht_tripgen_20260212_234749/logs/scalars.csv
scalar_point,strategy_tht_scalars,scalars,flow/layer_logdet_mean_2,step,29,0.0006957332952879369,float,ok,outputs/save_data/ryc/tht_tripgen_20260212_234749/logs/scalars.csv
scalar_point,strategy_tht_scalars,scalars,flow/layer_logdet_std_2,step,29,0.07060205936431885,float,ok,outputs/save_data/ryc/tht_tripgen_20260212_234749/logs/scalars.csv
scalar_point,strategy_tht_scalars,scalars,flow/layer_logdet_mean_1,step,29,-0.006651420146226883,float,ok,outputs/save_data/ryc/tht_tripgen_20260212_234749/logs/scalars.csv
scalar_point,strategy_tht_scalars,scalars,flow/layer_logdet_std_1,step,29,0.11640369147062302,float,ok,outputs/save_data/ryc/tht_tripgen_20260212_234749/logs/scalars.csv
scalar_point,strategy_tht_scalars,scalars,flow/layer_logdet_mean_0,step,29,0.0019363929750397801,float,ok,outputs/save_data/ryc/tht_tripgen_20260212_234749/logs/scalars.csv
scalar_point,strategy_tht_scalars,scalars,flow/layer_logdet_std_0,step,29,0.13948115706443787,float,ok,outputs/save_data/ryc/tht_tripgen_20260212_234749/logs/scalars.csv
scalar_point,strategy_tht_scalars,scalars,train/nll_total,step,30,11.750235557556152,float,ok,outputs/save_data/ryc/tht_tripgen_20260212_234749/logs/scalars.csv
scalar_point,strategy_tht_scalars,scalars,train/nll_h,step,30,2.9746997356414795,float,ok,outputs/save_data/ryc/tht_tripgen_20260212_234749/logs/scalars.csv
scalar_point,strategy_tht_scalars,scalars,train/nll_o,step,30,3.789320707321167,float,ok,outputs/save_data/ryc/tht_tripgen_20260212_234749/logs/scalars.csv
scalar_point,strategy_tht_scalars,scalars,train/nll_d,step,30,3.8417134284973145,float,ok,outputs/save_data/ryc/tht_tripgen_20260212_234749/logs/scalars.csv
scalar_point,strategy_tht_scalars,scalars,train/nll_r,step,30,-0.004241333343088627,float,ok,outputs/save_data/ryc/tht_tripgen_20260212_234749/logs/scalars.csv
scalar_point,strategy_tht_scalars,scalars,train/nll_passenger,step,30,0.766552209854126,float,ok,outputs/save_data/ryc/tht_tripgen_20260212_234749/logs/scalars.csv
scalar_point,strategy_tht_scalars,scalars,train/nll_total_amount,step,30,0.38219237327575684,float,ok,outputs/save_data/ryc/tht_tripgen_20260212_234749/logs/scalars.csv
scalar_point,strategy_tht_scalars,scalars,val/nll_total,step,30,11.737275123596191,float,ok,outputs/save_data/ryc/tht_tripgen_20260212_234749/logs/scalars.csv
scalar_point,strategy_tht_scalars,scalars,val/nll_h,step,30,2.9785587787628174,float,ok,outputs/save_data/ryc/tht_tripgen_20260212_234749/logs/scalars.csv
scalar_point,strategy_tht_scalars,scalars,val/nll_o,step,30,3.7817916870117188,float,ok,outputs/save_data/ryc/tht_tripgen_20260212_234749/logs/scalars.csv
scalar_point,strategy_tht_scalars,scalars,val/nll_d,step,30,3.838168144226074,float,ok,outputs/save_data/ryc/tht_tripgen_20260212_234749/logs/scalars.csv
scalar_point,strategy_tht_scalars,scalars,val/nll_r,step,30,-0.003481832332909107,float,ok,outputs/save_data/ryc/tht_tripgen_20260212_234749/logs/scalars.csv
scalar_point,strategy_tht_scalars,scalars,val/nll_passenger,step,30,0.7473950386047363,float,ok,outputs/save_data/ryc/tht_tripgen_20260212_234749/logs/scalars.csv
scalar_point,strategy_tht_scalars,scalars,val/nll_total_amount,step,30,0.39484360814094543,float,ok,outputs/save_data/ryc/tht_tripgen_20260212_234749/logs/scalars.csv
scalar_point,strategy_tht_scalars,scalars,train/grad_norm,step,30,1.1374550160046786,float,ok,outputs/save_data/ryc/tht_tripgen_20260212_234749/logs/scalars.csv
scalar_point,strategy_tht_scalars,scalars,train/param_norm,step,30,174.61231118852675,float,ok,outputs/save_data/ryc/tht_tripgen_20260212_234749/logs/scalars.csv
scalar_point,strategy_tht_scalars,scalars,flow/layer_logdet_mean_4,step,30,0.011093408800661564,float,ok,outputs/save_data/ryc/tht_tripgen_20260212_234749/logs/scalars.csv
scalar_point,strategy_tht_scalars,scalars,flow/layer_logdet_std_4,step,30,0.1519475281238556,float,ok,outputs/save_data/ryc/tht_tripgen_20260212_234749/logs/scalars.csv
scalar_point,strategy_tht_scalars,scalars,flow/layer_logdet_mean_3,step,30,-0.007500373758375645,float,ok,outputs/save_data/ryc/tht_tripgen_20260212_234749/logs/scalars.csv
scalar_point,strategy_tht_scalars,scalars,flow/layer_logdet_std_3,step,30,0.06858570873737335,float,ok,outputs/save_data/ryc/tht_tripgen_20260212_234749/logs/scalars.csv
scalar_point,strategy_tht_scalars,scalars,flow/layer_logdet_mean_2,step,30,0.0007183636189438403,float,ok,outputs/save_data/ryc/tht_tripgen_20260212_234749/logs/scalars.csv
scalar_point,strategy_tht_scalars,scalars,flow/layer_logdet_std_2,step,30,0.07022880017757416,float,ok,outputs/save_data/ryc/tht_tripgen_20260212_234749/logs/scalars.csv
scalar_point,strategy_tht_scalars,scalars,flow/layer_logdet_mean_1,step,30,-0.008980249054729939,float,ok,outputs/save_data/ryc/tht_tripgen_20260212_234749/logs/scalars.csv
scalar_point,strategy_tht_scalars,scalars,flow/layer_logdet_std_1,step,30,0.12035071849822998,float,ok,outputs/save_data/ryc/tht_tripgen_20260212_234749/logs/scalars.csv
scalar_point,strategy_tht_scalars,scalars,flow/layer_logdet_mean_0,step,30,0.003474116325378418,float,ok,outputs/save_data/ryc/tht_tripgen_20260212_234749/logs/scalars.csv
scalar_point,strategy_tht_scalars,scalars,flow/layer_logdet_std_0,step,30,0.14288455247879028,float,ok,outputs/save_data/ryc/tht_tripgen_20260212_234749/logs/scalars.csv
scalar_point,strategy_tht_scalars,scalars,metrics/n_real,step,30,5000.0,float,ok,outputs/save_data/ryc/tht_tripgen_20260212_234749/logs/scalars.csv
scalar_point,strategy_tht_scalars,scalars,metrics/n_synth,step,30,5000.0,float,ok,outputs/save_data/ryc/tht_tripgen_20260212_234749/logs/scalars.csv
scalar_point,strategy_tht_scalars,scalars,metrics/hour_of_day_jsd,step,30,0.0008112127328035244,float,ok,outputs/save_data/ryc/tht_tripgen_20260212_234749/logs/scalars.csv
scalar_point,strategy_tht_scalars,scalars,metrics/hour_of_day_chi2,step,30,0.00717913344691644,float,ok,outputs/save_data/ryc/tht_tripgen_20260212_234749/logs/scalars.csv
scalar_point,strategy_tht_scalars,scalars,metrics/day_of_week_jsd,step,30,0.0,float,ok,outputs/save_data/ryc/tht_tripgen_20260212_234749/logs/scalars.csv
scalar_point,strategy_tht_scalars,scalars,metrics/day_of_week_chi2,step,30,0.0,float,ok,outputs/save_data/ryc/tht_tripgen_20260212_234749/logs/scalars.csv
scalar_point,strategy_tht_scalars,scalars,metrics/pickup_id_jsd,step,30,0.010062914423424165,float,ok,outputs/save_data/ryc/tht_tripgen_20260212_234749/logs/scalars.csv
scalar_point,strategy_tht_scalars,scalars,metrics/pickup_id_chi2,step,30,2920000.044851788,float,ok,outputs/save_data/ryc/tht_tripgen_20260212_234749/logs/scalars.csv
scalar_point,strategy_tht_scalars,scalars,metrics/dropoff_id_jsd,step,30,0.01133800391131359,float,ok,outputs/save_data/ryc/tht_tripgen_20260212_234749/logs/scalars.csv
scalar_point,strategy_tht_scalars,scalars,metrics/dropoff_id_chi2,step,30,3400000.0500568994,float,ok,outputs/save_data/ryc/tht_tripgen_20260212_234749/logs/scalars.csv
scalar_point,strategy_tht_scalars,scalars,metrics/od_jsd,step,30,0.17573050176714927,float,ok,outputs/save_data/ryc/tht_tripgen_20260212_234749/logs/scalars.csv
scalar_point,strategy_tht_scalars,scalars,metrics/od_chi2,step,30,61880000.62059655,float,ok,outputs/save_data/ryc/tht_tripgen_20260212_234749/logs/scalars.csv
scalar_point,strategy_tht_scalars,scalars,metrics/od_coverage_real,step,30,0.6200309757356737,float,ok,outputs/save_data/ryc/tht_tripgen_20260212_234749/logs/scalars.csv
scalar_point,strategy_tht_scalars,scalars,metrics/od_coverage_synth,step,30,0.5999000999000998,float,ok,outputs/save_data/ryc/tht_tripgen_20260212_234749/logs/scalars.csv
scalar_point,strategy_tht_scalars,scalars,metrics/od_unique_real,step,30,1937.0,float,ok,outputs/save_data/ryc/tht_tripgen_20260212_234749/logs/scalars.csv
scalar_point,strategy_tht_scalars,scalars,metrics/od_unique_synth,step,30,2002.0,float,ok,outputs/save_data/ryc/tht_tripgen_20260212_234749/logs/scalars.csv
scalar_point,strategy_tht_scalars,scalars,metrics/time_jsd,step,30,0.007458876741833588,float,ok,outputs/save_data/ryc/tht_tripgen_20260212_234749/logs/scalars.csv
scalar_point,strategy_tht_scalars,scalars,metrics/time_chi2,step,30,1000000.0727624004,float,ok,outputs/save_data/ryc/tht_tripgen_20260212_234749/logs/scalars.csv
scalar_point,strategy_tht_scalars,scalars,metrics/time_coverage_real,step,30,0.9859154929577465,float,ok,outputs/save_data/ryc/tht_tripgen_20260212_234749/logs/scalars.csv
scalar_point,strategy_tht_scalars,scalars,metrics/time_coverage_synth,step,30,0.9859154929577465,float,ok,outputs/save_data/ryc/tht_tripgen_20260212_234749/logs/scalars.csv
scalar_point,strategy_tht_scalars,scalars,metrics/time_unique_real,step,30,142.0,float,ok,outputs/save_data/ryc/tht_tripgen_20260212_234749/logs/scalars.csv
scalar_point,strategy_tht_scalars,scalars,metrics/time_unique_synth,step,30,142.0,float,ok,outputs/save_data/ryc/tht_tripgen_20260212_234749/logs/scalars.csv
scalar_point,strategy_tht_scalars,scalars,metrics/joint_jsd,step,30,0.6593841327039865,float,ok,outputs/save_data/ryc/tht_tripgen_20260212_234749/logs/scalars.csv
scalar_point,strategy_tht_scalars,scalars,metrics/joint_chi2,step,30,200240000.9544,float,ok,outputs/save_data/ryc/tht_tripgen_20260212_234749/logs/scalars.csv
scalar_point,strategy_tht_scalars,scalars,metrics/joint_coverage_real,step,30,0.04826453070445677,float,ok,outputs/save_data/ryc/tht_tripgen_20260212_234749/logs/scalars.csv
scalar_point,strategy_tht_scalars,scalars,metrics/joint_coverage_synth,step,30,0.04802779480891069,float,ok,outputs/save_data/ryc/tht_tripgen_20260212_234749/logs/scalars.csv
scalar_point,strategy_tht_scalars,scalars,metrics/joint_unique_real,step,30,4869.0,float,ok,outputs/save_data/ryc/tht_tripgen_20260212_234749/logs/scalars.csv
scalar_point,strategy_tht_scalars,scalars,metrics/joint_unique_synth,step,30,4893.0,float,ok,outputs/save_data/ryc/tht_tripgen_20260212_234749/logs/scalars.csv
scalar_point,strategy_tht_scalars,scalars,metrics/joint_mode_dropping_ratio,step,30,0.9517354692955432,float,ok,outputs/save_data/ryc/tht_tripgen_20260212_234749/logs/scalars.csv
scalar_point,strategy_tht_scalars,scalars,metrics/joint_invalid_ratio,step,30,0.9519722051910893,float,ok,outputs/save_data/ryc/tht_tripgen_20260212_234749/logs/scalars.csv
